2025-09-10 18:45:20 [main] INFO  performance - Peso de frasesOriginales: 
|====== Layout Interno ======|
java.util.ArrayList object internals:
OFF  SZ                 TYPE DESCRIPTION               VALUE
  0   8                      (object header: mark)     0x00000047a64f7d01 (hash: 0x47a64f7d; age: 0)
  8   4                      (object header: class)    0x000ba5e0
 12   4                  int AbstractList.modCount     50
 16   4                  int ArrayList.size            50
 20   4   java.lang.Object[] ArrayList.elementData     [(object), (object), (object), (object), (object), (object), (object), (object), (object), (object), (object), (object), (object), (object), (object), (object), (object), (object), (object), (object), (object), (object), (object), (object), (object), (object), (object), (object), (object), (object), (object), (object), (object), (object), (object), (object), (object), (object), (object), (object), (object), (object), (object), (object), (object), (object), (object), (object), (object), (object), null, null, null, null, null, null, null, null, null, null, null, null, null, null, null, null, null, null, null, null, null, null, null]
Instance size: 24 bytes
Space losses: 0 bytes internal + 0 bytes external = 0 bytes total

|====== Layout con Referencias ======|
java.util.ArrayList@47a64f7dd object externals:
          ADDRESS       SIZE TYPE                PATH                           VALUE
        620c1f5a8         24 java.util.ArrayList                                (object)
        620c1f5c0     143496 (something else)    (somewhere else)               (something else)
        620c42648         16 model.Frase         .elementData[0]                (object)
        620c42658         48 (something else)    (somewhere else)               (something else)
        620c42688         24 java.lang.String    .elementData[0].q              (object)
        620c426a0         64 [B                  .elementData[0].q.value        [67, 104, 111, 111, 115, 101, 32, 116, 111, 32, 98, 101, 32, 111, 112, 116, 105, 109, 105, 115, 116, 105, 99, 44, 32, 105, 116, 32, 102, 101, 101, 108, 115, 32, 98, 101, 116, 116, 101, 114, 46]
        620c426e0       2504 (something else)    (somewhere else)               (something else)
        620c430a8         16 model.Frase         .elementData[1]                (object)
        620c430b8         48 (something else)    (somewhere else)               (something else)
        620c430e8         24 java.lang.String    .elementData[1].q              (object)
        620c43100         64 [B                  .elementData[1].q.value        [78, 111, 32, 109, 97, 110, 32, 105, 115, 32, 109, 111, 114, 101, 32, 99, 104, 101, 97, 116, 101, 100, 32, 116, 104, 97, 110, 32, 116, 104, 101, 32, 115, 101, 108, 102, 105, 115, 104, 32, 109, 97, 110, 46]
        620c43140        168 (something else)    (somewhere else)               (something else)
        620c431e8         16 model.Frase         .elementData[2]                (object)
        620c431f8         48 (something else)    (somewhere else)               (something else)
        620c43228         24 java.lang.String    .elementData[2].q              (object)
        620c43240         64 [B                  .elementData[2].q.value        [76, 105, 102, 101, 32, 105, 115, 32, 97, 32, 99, 111, 110, 115, 116, 97, 110, 116, 32, 115, 101, 114, 105, 101, 115, 32, 111, 102, 32, 111, 112, 112, 111, 114, 116, 117, 110, 105, 116, 105, 101, 115, 46]
        620c43280        168 (something else)    (somewhere else)               (something else)
        620c43328         16 model.Frase         .elementData[3]                (object)
        620c43338         48 (something else)    (somewhere else)               (something else)
        620c43368         24 java.lang.String    .elementData[3].q              (object)
        620c43380         88 [B                  .elementData[3].q.value        [73, 102, 32, 121, 111, 117, 39, 118, 101, 32, 110, 101, 118, 101, 114, 32, 101, 97, 116, 101, 110, 32, 119, 104, 105, 108, 101, 32, 99, 114, 121, 105, 110, 103, 32, 121, 111, 117, 32, 100, 111, 110, 32, 116, 32, 107, 110, 111, 119, 32, 119, 104, 97, 116, 32, 108, 105, 102, 101, 32, 116, 97, 115, 116, 101, 115, 32, 108, 105, 107, 101, 46]
        620c433d8        168 (something else)    (somewhere else)               (something else)
        620c43480         16 model.Frase         .elementData[4]                (object)
        620c43490         48 (something else)    (somewhere else)               (something else)
        620c434c0         24 java.lang.String    .elementData[4].q              (object)
        620c434d8         96 [B                  .elementData[4].q.value        [84, 114, 101, 97, 116, 32, 101, 118, 101, 114, 121, 32, 109, 111, 109, 101, 110, 116, 32, 97, 115, 32, 121, 111, 117, 114, 32, 108, 97, 115, 116, 46, 32, 73, 116, 32, 105, 115, 32, 110, 111, 116, 32, 112, 114, 101, 112, 97, 114, 97, 116, 105, 111, 110, 32, 102, 111, 114, 32, 115, 111, 109, 101, 116, 104, 105, 110, 103, 32, 101, 108, 115, 101, 46]
        620c43538        168 (something else)    (somewhere else)               (something else)
        620c435e0         16 model.Frase         .elementData[5]                (object)
        620c435f0         48 (something else)    (somewhere else)               (something else)
        620c43620         24 java.lang.String    .elementData[5].q              (object)
        620c43638        112 [B                  .elementData[5].q.value        [68, 97, 114, 107, 110, 101, 115, 115, 32, 109, 117, 115, 116, 32, 112, 97, 115, 115, 46, 32, 65, 32, 110, 101, 119, 32, 100, 97, 121, 32, 119, 105, 108, 108, 32, 99, 111, 109, 101, 46, 32, 65, 110, 100, 32, 119, 104, 101, 110, 32, 116, 104, 101, 32, 115, 117, 110, 32, 115, 104, 105, 110, 101, 115, 44, 32, 105, 116, 32, 119, 105, 108, 108, 32, 115, 104, 105, 110, 101, 32, 111, 117, 116, 32, 116, 104, 101, 32, 99, 108, 101, 97, 114, 101, 114, 46]
        620c436a8        168 (something else)    (somewhere else)               (something else)
        620c43750         16 model.Frase         .elementData[6]                (object)
        620c43760         48 (something else)    (somewhere else)               (something else)
        620c43790         24 java.lang.String    .elementData[6].q              (object)
        620c437a8         64 [B                  .elementData[6].q.value        [65, 108, 108, 32, 104, 97, 112, 112, 105, 110, 101, 115, 115, 32, 100, 101, 112, 101, 110, 100, 115, 32, 111, 110, 32, 99, 111, 117, 114, 97, 103, 101, 32, 97, 110, 100, 32, 119, 111, 114, 107, 46]
        620c437e8        168 (something else)    (somewhere else)               (something else)
        620c43890         16 model.Frase         .elementData[7]                (object)
        620c438a0         48 (something else)    (somewhere else)               (something else)
        620c438d0         24 java.lang.String    .elementData[7].q              (object)
        620c438e8         64 [B                  .elementData[7].q.value        [76, 105, 102, 101, 32, 105, 115, 32, 111, 110, 101, 32, 108, 111, 110, 103, 32, 112, 114, 111, 99, 101, 115, 115, 32, 111, 102, 32, 103, 101, 116, 116, 105, 110, 103, 32, 116, 105, 114, 101, 100, 46]
        620c43928        168 (something else)    (somewhere else)               (something else)
        620c439d0         16 model.Frase         .elementData[8]                (object)
        620c439e0         48 (something else)    (somewhere else)               (something else)
        620c43a10         24 java.lang.String    .elementData[8].q              (object)
        620c43a28         56 [B                  .elementData[8].q.value        [76, 105, 118, 101, 32, 121, 111, 117, 114, 32, 108, 105, 102, 101, 32, 97, 110, 100, 32, 102, 111, 114, 103, 101, 116, 32, 121, 111, 117, 114, 32, 97, 103, 101, 46]
        620c43a60        168 (something else)    (somewhere else)               (something else)
        620c43b08         16 model.Frase         .elementData[9]                (object)
        620c43b18         48 (something else)    (somewhere else)               (something else)
        620c43b48         24 java.lang.String    .elementData[9].q              (object)
        620c43b60        160 [B                  .elementData[9].q.value        [83, 99, 97, 114, 101, 100, 32, 112, 101, 111, 112, 108, 101, 32, 119, 97, 110, 116, 32, 99, 111, 109, 102, 111, 114, 116, 32, 97, 110, 100, 32, 99, 101, 114, 116, 97, 105, 110, 116, 121, 32, 115, 111, 32, 116, 104, 101, 121, 32, 97, 118, 111, 105, 100, 32, 102, 97, 105, 108, 117, 114, 101, 46, 32, 80, 101, 111, 112, 108, 101, 32, 108, 105, 118, 105, 110, 103, 32, 102, 117, 108, 108, 121, 32, 115, 101, 101, 107, 32, 99, 104, 97, 108, 108, 101, 110, 103, 101, 115, 32, 98, 101, 99, 97, 117, 115, 101, 32, 116, 104, 105, 115, 32, 105, 115, 32, 119, 104, 101, 114, 101, 32, 116, 104, 101, 121, 32, 102, 101, 101, 108, 32, 97, 108, 105, 118, 101, 46]
        620c43c00        168 (something else)    (somewhere else)               (something else)
        620c43ca8         16 model.Frase         .elementData[10]               (object)
        620c43cb8         48 (something else)    (somewhere else)               (something else)
        620c43ce8         24 java.lang.String    .elementData[10].q             (object)
        620c43d00         96 [B                  .elementData[10].q.value       [77, 101, 100, 105, 116, 97, 116, 101, 46, 32, 73, 116, 32, 119, 111, 110, 39, 116, 32, 98, 101, 32, 102, 117, 110, 32, 98, 117, 116, 32, 105, 116, 32, 119, 105, 108, 108, 32, 115, 117, 114, 102, 97, 99, 101, 32, 119, 104, 97, 116, 32, 121, 111, 117, 32, 110, 101, 101, 100, 32, 116, 111, 32, 100, 101, 97, 108, 32, 119, 105, 116, 104, 46]
        620c43d60        248 (something else)    (somewhere else)               (something else)
        620c43e58         16 model.Frase         .elementData[11]               (object)
        620c43e68         48 (something else)    (somewhere else)               (something else)
        620c43e98         24 java.lang.String    .elementData[11].q             (object)
        620c43eb0        120 [B                  .elementData[11].q.value       [84, 104, 101, 32, 100, 101, 103, 114, 101, 101, 32, 111, 102, 32, 114, 101, 115, 112, 111, 110, 115, 105, 98, 105, 108, 105, 116, 121, 32, 121, 111, 117, 32, 116, 97, 107, 101, 32, 102, 111, 114, 32, 121, 111, 117, 114, 32, 108, 105, 102, 101, 32, 100, 101, 116, 101, 114, 109, 105, 110, 101, 115, 32, 104, 111, 119, 32, 109, 117, 99, 104, 32, 99, 104, 97, 110, 103, 101, 32, 121, 111, 117, 32, 99, 97, 110, 32, 99, 114, 101, 97, 116, 101, 32, 105, 110, 32, 105, 116, 46]
        620c43f28        168 (something else)    (somewhere else)               (something else)
        620c43fd0         16 model.Frase         .elementData[12]               (object)
        620c43fe0         48 (something else)    (somewhere else)               (something else)
        620c44010         24 java.lang.String    .elementData[12].q             (object)
        620c44028         96 [B                  .elementData[12].q.value       [68, 111, 32, 119, 104, 97, 116, 32, 121, 111, 117, 32, 102, 101, 101, 108, 32, 105, 110, 32, 121, 111, 117, 114, 32, 104, 101, 97, 114, 116, 32, 116, 111, 32, 98, 101, 32, 114, 105, 103, 104, 116, 32, 45, 32, 102, 111, 114, 32, 121, 111, 117, 39, 108, 108, 32, 98, 101, 32, 99, 114, 105, 116, 105, 99, 105, 122, 101, 100, 32, 97, 110, 121, 119, 97, 121, 46]
        620c44088        168 (something else)    (somewhere else)               (something else)
        620c44130         16 model.Frase         .elementData[13]               (object)
        620c44140         48 (something else)    (somewhere else)               (something else)
        620c44170         24 java.lang.String    .elementData[13].q             (object)
        620c44188        120 [B                  .elementData[13].q.value       [87, 101, 32, 99, 97, 110, 32, 101, 105, 116, 104, 101, 114, 32, 97, 100, 100, 32, 116, 111, 32, 111, 117, 114, 32, 99, 104, 97, 114, 97, 99, 116, 101, 114, 32, 101, 97, 99, 104, 32, 100, 97, 121, 44, 32, 111, 114, 32, 119, 101, 32, 99, 97, 110, 32, 102, 114, 105, 116, 116, 101, 114, 32, 97, 119, 97, 121, 32, 111, 117, 114, 32, 101, 110, 101, 114, 103, 105, 101, 115, 32, 105, 110, 32, 100, 105, 115, 116, 114, 97, 99, 116, 105, 111, 110, 115, 46]
        620c44200        168 (something else)    (somewhere else)               (something else)
        620c442a8         16 model.Frase         .elementData[14]               (object)
        620c442b8         48 (something else)    (somewhere else)               (something else)
        620c442e8         24 java.lang.String    .elementData[14].q             (object)
        620c44300         56 [B                  .elementData[14].q.value       [89, 111, 117, 39, 108, 108, 32, 115, 101, 101, 32, 105, 116, 32, 119, 104, 101, 110, 32, 121, 111, 117, 32, 98, 101, 108, 105, 101, 118, 101, 32, 105, 116, 46, 32]
        620c44338        168 (something else)    (somewhere else)               (something else)
        620c443e0         16 model.Frase         .elementData[15]               (object)
        620c443f0         48 (something else)    (somewhere else)               (something else)
        620c44420         24 java.lang.String    .elementData[15].q             (object)
        620c44438         88 [B                  .elementData[15].q.value       [78, 101, 118, 101, 114, 32, 114, 101, 103, 114, 101, 116, 32, 121, 111, 117, 114, 32, 112, 97, 115, 116, 46, 32, 82, 97, 116, 104, 101, 114, 44, 32, 101, 109, 98, 114, 97, 99, 101, 32, 105, 116, 32, 97, 115, 32, 116, 104, 101, 32, 116, 101, 97, 99, 104, 101, 114, 32, 116, 104, 97, 116, 32, 105, 116, 32, 105, 115, 46]
        620c44490        272 (something else)    (somewhere else)               (something else)
        620c445a0         16 model.Frase         .elementData[16]               (object)
        620c445b0         48 (something else)    (somewhere else)               (something else)
        620c445e0         24 java.lang.String    .elementData[16].q             (object)
        620c445f8         80 [B                  .elementData[16].q.value       [84, 104, 101, 32, 112, 111, 119, 101, 114, 32, 111, 102, 32, 109, 97, 110, 32, 104, 97, 115, 32, 103, 114, 111, 119, 110, 32, 105, 110, 32, 101, 118, 101, 114, 121, 32, 115, 112, 104, 101, 114, 101, 44, 32, 101, 120, 99, 101, 112, 116, 32, 111, 118, 101, 114, 32, 104, 105, 109, 115, 101, 108, 102, 46]
        620c44648        168 (something else)    (somewhere else)               (something else)
        620c446f0         16 model.Frase         .elementData[17]               (object)
        620c44700         48 (something else)    (somewhere else)               (something else)
        620c44730         24 java.lang.String    .elementData[17].q             (object)
        620c44748        120 [B                  .elementData[17].q.value       [66, 101, 32, 116, 104, 101, 32, 114, 101, 97, 115, 111, 110, 32, 115, 111, 109, 101, 111, 110, 101, 32, 115, 109, 105, 108, 101, 115, 46, 32, 66, 101, 32, 116, 104, 101, 32, 114, 101, 97, 115, 111, 110, 32, 115, 111, 109, 101, 111, 110, 101, 32, 102, 101, 101, 108, 115, 32, 108, 111, 118, 101, 100, 32, 97, 110, 100, 32, 98, 101, 108, 105, 101, 118, 101, 115, 32, 105, 110, 32, 116, 104, 101, 32, 103, 111, 111, 100, 110, 101, 115, 115, 32, 105, 110, 32, 112, 101, 111, 112, 108, 101, 46]
        620c447c0        168 (something else)    (somewhere else)               (something else)
        620c44868         16 model.Frase         .elementData[18]               (object)
        620c44878         48 (something else)    (somewhere else)               (something else)
        620c448a8         24 java.lang.String    .elementData[18].q             (object)
        620c448c0        120 [B                  .elementData[18].q.value       [84, 104, 101, 32, 115, 101, 99, 114, 101, 116, 32, 111, 102, 32, 99, 104, 97, 110, 103, 101, 32, 105, 115, 32, 116, 111, 32, 102, 111, 99, 117, 115, 32, 97, 108, 108, 32, 121, 111, 117, 114, 32, 101, 110, 101, 114, 103, 121, 32, 110, 111, 116, 32, 111, 110, 32, 102, 105, 103, 104, 116, 105, 110, 103, 32, 116, 104, 101, 32, 111, 108, 100, 44, 32, 98, 117, 116, 32, 111, 110, 32, 98, 117, 105, 108, 100, 105, 110, 103, 32, 116, 104, 101, 32, 110, 101, 119, 46]
        620c44938        168 (something else)    (somewhere else)               (something else)
        620c449e0         16 model.Frase         .elementData[19]               (object)
        620c449f0        248 (something else)    (somewhere else)               (something else)
        620c44ae8         24 java.lang.String    .elementData[19].q             (object)
        620c44b00         88 [B                  .elementData[19].q.value       [84, 104, 101, 32, 100, 101, 101, 112, 101, 114, 32, 116, 104, 101, 32, 116, 114, 117, 116, 104, 32, 105, 110, 32, 97, 32, 99, 114, 101, 97, 116, 105, 118, 101, 32, 119, 111, 114, 107, 44, 32, 116, 104, 101, 32, 108, 111, 110, 103, 101, 114, 32, 105, 116, 32, 119, 105, 108, 108, 32, 108, 105, 118, 101, 46, 32, 32]
        620c44b58        168 (something else)    (somewhere else)               (something else)
        620c44c00         16 model.Frase         .elementData[20]               (object)
        620c44c10         48 (something else)    (somewhere else)               (something else)
        620c44c40         24 java.lang.String    .elementData[20].q             (object)
        620c44c58         72 [B                  .elementData[20].q.value       [84, 111, 32, 97, 32, 109, 105, 110, 100, 32, 116, 104, 97, 116, 32, 105, 115, 32, 115, 116, 105, 108, 108, 44, 32, 116, 104, 101, 32, 101, 110, 116, 105, 114, 101, 32, 117, 110, 105, 118, 101, 114, 115, 101, 32, 115, 117, 114, 114, 101, 110, 100, 101, 114, 115, 46]
        620c44ca0        168 (something else)    (somewhere else)               (something else)
        620c44d48         16 model.Frase         .elementData[21]               (object)
        620c44d58         48 (something else)    (somewhere else)               (something else)
        620c44d88         24 java.lang.String    .elementData[21].q             (object)
        620c44da0         88 [B                  .elementData[21].q.value       [86, 105, 99, 116, 111, 114, 121, 32, 105, 115, 32, 97, 108, 119, 97, 121, 115, 32, 112, 111, 115, 115, 105, 98, 108, 101, 32, 102, 111, 114, 32, 116, 104, 101, 32, 112, 101, 114, 115, 111, 110, 32, 119, 104, 111, 32, 114, 101, 102, 117, 115, 101, 115, 32, 116, 111, 32, 115, 116, 111, 112, 32, 102, 105, 103, 104, 116, 105, 110, 103, 46]
        620c44df8        168 (something else)    (somewhere else)               (something else)
        620c44ea0         16 model.Frase         .elementData[22]               (object)
        620c44eb0         48 (something else)    (somewhere else)               (something else)
        620c44ee0         24 java.lang.String    .elementData[22].q             (object)
        620c44ef8         96 [B                  .elementData[22].q.value       [68, 111, 32, 110, 111, 116, 32, 98, 101, 108, 105, 101, 118, 101, 32, 116, 104, 97, 116, 32, 121, 111, 117, 32, 119, 105, 108, 108, 32, 114, 101, 97, 99, 104, 32, 121, 111, 117, 114, 32, 100, 101, 115, 116, 105, 110, 97, 116, 105, 111, 110, 32, 119, 105, 116, 104, 111, 117, 116, 32, 108, 101, 97, 118, 105, 110, 103, 32, 116, 104, 101, 32, 115, 104, 111, 114, 101, 46, 32]
        620c44f58        320 (something else)    (somewhere else)               (something else)
        620c45098         16 model.Frase         .elementData[23]               (object)
        620c450a8        216 (something else)    (somewhere else)               (something else)
        620c45180         24 java.lang.String    .elementData[23].q             (object)
        620c45198        104 [B                  .elementData[23].q.value       [84, 104, 101, 32, 119, 111, 114, 108, 100, 32, 111, 110, 108, 121, 32, 101, 120, 105, 115, 116, 115, 32, 105, 110, 32, 121, 111, 117, 114, 32, 101, 121, 101, 115, 46, 32, 89, 111, 117, 32, 99, 97, 110, 32, 109, 97, 107, 101, 32, 105, 116, 32, 97, 115, 32, 98, 105, 103, 32, 111, 114, 32, 97, 115, 32, 115, 109, 97, 108, 108, 32, 97, 115, 32, 121, 111, 117, 32, 119, 97, 110, 116, 46]
        620c45200        168 (something else)    (somewhere else)               (something else)
        620c452a8         16 model.Frase         .elementData[24]               (object)
        620c452b8         48 (something else)    (somewhere else)               (something else)
        620c452e8         24 java.lang.String    .elementData[24].q             (object)
        620c45300        112 [B                  .elementData[24].q.value       [83, 111, 109, 101, 32, 111, 102, 32, 117, 115, 32, 108, 101, 97, 114, 110, 32, 102, 114, 111, 109, 32, 111, 116, 104, 101, 114, 32, 112, 101, 111, 112, 108, 101, 39, 115, 32, 109, 105, 115, 116, 97, 107, 101, 115, 32, 97, 110, 100, 32, 116, 104, 101, 32, 114, 101, 115, 116, 32, 111, 102, 32, 117, 115, 32, 104, 97, 118, 101, 32, 116, 111, 32, 98, 101, 32, 111, 116, 104, 101, 114, 32, 112, 101, 111, 112, 108, 101, 46, 32, 32]
        620c45370        168 (something else)    (somewhere else)               (something else)
        620c45418         16 model.Frase         .elementData[25]               (object)
        620c45428         48 (something else)    (somewhere else)               (something else)
        620c45458         24 java.lang.String    .elementData[25].q             (object)
        620c45470         48 [B                  .elementData[25].q.value       [80, 97, 116, 104, 115, 32, 97, 114, 101, 32, 109, 97, 100, 101, 32, 98, 121, 32, 119, 97, 108, 107, 105, 110, 103, 46]
        620c454a0        168 (something else)    (somewhere else)               (something else)
        620c45548         16 model.Frase         .elementData[26]               (object)
        620c45558         48 (something else)    (somewhere else)               (something else)
        620c45588         24 java.lang.String    .elementData[26].q             (object)
        620c455a0         56 [B                  .elementData[26].q.value       [65, 110, 120, 105, 101, 116, 121, 32, 105, 115, 32, 116, 104, 101, 32, 100, 105, 122, 122, 105, 110, 101, 115, 115, 32, 111, 102, 32, 102, 114, 101, 101, 100, 111, 109, 46]
        620c455d8        168 (something else)    (somewhere else)               (something else)
        620c45680         16 model.Frase         .elementData[27]               (object)
        620c45690        216 (something else)    (somewhere else)               (something else)
        620c45768         24 java.lang.String    .elementData[27].q             (object)
        620c45780        120 [B                  .elementData[27].q.value       [80, 114, 111, 103, 114, 101, 115, 115, 32, 105, 115, 32, 105, 109, 112, 111, 115, 115, 105, 98, 108, 101, 32, 119, 105, 116, 104, 111, 117, 116, 32, 99, 104, 97, 110, 103, 101, 44, 32, 97, 110, 100, 32, 116, 104, 111, 115, 101, 32, 119, 104, 111, 32, 99, 97, 110, 110, 111, 116, 32, 99, 104, 97, 110, 103, 101, 32, 116, 104, 101, 105, 114, 32, 109, 105, 110, 100, 115, 32, 99, 97, 110, 110, 111, 116, 32, 99, 104, 97, 110, 103, 101, 32, 97, 110, 121, 116, 104, 105, 110, 103, 46]
        620c457f8        168 (something else)    (somewhere else)               (something else)
        620c458a0         16 model.Frase         .elementData[28]               (object)
        620c458b0         48 (something else)    (somewhere else)               (something else)
        620c458e0         24 java.lang.String    .elementData[28].q             (object)
        620c458f8         88 [B                  .elementData[28].q.value       [73, 102, 32, 121, 111, 117, 32, 100, 111, 32, 116, 104, 101, 32, 119, 111, 114, 107, 32, 121, 111, 117, 32, 103, 101, 116, 32, 114, 101, 119, 97, 114, 100, 101, 100, 46, 32, 84, 104, 101, 114, 101, 32, 97, 114, 101, 32, 110, 111, 32, 115, 104, 111, 114, 116, 99, 117, 116, 115, 32, 105, 110, 32, 108, 105, 102, 101, 46]
        620c45950        168 (something else)    (somewhere else)               (something else)
        620c459f8         16 model.Frase         .elementData[29]               (object)
        620c45a08         48 (something else)    (somewhere else)               (something else)
        620c45a38         24 java.lang.String    .elementData[29].q             (object)
        620c45a50        104 [B                  .elementData[29].q.value       [83, 111, 109, 101, 116, 105, 109, 101, 115, 32, 105, 116, 32, 105, 115, 32, 109, 111, 114, 101, 32, 105, 109, 112, 111, 114, 116, 97, 110, 116, 32, 116, 111, 32, 100, 105, 115, 99, 111, 118, 101, 114, 32, 119, 104, 97, 116, 32, 111, 110, 101, 32, 99, 97, 110, 110, 111, 116, 32, 100, 111, 44, 32, 116, 104, 97, 110, 32, 119, 104, 97, 116, 32, 111, 110, 101, 32, 99, 97, 110, 32, 100, 111, 46]
        620c45ab8        168 (something else)    (somewhere else)               (something else)
        620c45b60         16 model.Frase         .elementData[30]               (object)
        620c45b70         48 (something else)    (somewhere else)               (something else)
        620c45ba0         24 java.lang.String    .elementData[30].q             (object)
        620c45bb8        144 [B                  .elementData[30].q.value       [84, 104, 101, 114, 101, 32, 99, 97, 110, 32, 98, 101, 32, 110, 111, 32, 103, 114, 101, 97, 116, 101, 114, 32, 103, 105, 102, 116, 32, 116, 104, 97, 110, 32, 116, 104, 97, 116, 32, 111, 102, 32, 103, 105, 118, 105, 110, 103, 32, 111, 110, 101, 39, 115, 32, 116, 105, 109, 101, 32, 97, 110, 100, 32, 101, 110, 101, 114, 103, 121, 32, 116, 111, 32, 104, 101, 108, 112, 32, 111, 116, 104, 101, 114, 115, 32, 119, 105, 116, 104, 111, 117, 116, 32, 101, 120, 112, 101, 99, 116, 105, 110, 103, 32, 97, 110, 121, 116, 104, 105, 110, 103, 32, 105, 110, 32, 114, 101, 116, 117, 114, 110, 46]
        620c45c48        168 (something else)    (somewhere else)               (something else)
        620c45cf0         16 model.Frase         .elementData[31]               (object)
        620c45d00         48 (something else)    (somewhere else)               (something else)
        620c45d30         24 java.lang.String    .elementData[31].q             (object)
        620c45d48        112 [B                  .elementData[31].q.value       [80, 101, 111, 112, 108, 101, 32, 116, 101, 110, 100, 32, 116, 111, 32, 99, 111, 109, 112, 108, 105, 99, 97, 116, 101, 32, 116, 104, 101, 105, 114, 32, 111, 119, 110, 32, 108, 105, 118, 101, 115, 44, 32, 97, 115, 32, 105, 102, 32, 108, 105, 118, 105, 110, 103, 32, 119, 101, 114, 101, 110, 39, 116, 32, 97, 108, 114, 101, 97, 100, 121, 32, 99, 111, 109, 112, 108, 105, 99, 97, 116, 101, 100, 32, 101, 110, 111, 117, 103, 104, 46]
        620c45db8        168 (something else)    (somewhere else)               (something else)
        620c45e60         16 model.Frase         .elementData[32]               (object)
        620c45e70         48 (something else)    (somewhere else)               (something else)
        620c45ea0         24 java.lang.String    .elementData[32].q             (object)
        620c45eb8         64 [B                  .elementData[32].q.value       [87, 101, 32, 114, 117, 110, 32, 116, 111, 32, 119, 105, 110, 44, 32, 110, 111, 116, 32, 106, 117, 115, 116, 32, 116, 111, 32, 98, 101, 32, 105, 110, 32, 116, 104, 101, 32, 114, 97, 99, 101, 46, 32, 32]
        620c45ef8        168 (something else)    (somewhere else)               (something else)
        620c45fa0         16 model.Frase         .elementData[33]               (object)
        620c45fb0         48 (something else)    (somewhere else)               (something else)
        620c45fe0         24 java.lang.String    .elementData[33].q             (object)
        620c45ff8        112 [B                  .elementData[33].q.value       [76, 105, 102, 101, 32, 99, 111, 109, 101, 115, 32, 97, 116, 32, 117, 115, 32, 105, 110, 32, 119, 97, 118, 101, 115, 46, 32, 87, 101, 32, 99, 97, 110, 39, 116, 32, 112, 114, 101, 100, 105, 99, 116, 32, 111, 114, 32, 99, 111, 110, 116, 114, 111, 108, 32, 116, 104, 111, 115, 101, 32, 119, 97, 118, 101, 115, 44, 32, 98, 117, 116, 32, 119, 101, 32, 99, 97, 110, 32, 108, 101, 97, 114, 110, 32, 116, 111, 32, 115, 117, 114, 102, 46]
        620c46068        384 (something else)    (somewhere else)               (something else)
        620c461e8         16 model.Frase         .elementData[34]               (object)
        620c461f8        128 (something else)    (somewhere else)               (something else)
        620c46278         24 java.lang.String    .elementData[34].q             (object)
        620c46290         40 [B                  .elementData[34].q.value       [73, 32, 100, 111, 32, 110, 111, 116, 32, 115, 101, 101, 107, 46, 32, 73, 32, 102, 105, 110, 100, 46]
        620c462b8        168 (something else)    (somewhere else)               (something else)
        620c46360         16 model.Frase         .elementData[35]               (object)
        620c46370         48 (something else)    (somewhere else)               (something else)
        620c463a0         24 java.lang.String    .elementData[35].q             (object)
        620c463b8         80 [B                  .elementData[35].q.value       [84, 104, 101, 114, 101, 32, 105, 115, 32, 110, 111, 116, 104, 105, 110, 103, 32, 108, 105, 107, 101, 32, 108, 111, 111, 107, 105, 110, 103, 32, 105, 102, 32, 121, 111, 117, 32, 119, 97, 110, 116, 32, 116, 111, 32, 102, 105, 110, 100, 32, 115, 111, 109, 101, 116, 104, 105, 110, 103, 46]
        620c46408        168 (something else)    (somewhere else)               (something else)
        620c464b0         16 model.Frase         .elementData[36]               (object)
        620c464c0         48 (something else)    (somewhere else)               (something else)
        620c464f0         24 java.lang.String    .elementData[36].q             (object)
        620c46508         80 [B                  .elementData[36].q.value       [66, 101, 108, 105, 101, 118, 101, 32, 110, 111, 116, 104, 105, 110, 103, 32, 121, 111, 117, 32, 104, 101, 97, 114, 44, 32, 97, 110, 100, 32, 111, 110, 108, 121, 32, 111, 110, 101, 32, 104, 97, 108, 102, 32, 116, 104, 97, 116, 32, 121, 111, 117, 32, 115, 101, 101, 46]
        620c46558        168 (something else)    (somewhere else)               (something else)
        620c46600         16 model.Frase         .elementData[37]               (object)
        620c46610         48 (something else)    (somewhere else)               (something else)
        620c46640         24 java.lang.String    .elementData[37].q             (object)
        620c46658        104 [B                  .elementData[37].q.value       [68, 111, 32, 110, 111, 116, 32, 116, 114, 121, 32, 116, 111, 32, 98, 101, 32, 111, 110, 32, 116, 104, 101, 32, 115, 105, 100, 101, 32, 111, 102, 32, 116, 104, 101, 32, 109, 97, 106, 111, 114, 105, 116, 121, 44, 32, 98, 117, 116, 32, 108, 105, 118, 101, 32, 97, 99, 99, 111, 114, 100, 105, 110, 103, 32, 116, 111, 32, 121, 111, 117, 114, 32, 105, 110, 110, 101, 114, 32, 108, 97, 119, 115, 46]
        620c466c0        168 (something else)    (somewhere else)               (something else)
        620c46768         16 model.Frase         .elementData[38]               (object)
        620c46778         48 (something else)    (somewhere else)               (something else)
        620c467a8         24 java.lang.String    .elementData[38].q             (object)
        620c467c0         48 [B                  .elementData[38].q.value       [73, 39, 118, 101, 32, 97, 108, 119, 97, 121, 115, 32, 108, 105, 118, 101, 100, 32, 105, 110, 32, 116, 104, 101, 32, 109, 111, 109, 101, 110, 116, 46]
        620c467f0        168 (something else)    (somewhere else)               (something else)
        620c46898         16 model.Frase         .elementData[39]               (object)
        620c468a8         48 (something else)    (somewhere else)               (something else)
        620c468d8         24 java.lang.String    .elementData[39].q             (object)
        620c468f0         72 [B                  .elementData[39].q.value       [79, 110, 108, 121, 32, 116, 104, 111, 115, 101, 32, 119, 104, 111, 32, 100, 111, 32, 110, 111, 116, 104, 105, 110, 103, 32, 97, 116, 32, 97, 108, 108, 32, 109, 97, 107, 101, 32, 110, 111, 32, 109, 105, 115, 116, 97, 107, 101, 115, 46]
        620c46938        168 (something else)    (somewhere else)               (something else)
        620c469e0         16 model.Frase         .elementData[40]               (object)
        620c469f0         48 (something else)    (somewhere else)               (something else)
        620c46a20         24 java.lang.String    .elementData[40].q             (object)
        620c46a38         64 [B                  .elementData[40].q.value       [84, 104, 101, 114, 101, 32, 105, 115, 32, 110, 111, 32, 112, 97, 116, 104, 32, 116, 111, 32, 76, 111, 118, 101, 46, 32, 76, 111, 118, 101, 32, 105, 115, 32, 116, 104, 101, 32, 112, 97, 116, 104, 46]
        620c46a78        168 (something else)    (somewhere else)               (something else)
        620c46b20         16 model.Frase         .elementData[41]               (object)
        620c46b30         48 (something else)    (somewhere else)               (something else)
        620c46b60         24 java.lang.String    .elementData[41].q             (object)
        620c46b78         72 [B                  .elementData[41].q.value       [65, 108, 108, 32, 111, 117, 114, 32, 107, 110, 111, 119, 108, 101, 100, 103, 101, 32, 104, 97, 115, 32, 105, 116, 115, 32, 111, 114, 105, 103, 105, 110, 115, 32, 105, 110, 32, 111, 117, 114, 32, 112, 101, 114, 99, 101, 112, 116, 105, 111, 110, 115, 46]
        620c46bc0        168 (something else)    (somewhere else)               (something else)
        620c46c68         16 model.Frase         .elementData[42]               (object)
        620c46c78         48 (something else)    (somewhere else)               (something else)
        620c46ca8         24 java.lang.String    .elementData[42].q             (object)
        620c46cc0         88 [B                  .elementData[42].q.value       [84, 104, 101, 32, 100, 101, 115, 105, 114, 101, 32, 102, 111, 114, 32, 109, 111, 114, 101, 32, 112, 111, 115, 105, 116, 105, 118, 101, 32, 101, 120, 112, 101, 114, 105, 101, 110, 99, 101, 32, 105, 115, 32, 105, 116, 115, 101, 108, 102, 32, 97, 32, 110, 101, 103, 97, 116, 105, 118, 101, 32, 101, 120, 112, 101, 114, 105, 101, 110, 99, 101, 46]
        620c46d18        168 (something else)    (somewhere else)               (something else)
        620c46dc0         16 model.Frase         .elementData[43]               (object)
        620c46dd0        312 (something else)    (somewhere else)               (something else)
        620c46f08         24 java.lang.String    .elementData[43].q             (object)
        620c46f20        112 [B                  .elementData[43].q.value       [73, 102, 32, 121, 111, 117, 32, 119, 97, 110, 116, 32, 115, 111, 109, 101, 116, 104, 105, 110, 103, 32, 121, 111, 117, 39, 118, 101, 32, 110, 101, 118, 101, 114, 32, 104, 97, 100, 32, 121, 111, 117, 32, 109, 117, 115, 116, 32, 98, 101, 32, 119, 105, 108, 108, 105, 110, 103, 32, 116, 111, 32, 100, 111, 32, 115, 111, 109, 101, 116, 104, 105, 110, 103, 32, 121, 111, 117, 39, 118, 101, 32, 110, 101, 118, 101, 114, 32, 100, 111, 110, 101, 46]
        620c46f90        168 (something else)    (somewhere else)               (something else)
        620c47038         16 model.Frase         .elementData[44]               (object)
        620c47048         48 (something else)    (somewhere else)               (something else)
        620c47078         24 java.lang.String    .elementData[44].q             (object)
        620c47090        104 [B                  .elementData[44].q.value       [73, 32, 119, 97, 115, 32, 119, 105, 115, 101, 32, 101, 110, 111, 117, 103, 104, 32, 116, 111, 32, 110, 101, 118, 101, 114, 32, 103, 114, 111, 119, 32, 117, 112, 32, 119, 104, 105, 108, 101, 32, 102, 111, 111, 108, 105, 110, 103, 32, 109, 111, 115, 116, 32, 112, 101, 111, 112, 108, 101, 32, 105, 110, 116, 111, 32, 98, 101, 108, 105, 101, 118, 105, 110, 103, 32, 73, 32, 104, 97, 100, 46, 32]
        620c470f8        168 (something else)    (somewhere else)               (something else)
        620c471a0         16 model.Frase         .elementData[45]               (object)
        620c471b0         48 (something else)    (somewhere else)               (something else)
        620c471e0         24 java.lang.String    .elementData[45].q             (object)
        620c471f8        112 [B                  .elementData[45].q.value       [87, 104, 101, 110, 32, 116, 104, 101, 32, 109, 105, 110, 100, 32, 105, 115, 32, 99, 97, 108, 109, 44, 32, 104, 111, 119, 32, 113, 117, 105, 99, 107, 108, 121, 44, 32, 104, 111, 119, 32, 115, 109, 111, 111, 116, 104, 108, 121, 44, 32, 104, 111, 119, 32, 98, 101, 97, 117, 116, 105, 102, 117, 108, 108, 121, 32, 121, 111, 117, 32, 119, 105, 108, 108, 32, 112, 101, 114, 99, 101, 105, 118, 101, 32, 101, 118, 101, 114, 121, 116, 104, 105, 110, 103, 46]
        620c47268        168 (something else)    (somewhere else)               (something else)
        620c47310         16 model.Frase         .elementData[46]               (object)
        620c47320         48 (something else)    (somewhere else)               (something else)
        620c47350         24 java.lang.String    .elementData[46].q             (object)
        620c47368         88 [B                  .elementData[46].q.value       [66, 101, 102, 111, 114, 101, 32, 121, 111, 117, 32, 99, 97, 110, 32, 115, 101, 101, 32, 116, 104, 101, 32, 76, 105, 103, 104, 116, 44, 32, 121, 111, 117, 32, 104, 97, 118, 101, 32, 116, 111, 32, 100, 101, 97, 108, 32, 119, 105, 116, 104, 32, 116, 104, 101, 32, 100, 97, 114, 107, 110, 101, 115, 115, 46]
        620c473c0        168 (something else)    (somewhere else)               (something else)
        620c47468         16 model.Frase         .elementData[47]               (object)
        620c47478         48 (something else)    (somewhere else)               (something else)
        620c474a8         24 java.lang.String    .elementData[47].q             (object)
        620c474c0        120 [B                  .elementData[47].q.value       [87, 104, 101, 116, 104, 101, 114, 32, 121, 111, 117, 32, 104, 97, 118, 101, 32, 97, 32, 112, 114, 111, 98, 108, 101, 109, 32, 105, 110, 32, 121, 111, 117, 114, 32, 108, 105, 102, 101, 32, 111, 114, 32, 110, 111, 116, 32, 100, 101, 112, 101, 110, 100, 115, 32, 117, 112, 111, 110, 32, 121, 111, 117, 114, 32, 111, 119, 110, 32, 97, 116, 116, 105, 116, 117, 100, 101, 44, 32, 121, 111, 117, 114, 32, 111, 119, 110, 32, 117, 110, 100, 101, 114, 115, 116, 97, 110, 100, 105, 110, 103, 46]
        620c47538        168 (something else)    (somewhere else)               (something else)
        620c475e0         16 model.Frase         .elementData[48]               (object)
        620c475f0         48 (something else)    (somewhere else)               (something else)
        620c47620         24 java.lang.String    .elementData[48].q             (object)
        620c47638        176 [B                  .elementData[48].q.value       [84, 104, 101, 32, 109, 111, 115, 116, 32, 105, 109, 112, 111, 114, 116, 97, 110, 116, 32, 116, 104, 105, 110, 103, 32, 105, 110, 32, 108, 105, 102, 101, 32, 105, 115, 32, 116, 111, 32, 115, 116, 111, 112, 32, 115, 97, 121, 105, 110, 103, 32, 39, 73, 32, 119, 105, 115, 104, 39, 32, 97, 110, 100, 32, 115, 116, 97, 114, 116, 32, 115, 97, 121, 105, 110, 103, 32, 39, 73, 32, 119, 105, 108, 108, 39, 46, 32, 67, 111, 110, 115, 105, 100, 101, 114, 32, 110, 111, 116, 104, 105, 110, 103, 32, 105, 109, 112, 111, 115, 115, 105, 98, 108, 101, 44, 32, 116, 104, 101, 110, 32, 116, 114, 101, 97, 116, 32, 112, 111, 115, 115, 105, 98, 105, 108, 105, 116, 105, 101, 115, 32, 97, 115, 32, 112, 114, 111, 98, 97, 98, 105, 108, 105, 116, 105, 101, 115, 46]
        620c476e8        168 (something else)    (somewhere else)               (something else)
        620c47790         16 model.Frase         .elementData[49]               (object)
        620c477a0         48 (something else)    (somewhere else)               (something else)
        620c477d0         24 java.lang.String    .elementData[49].q             (object)
        620c477e8         96 [B                  .elementData[49].q.value       [83, 117, 99, 99, 101, 115, 115, 32, 111, 110, 32, 116, 104, 101, 32, 111, 117, 116, 115, 105, 100, 101, 32, 109, 101, 97, 110, 115, 32, 110, 111, 116, 104, 105, 110, 103, 32, 117, 110, 108, 101, 115, 115, 32, 121, 111, 117, 32, 97, 108, 115, 111, 32, 104, 97, 118, 101, 32, 115, 117, 99, 99, 101, 115, 115, 32, 119, 105, 116, 104, 105, 110, 46]
        620c47848        144 (something else)    (somewhere else)               (something else)
        620c478d8        312 [Ljava.lang.Object; .elementData                   [(object), (object), (object), (object), (object), (object), (object), (object), (object), (object), (object), (object), (object), (object), (object), (object), (object), (object), (object), (object), (object), (object), (object), (object), (object), (object), (object), (object), (object), (object), (object), (object), (object), (object), (object), (object), (object), (object), (object), (object), (object), (object), (object), (object), (object), (object), (object), (object), (object), (object), null, null, null, null, null, null, null, null, null, null, null, null, null, null, null, null, null, null, null, null, null, null, null]

Addresses are stable after 1 tries.


|====== Tamanio total en memoria ======|
6928 bytes
2025-09-10 18:45:21 [main] INFO  performance - Peso de fraseEncriptada: 
|====== Layout Interno ======|
java.util.ArrayDeque object internals:
OFF  SZ                 TYPE DESCRIPTION               VALUE
  0   8                      (object header: mark)     0x00000050cf5a2301 (hash: 0x50cf5a23; age: 0)
  8   4                      (object header: class)    0x0020cf90
 12   4                  int ArrayDeque.head           0
 16   4                  int ArrayDeque.tail           12
 20   4   java.lang.Object[] ArrayDeque.elements       [(object), (object), (object), (object), (object), (object), (object), (object), (object), (object), (object), (object), null, null, null, null, null]
Instance size: 24 bytes
Space losses: 0 bytes internal + 0 bytes external = 0 bytes total

|====== Layout con Referencias ======|
java.util.ArrayDeque@50cf5a23d object externals:
          ADDRESS       SIZE TYPE                 PATH                           VALUE
        601c35ab8         16 java.lang.Integer    .elements[11].cabeza.referencia.referencia.referencia.referencia.referencia.referencia.valor 59
        601c35ac8       6640 (something else)     (somewhere else)               (something else)
        601c374b8         16 java.lang.Integer    .elements[10].cabeza.referencia.referencia.referencia.referencia.referencia.valor 126
        601c374c8         16 (something else)     (somewhere else)               (something else)
        601c374d8         16 java.lang.Integer    .elements[6].cabeza.referencia.referencia.referencia.referencia.valor 124
        601c374e8         16 java.lang.Integer    .elements[9].cabeza.referencia.referencia.valor 123
        601c374f8         16 java.lang.Integer    .elements[7].cabeza.valor      122
        601c37508         16 java.lang.Integer    .elements[11].cabeza.referencia.referencia.valor 121
        601c37518         16 java.lang.Integer    .elements[11].cabeza.valor     120
        601c37528         16 (something else)     (somewhere else)               (something else)
        601c37538         16 java.lang.Integer    .elements[8].cabeza.referencia.referencia.referencia.valor 118
        601c37548         16 java.lang.Integer    .elements[4].cabeza.referencia.referencia.referencia.valor 117
        601c37558         16 java.lang.Integer    .elements[10].cabeza.valor     116
        601c37568         16 (something else)     (somewhere else)               (something else)
        601c37578         16 java.lang.Integer    .elements[11].cabeza.referencia.referencia.referencia.referencia.valor 114
        601c37588         16 java.lang.Integer    .elements[6].cabeza.referencia.valor 113
        601c37598         16 java.lang.Integer    .elements[3].cabeza.valor      112
        601c375a8         16 java.lang.Integer    .elements[11].cabeza.referencia.referencia.referencia.valor 111
        601c375b8         16 java.lang.Integer    .elements[10].cabeza.referencia.referencia.referencia.referencia.valor 110
        601c375c8         16 (something else)     (somewhere else)               (something else)
        601c375d8         16 java.lang.Integer    .elements[11].cabeza.referencia.valor 108
        601c375e8         16 java.lang.Integer    .elements[2].cabeza.referencia.valor 107
        601c375f8         16 java.lang.Integer    .elements[10].cabeza.referencia.referencia.referencia.valor 106
        601c37608         16 java.lang.Integer    .elements[9].cabeza.valor      105
        601c37618         16 java.lang.Integer    .elements[10].cabeza.referencia.referencia.valor 104
        601c37628         16 (something else)     (somewhere else)               (something else)
        601c37638         16 java.lang.Integer    .elements[4].cabeza.referencia.referencia.valor 102
        601c37648         16 (something else)     (somewhere else)               (something else)
        601c37658         16 java.lang.Integer    .elements[9].cabeza.referencia.valor 100
        601c37668         16 (something else)     (somewhere else)               (something else)
        601c37678         16 java.lang.Integer    .elements[8].cabeza.valor      98
        601c37688        208 (something else)     (somewhere else)               (something else)
        601c37758         16 java.lang.Integer    .elements[0].cabeza.valor      84
        601c37768  511800688 (something else)     (somewhere else)               (something else)
        62044ecd8         24 java.util.ArrayDeque                                (object)
        62044ecf0         88 [Ljava.lang.Object;  .elements                      [(object), (object), (object), (object), (object), (object), (object), (object), (object), (object), (object), (object), null, null, null, null, null]
        62044ed48        880 (something else)     (somewhere else)               (something else)
        62044f0b8         24 model.LinkedList     .elements[0]                   (object)
        62044f0d0         80 (something else)     (somewhere else)               (something else)
        62044f120         24 model.Nodo           .elements[0].cabeza            (object)
        62044f138         96 (something else)     (somewhere else)               (something else)
        62044f198         24 model.Nodo           .elements[0].cabeza.referencia (object)
        62044f1b0        144 (something else)     (somewhere else)               (something else)
        62044f240         24 model.Nodo           .elements[0].cabeza.referencia.referencia (object)
        62044f258        144 (something else)     (somewhere else)               (something else)
        62044f2e8         24 model.Nodo           .elements[0].cabeza.referencia.referencia.referencia (object)
        62044f300        144 (something else)     (somewhere else)               (something else)
        62044f390         24 model.Nodo           .elements[0].cabeza.referencia.referencia.referencia.referencia (object)
        62044f3a8        144 (something else)     (somewhere else)               (something else)
        62044f438         24 model.Nodo           .elements[0].cabeza.referencia.referencia.referencia.referencia.referencia (object)
        62044f450        144 (something else)     (somewhere else)               (something else)
        62044f4e0         16 java.lang.Integer    .elements[0].cabeza.referencia.referencia.referencia.referencia.referencia.referencia.valor 128
        62044f4f0         24 model.Nodo           .elements[0].cabeza.referencia.referencia.referencia.referencia.referencia.referencia (object)
        62044f508        648 (something else)     (somewhere else)               (something else)
        62044f790         24 model.LinkedList     .elements[1]                   (object)
        62044f7a8         72 (something else)     (somewhere else)               (something else)
        62044f7f0         24 model.Nodo           .elements[1].cabeza            (object)
        62044f808         96 (something else)     (somewhere else)               (something else)
        62044f868         24 model.Nodo           .elements[1].cabeza.referencia (object)
        62044f880        360 (something else)     (somewhere else)               (something else)
        62044f9e8         24 model.LinkedList     .elements[2]                   (object)
        62044fa00         72 (something else)     (somewhere else)               (something else)
        62044fa48         24 model.Nodo           .elements[2].cabeza            (object)
        62044fa60         96 (something else)     (somewhere else)               (something else)
        62044fac0         24 model.Nodo           .elements[2].cabeza.referencia (object)
        62044fad8        144 (something else)     (somewhere else)               (something else)
        62044fb68         24 model.Nodo           .elements[2].cabeza.referencia.referencia (object)
        62044fb80        360 (something else)     (somewhere else)               (something else)
        62044fce8         24 model.LinkedList     .elements[3]                   (object)
        62044fd00         80 (something else)     (somewhere else)               (something else)
        62044fd50         24 model.Nodo           .elements[3].cabeza            (object)
        62044fd68         96 (something else)     (somewhere else)               (something else)
        62044fdc8         24 model.Nodo           .elements[3].cabeza.referencia (object)
        62044fde0        144 (something else)     (somewhere else)               (something else)
        62044fe70         24 model.Nodo           .elements[3].cabeza.referencia.referencia (object)
        62044fe88        144 (something else)     (somewhere else)               (something else)
        62044ff18         24 model.Nodo           .elements[3].cabeza.referencia.referencia.referencia (object)
        62044ff30        144 (something else)     (somewhere else)               (something else)
        62044ffc0         24 model.Nodo           .elements[3].cabeza.referencia.referencia.referencia.referencia (object)
        62044ffd8        144 (something else)     (somewhere else)               (something else)
        620450068         24 model.Nodo           .elements[3].cabeza.referencia.referencia.referencia.referencia.referencia (object)
        620450080        144 (something else)     (somewhere else)               (something else)
        620450110         24 model.Nodo           .elements[3].cabeza.referencia.referencia.referencia.referencia.referencia.referencia (object)
        620450128        648 (something else)     (somewhere else)               (something else)
        6204503b0         24 model.LinkedList     .elements[4]                   (object)
        6204503c8         80 (something else)     (somewhere else)               (something else)
        620450418         24 model.Nodo           .elements[4].cabeza            (object)
        620450430         96 (something else)     (somewhere else)               (something else)
        620450490         24 model.Nodo           .elements[4].cabeza.referencia (object)
        6204504a8        144 (something else)     (somewhere else)               (something else)
        620450538         24 model.Nodo           .elements[4].cabeza.referencia.referencia (object)
        620450550        144 (something else)     (somewhere else)               (something else)
        6204505e0         24 model.Nodo           .elements[4].cabeza.referencia.referencia.referencia (object)
        6204505f8        144 (something else)     (somewhere else)               (something else)
        620450688         24 model.Nodo           .elements[4].cabeza.referencia.referencia.referencia.referencia (object)
        6204506a0        504 (something else)     (somewhere else)               (something else)
        620450898         24 model.LinkedList     .elements[5]                   (object)
        6204508b0         80 (something else)     (somewhere else)               (something else)
        620450900         24 model.Nodo           .elements[5].cabeza            (object)
        620450918         96 (something else)     (somewhere else)               (something else)
        620450978         24 model.Nodo           .elements[5].cabeza.referencia (object)
        620450990        144 (something else)     (somewhere else)               (something else)
        620450a20         24 model.Nodo           .elements[5].cabeza.referencia.referencia (object)
        620450a38        144 (something else)     (somewhere else)               (something else)
        620450ac8         24 model.Nodo           .elements[5].cabeza.referencia.referencia.referencia (object)
        620450ae0        144 (something else)     (somewhere else)               (something else)
        620450b70         24 model.Nodo           .elements[5].cabeza.referencia.referencia.referencia.referencia (object)
        620450b88        144 (something else)     (somewhere else)               (something else)
        620450c18         24 model.Nodo           .elements[5].cabeza.referencia.referencia.referencia.referencia.referencia (object)
        620450c30        144 (something else)     (somewhere else)               (something else)
        620450cc0         24 model.Nodo           .elements[5].cabeza.referencia.referencia.referencia.referencia.referencia.referencia (object)
        620450cd8        648 (something else)     (somewhere else)               (something else)
        620450f60         24 model.LinkedList     .elements[6]                   (object)
        620450f78         80 (something else)     (somewhere else)               (something else)
        620450fc8         24 model.Nodo           .elements[6].cabeza            (object)
        620450fe0         96 (something else)     (somewhere else)               (something else)
        620451040         24 model.Nodo           .elements[6].cabeza.referencia (object)
        620451058        144 (something else)     (somewhere else)               (something else)
        6204510e8         24 model.Nodo           .elements[6].cabeza.referencia.referencia (object)
        620451100        144 (something else)     (somewhere else)               (something else)
        620451190         24 model.Nodo           .elements[6].cabeza.referencia.referencia.referencia (object)
        6204511a8        144 (something else)     (somewhere else)               (something else)
        620451238         24 model.Nodo           .elements[6].cabeza.referencia.referencia.referencia.referencia (object)
        620451250        144 (something else)     (somewhere else)               (something else)
        6204512e0         24 model.Nodo           .elements[6].cabeza.referencia.referencia.referencia.referencia.referencia (object)
        6204512f8        648 (something else)     (somewhere else)               (something else)
        620451580         24 model.LinkedList     .elements[7]                   (object)
        620451598         72 (something else)     (somewhere else)               (something else)
        6204515e0         24 model.Nodo           .elements[7].cabeza            (object)
        6204515f8         96 (something else)     (somewhere else)               (something else)
        620451658         24 model.Nodo           .elements[7].cabeza.referencia (object)
        620451670        144 (something else)     (somewhere else)               (something else)
        620451700         24 model.Nodo           .elements[7].cabeza.referencia.referencia (object)
        620451718        360 (something else)     (somewhere else)               (something else)
        620451880         24 model.LinkedList     .elements[8]                   (object)
        620451898         72 (something else)     (somewhere else)               (something else)
        6204518e0         24 model.Nodo           .elements[8].cabeza            (object)
        6204518f8         96 (something else)     (somewhere else)               (something else)
        620451958         24 model.Nodo           .elements[8].cabeza.referencia (object)
        620451970        144 (something else)     (somewhere else)               (something else)
        620451a00         24 model.Nodo           .elements[8].cabeza.referencia.referencia (object)
        620451a18        144 (something else)     (somewhere else)               (something else)
        620451aa8         24 model.Nodo           .elements[8].cabeza.referencia.referencia.referencia (object)
        620451ac0        504 (something else)     (somewhere else)               (something else)
        620451cb8         24 model.LinkedList     .elements[9]                   (object)
        620451cd0         72 (something else)     (somewhere else)               (something else)
        620451d18         24 model.Nodo           .elements[9].cabeza            (object)
        620451d30         96 (something else)     (somewhere else)               (something else)
        620451d90         24 model.Nodo           .elements[9].cabeza.referencia (object)
        620451da8        144 (something else)     (somewhere else)               (something else)
        620451e38         24 model.Nodo           .elements[9].cabeza.referencia.referencia (object)
        620451e50        144 (something else)     (somewhere else)               (something else)
        620451ee0         24 model.Nodo           .elements[9].cabeza.referencia.referencia.referencia (object)
        620451ef8        504 (something else)     (somewhere else)               (something else)
        6204520f0         24 model.LinkedList     .elements[10]                  (object)
        620452108         80 (something else)     (somewhere else)               (something else)
        620452158         24 model.Nodo           .elements[10].cabeza           (object)
        620452170         96 (something else)     (somewhere else)               (something else)
        6204521d0         24 model.Nodo           .elements[10].cabeza.referencia (object)
        6204521e8        144 (something else)     (somewhere else)               (something else)
        620452278         24 model.Nodo           .elements[10].cabeza.referencia.referencia (object)
        620452290        144 (something else)     (somewhere else)               (something else)
        620452320         24 model.Nodo           .elements[10].cabeza.referencia.referencia.referencia (object)
        620452338        144 (something else)     (somewhere else)               (something else)
        6204523c8         24 model.Nodo           .elements[10].cabeza.referencia.referencia.referencia.referencia (object)
        6204523e0        144 (something else)     (somewhere else)               (something else)
        620452470         24 model.Nodo           .elements[10].cabeza.referencia.referencia.referencia.referencia.referencia (object)
        620452488        144 (something else)     (somewhere else)               (something else)
        620452518         16 java.lang.Integer    .elements[10].cabeza.referencia.referencia.referencia.referencia.referencia.referencia.valor 128
        620452528         24 model.Nodo           .elements[10].cabeza.referencia.referencia.referencia.referencia.referencia.referencia (object)
        620452540        648 (something else)     (somewhere else)               (something else)
        6204527c8         24 model.LinkedList     .elements[11]                  (object)
        6204527e0         80 (something else)     (somewhere else)               (something else)
        620452830         24 model.Nodo           .elements[11].cabeza           (object)
        620452848         96 (something else)     (somewhere else)               (something else)
        6204528a8         24 model.Nodo           .elements[11].cabeza.referencia (object)
        6204528c0        144 (something else)     (somewhere else)               (something else)
        620452950         24 model.Nodo           .elements[11].cabeza.referencia.referencia (object)
        620452968        144 (something else)     (somewhere else)               (something else)
        6204529f8         24 model.Nodo           .elements[11].cabeza.referencia.referencia.referencia (object)
        620452a10        144 (something else)     (somewhere else)               (something else)
        620452aa0         24 model.Nodo           .elements[11].cabeza.referencia.referencia.referencia.referencia (object)
        620452ab8        144 (something else)     (somewhere else)               (something else)
        620452b48         24 model.Nodo           .elements[11].cabeza.referencia.referencia.referencia.referencia.referencia (object)
        620452b60        144 (something else)     (somewhere else)               (something else)
        620452bf0         24 model.Nodo           .elements[11].cabeza.referencia.referencia.referencia.referencia.referencia.referencia (object)

Addresses are stable after 1 tries.


|====== Tamanio total en memoria ======|
2304 bytes
2025-09-10 18:45:21 [main] INFO  performance - 
 === PROCESO [ Programa ] === 
 - Uso Memoria Inicio : 19 MB
 - Consumo CPU Inicio : 33.51 %
 - Uso Memoria Final : 31 MB
 - Consumo CPU Final : 23.94 %
 - Incremento Memoria : 12 MB
 - Incremento CPU : -9.57 %
 - Tiempo Ejecucion : 3243 ms
 - Memoria Disponible JVM : 479 MB
 - Incremento CPU del Proceso: 86.49 %
 =============================== 

 - Memoria Física Total: 32654 MB
 - Memoria Física Usada: 15317 MB
 - Número de Hilos Activos: 37
 - Tiempo de CPU Usado por el Proceso: 4624 ms 


2025-09-10 18:47:10 [main] INFO  performance - Peso de frasesOriginales: 
|====== Layout Interno ======|
java.util.ArrayList object internals:
OFF  SZ                 TYPE DESCRIPTION               VALUE
  0   8                      (object header: mark)     0x0000007e0aadd001 (hash: 0x7e0aadd0; age: 0)
  8   4                      (object header: class)    0x000ba5e0
 12   4                  int AbstractList.modCount     50
 16   4                  int ArrayList.size            50
 20   4   java.lang.Object[] ArrayList.elementData     [(object), (object), (object), (object), (object), (object), (object), (object), (object), (object), (object), (object), (object), (object), (object), (object), (object), (object), (object), (object), (object), (object), (object), (object), (object), (object), (object), (object), (object), (object), (object), (object), (object), (object), (object), (object), (object), (object), (object), (object), (object), (object), (object), (object), (object), (object), (object), (object), (object), (object), null, null, null, null, null, null, null, null, null, null, null, null, null, null, null, null, null, null, null, null, null, null, null]
Instance size: 24 bytes
Space losses: 0 bytes internal + 0 bytes external = 0 bytes total

|====== Layout con Referencias ======|
java.util.ArrayList@7e0aadd0d object externals:
          ADDRESS       SIZE TYPE                PATH                           VALUE
        621533d38         24 java.util.ArrayList                                (object)
        621533d50     156392 (something else)    (somewhere else)               (something else)
        62155a038         16 model.Frase         .elementData[0]                (object)
        62155a048         48 (something else)    (somewhere else)               (something else)
        62155a078         24 java.lang.String    .elementData[0].q              (object)
        62155a090         56 [B                  .elementData[0].q.value        [89, 111, 117, 32, 99, 97, 110, 110, 111, 116, 32, 102, 105, 110, 100, 32, 112, 101, 97, 99, 101, 32, 97, 118, 111, 105, 100, 105, 110, 103, 32, 108, 105, 102, 101, 46]
        62155a0c8       2472 (something else)    (somewhere else)               (something else)
        62155aa70         16 model.Frase         .elementData[1]                (object)
        62155aa80         48 (something else)    (somewhere else)               (something else)
        62155aab0         24 java.lang.String    .elementData[1].q              (object)
        62155aac8         88 [B                  .elementData[1].q.value        [73, 102, 32, 105, 116, 32, 105, 115, 32, 110, 111, 116, 32, 114, 105, 103, 104, 116, 44, 32, 100, 111, 32, 110, 111, 116, 32, 100, 111, 32, 105, 116, 44, 32, 105, 102, 32, 105, 116, 32, 105, 115, 32, 110, 111, 116, 32, 116, 114, 117, 101, 44, 32, 100, 111, 32, 110, 111, 116, 32, 115, 97, 121, 32, 105, 116, 46]
        62155ab20        168 (something else)    (somewhere else)               (something else)
        62155abc8         16 model.Frase         .elementData[2]                (object)
        62155abd8         48 (something else)    (somewhere else)               (something else)
        62155ac08         24 java.lang.String    .elementData[2].q              (object)
        62155ac20         88 [B                  .elementData[2].q.value        [70, 111, 108, 108, 111, 119, 32, 121, 111, 117, 114, 32, 105, 110, 115, 116, 105, 110, 99, 116, 115, 46, 32, 84, 104, 97, 116, 32, 105, 115, 32, 119, 104, 101, 114, 101, 32, 116, 114, 117, 101, 32, 119, 105, 115, 100, 111, 109, 32, 109, 97, 110, 105, 102, 101, 115, 116, 115, 32, 105, 116, 115, 101, 108, 102, 46]
        62155ac78        168 (something else)    (somewhere else)               (something else)
        62155ad20         16 model.Frase         .elementData[3]                (object)
        62155ad30         48 (something else)    (somewhere else)               (something else)
        62155ad60         24 java.lang.String    .elementData[3].q              (object)
        62155ad78        112 [B                  .elementData[3].q.value        [84, 104, 101, 114, 101, 39, 115, 32, 97, 32, 118, 101, 114, 121, 32, 100, 101, 101, 112, 32, 99, 111, 110, 110, 101, 99, 116, 105, 111, 110, 32, 97, 109, 111, 110, 103, 32, 104, 117, 109, 97, 110, 32, 98, 101, 105, 110, 103, 115, 46, 32, 65, 108, 108, 32, 119, 101, 32, 104, 97, 118, 101, 32, 116, 111, 32, 100, 111, 32, 105, 115, 32, 111, 112, 101, 110, 32, 111, 117, 114, 32, 109, 105, 110, 100, 115, 32, 116, 111, 32, 105, 116, 46]
        62155ade8        168 (something else)    (somewhere else)               (something else)
        62155ae90         16 model.Frase         .elementData[4]                (object)
        62155aea0        216 (something else)    (somewhere else)               (something else)
        62155af78         24 java.lang.String    .elementData[4].q              (object)
        62155af90        104 [B                  .elementData[4].q.value        [76, 101, 116, 32, 117, 115, 32, 97, 108, 119, 97, 121, 115, 32, 109, 101, 101, 116, 32, 101, 97, 99, 104, 32, 111, 116, 104, 101, 114, 32, 119, 105, 116, 104, 32, 115, 109, 105, 108, 101, 44, 32, 102, 111, 114, 32, 116, 104, 101, 32, 115, 109, 105, 108, 101, 32, 105, 115, 32, 116, 104, 101, 32, 98, 101, 103, 105, 110, 110, 105, 110, 103, 32, 111, 102, 32, 108, 111, 118, 101, 46]
        62155aff8        168 (something else)    (somewhere else)               (something else)
        62155b0a0         16 model.Frase         .elementData[5]                (object)
        62155b0b0         48 (something else)    (somewhere else)               (something else)
        62155b0e0         24 java.lang.String    .elementData[5].q              (object)
        62155b0f8         80 [B                  .elementData[5].q.value        [66, 101, 32, 108, 105, 107, 101, 32, 97, 32, 112, 111, 115, 116, 97, 103, 101, 32, 115, 116, 97, 109, 112, 46, 32, 83, 116, 105, 99, 107, 32, 116, 111, 32, 105, 116, 32, 117, 110, 116, 105, 108, 32, 121, 111, 117, 32, 103, 101, 116, 32, 116, 104, 101, 114, 101, 46]
        62155b148        168 (something else)    (somewhere else)               (something else)
        62155b1f0         16 model.Frase         .elementData[6]                (object)
        62155b200         48 (something else)    (somewhere else)               (something else)
        62155b230         24 java.lang.String    .elementData[6].q              (object)
        62155b248         72 [B                  .elementData[6].q.value        [89, 111, 117, 32, 99, 97, 110, 110, 111, 116, 32, 104, 97, 118, 101, 32, 97, 32, 112, 111, 115, 105, 116, 105, 118, 101, 32, 108, 105, 102, 101, 32, 97, 110, 100, 32, 97, 32, 110, 101, 103, 97, 116, 105, 118, 101, 32, 109, 105, 110, 100, 46]
        62155b290        168 (something else)    (somewhere else)               (something else)
        62155b338         16 model.Frase         .elementData[7]                (object)
        62155b348         48 (something else)    (somewhere else)               (something else)
        62155b378         24 java.lang.String    .elementData[7].q              (object)
        62155b390         64 [B                  .elementData[7].q.value        [73, 110, 32, 116, 104, 101, 32, 109, 105, 100, 100, 108, 101, 32, 111, 102, 32, 100, 105, 102, 102, 105, 99, 117, 108, 116, 121, 32, 108, 105, 101, 115, 32, 111, 112, 112, 111, 114, 116, 117, 110, 105, 116, 121, 46]
        62155b3d0        168 (something else)    (somewhere else)               (something else)
        62155b478         16 model.Frase         .elementData[8]                (object)
        62155b488        248 (something else)    (somewhere else)               (something else)
        62155b580         24 java.lang.String    .elementData[8].q              (object)
        62155b598        160 [B                  .elementData[8].q.value        [65, 32, 109, 97, 110, 32, 119, 104, 111, 32, 97, 99, 113, 117, 105, 114, 101, 115, 32, 116, 104, 101, 32, 97, 98, 105, 108, 105, 116, 121, 32, 116, 111, 32, 116, 97, 107, 101, 32, 102, 117, 108, 108, 32, 112, 111, 115, 115, 101, 115, 115, 105, 111, 110, 32, 111, 102, 32, 104, 105, 115, 32, 111, 119, 110, 32, 109, 105, 110, 100, 32, 109, 97, 121, 32, 116, 97, 107, 101, 32, 112, 111, 115, 115, 101, 115, 115, 105, 111, 110, 32, 111, 102, 32, 97, 110, 121, 116, 104, 105, 110, 103, 32, 101, 108, 115, 101, 32, 116, 111, 32, 119, 104, 105, 99, 104, 32, 104, 101, 32, 105, 115, 32, 106, 117, 115, 116, 108, 121, 32, 101, 110, 116, 105, 116, 108, 101, 100, 46]
        62155b638        168 (something else)    (somewhere else)               (something else)
        62155b6e0         16 model.Frase         .elementData[9]                (object)
        62155b6f0         48 (something else)    (somewhere else)               (something else)
        62155b720         24 java.lang.String    .elementData[9].q              (object)
        62155b738         64 [B                  .elementData[9].q.value        [65, 32, 122, 101, 110, 32, 109, 97, 115, 116, 101, 114, 39, 115, 32, 108, 105, 102, 101, 32, 105, 115, 32, 111, 110, 101, 32, 99, 111, 110, 116, 105, 110, 117, 111, 117, 115, 32, 109, 105, 115, 116, 97, 107, 101, 46]
        62155b778        168 (something else)    (somewhere else)               (something else)
        62155b820         16 model.Frase         .elementData[10]               (object)
        62155b830         48 (something else)    (somewhere else)               (something else)
        62155b860         24 java.lang.String    .elementData[10].q             (object)
        62155b878        104 [B                  .elementData[10].q.value       [78, 101, 118, 101, 114, 32, 97, 108, 108, 111, 119, 32, 115, 111, 109, 101, 111, 110, 101, 32, 116, 111, 32, 98, 101, 32, 121, 111, 117, 114, 32, 112, 114, 105, 111, 114, 105, 116, 121, 32, 119, 104, 105, 108, 101, 32, 97, 108, 108, 111, 119, 105, 110, 103, 32, 121, 111, 117, 114, 115, 101, 108, 102, 32, 116, 111, 32, 98, 101, 32, 116, 104, 101, 105, 114, 32, 111, 112, 116, 105, 111, 110, 46]
        62155b8e0        248 (something else)    (somewhere else)               (something else)
        62155b9d8         16 model.Frase         .elementData[11]               (object)
        62155b9e8         48 (something else)    (somewhere else)               (something else)
        62155ba18         24 java.lang.String    .elementData[11].q             (object)
        62155ba30        104 [B                  .elementData[11].q.value       [70, 97, 105, 108, 117, 114, 101, 32, 105, 115, 32, 97, 110, 32, 111, 112, 116, 105, 111, 110, 32, 104, 101, 114, 101, 46, 32, 73, 102, 32, 116, 104, 105, 110, 103, 115, 32, 97, 114, 101, 32, 110, 111, 116, 32, 102, 97, 105, 108, 105, 110, 103, 44, 32, 121, 111, 117, 32, 97, 114, 101, 32, 110, 111, 116, 32, 105, 110, 110, 111, 118, 97, 116, 105, 110, 103, 32, 101, 110, 111, 117, 103, 104, 46]
        62155ba98        168 (something else)    (somewhere else)               (something else)
        62155bb40         16 model.Frase         .elementData[12]               (object)
        62155bb50         48 (something else)    (somewhere else)               (something else)
        62155bb80         24 java.lang.String    .elementData[12].q             (object)
        62155bb98         64 [B                  .elementData[12].q.value       [84, 114, 117, 116, 104, 32, 105, 115, 32, 108, 105, 107, 101, 32, 109, 111, 115, 116, 32, 111, 112, 105, 110, 105, 111, 110, 115, 32, 45, 32, 98, 101, 115, 116, 32, 117, 110, 101, 120, 112, 114, 101, 115, 115, 101, 100, 46]
        62155bbd8        168 (something else)    (somewhere else)               (something else)
        62155bc80         16 model.Frase         .elementData[13]               (object)
        62155bc90         48 (something else)    (somewhere else)               (something else)
        62155bcc0         24 java.lang.String    .elementData[13].q             (object)
        62155bcd8         56 [B                  .elementData[13].q.value       [76, 101, 97, 114, 110, 105, 110, 103, 32, 110, 101, 118, 101, 114, 32, 101, 120, 104, 97, 117, 115, 116, 115, 32, 116, 104, 101, 32, 109, 105, 110, 100, 46, 32]
        62155bd10        168 (something else)    (somewhere else)               (something else)
        62155bdb8         16 model.Frase         .elementData[14]               (object)
        62155bdc8         48 (something else)    (somewhere else)               (something else)
        62155bdf8         24 java.lang.String    .elementData[14].q             (object)
        62155be10         96 [B                  .elementData[14].q.value       [87, 104, 101, 110, 32, 114, 101, 97, 100, 105, 110, 103, 44, 32, 111, 110, 108, 121, 32, 114, 101, 97, 100, 46, 32, 87, 104, 101, 110, 32, 101, 97, 116, 105, 110, 103, 44, 32, 111, 110, 108, 121, 32, 101, 97, 116, 46, 32, 87, 104, 101, 110, 32, 116, 104, 105, 110, 107, 105, 110, 103, 44, 32, 111, 110, 108, 121, 32, 116, 104, 105, 110, 107, 46]
        62155be70        168 (something else)    (somewhere else)               (something else)
        62155bf18         16 model.Frase         .elementData[15]               (object)
        62155bf28         48 (something else)    (somewhere else)               (something else)
        62155bf58         24 java.lang.String    .elementData[15].q             (object)
        62155bf70        112 [B                  .elementData[15].q.value       [77, 97, 121, 32, 121, 111, 117, 32, 102, 105, 110, 100, 32, 103, 114, 97, 99, 101, 32, 97, 115, 32, 121, 111, 117, 32, 115, 117, 114, 114, 101, 110, 100, 101, 114, 32, 116, 111, 32, 108, 105, 102, 101, 46, 32, 77, 97, 121, 32, 121, 111, 117, 32, 102, 105, 110, 100, 32, 104, 97, 112, 112, 105, 110, 101, 115, 115, 44, 32, 97, 115, 32, 121, 111, 117, 32, 115, 116, 111, 112, 32, 115, 101, 101, 107, 105, 110, 103, 32, 105, 116, 46]
        62155bfe0        272 (something else)    (somewhere else)               (something else)
        62155c0f0         16 model.Frase         .elementData[16]               (object)
        62155c100         48 (something else)    (somewhere else)               (something else)
        62155c130         24 java.lang.String    .elementData[16].q             (object)
        62155c148         80 [B                  .elementData[16].q.value       [73, 110, 32, 111, 114, 100, 101, 114, 32, 116, 111, 32, 98, 101, 32, 105, 114, 114, 101, 112, 108, 97, 99, 101, 97, 98, 108, 101, 32, 111, 110, 101, 32, 109, 117, 115, 116, 32, 97, 108, 119, 97, 121, 115, 32, 98, 101, 32, 100, 105, 102, 102, 101, 114, 101, 110, 116, 46]
        62155c198        168 (something else)    (somewhere else)               (something else)
        62155c240         16 model.Frase         .elementData[17]               (object)
        62155c250         48 (something else)    (somewhere else)               (something else)
        62155c280         24 java.lang.String    .elementData[17].q             (object)
        62155c298         56 [B                  .elementData[17].q.value       [78, 111, 116, 32, 97, 108, 108, 32, 116, 104, 111, 115, 101, 32, 119, 104, 111, 32, 119, 97, 110, 100, 101, 114, 32, 97, 114, 101, 32, 108, 111, 115, 116, 46]
        62155c2d0        168 (something else)    (somewhere else)               (something else)
        62155c378         16 model.Frase         .elementData[18]               (object)
        62155c388         48 (something else)    (somewhere else)               (something else)
        62155c3b8         24 java.lang.String    .elementData[18].q             (object)
        62155c3d0         88 [B                  .elementData[18].q.value       [77, 111, 110, 101, 121, 32, 112, 111, 105, 115, 111, 110, 115, 32, 121, 111, 117, 32, 119, 104, 101, 110, 32, 121, 111, 117, 39, 118, 101, 32, 103, 111, 116, 32, 105, 116, 44, 32, 97, 110, 100, 32, 115, 116, 97, 114, 118, 101, 115, 32, 121, 111, 117, 32, 119, 104, 101, 110, 32, 121, 111, 117, 32, 104, 97, 118, 101, 110, 39, 116, 46]
        62155c428        168 (something else)    (somewhere else)               (something else)
        62155c4d0         16 model.Frase         .elementData[19]               (object)
        62155c4e0         48 (something else)    (somewhere else)               (something else)
        62155c510         24 java.lang.String    .elementData[19].q             (object)
        62155c528         64 [B                  .elementData[19].q.value       [84, 114, 117, 101, 32, 119, 101, 97, 108, 116, 104, 32, 105, 115, 32, 111, 102, 32, 116, 104, 101, 32, 104, 101, 97, 114, 116, 44, 32, 110, 111, 116, 32, 111, 102, 32, 116, 104, 101, 32, 112, 117, 114, 115, 101, 46]
        62155c568        168 (something else)    (somewhere else)               (something else)
        62155c610         16 model.Frase         .elementData[20]               (object)
        62155c620         48 (something else)    (somewhere else)               (something else)
        62155c650         24 java.lang.String    .elementData[20].q             (object)
        62155c668         72 [B                  .elementData[20].q.value       [76, 111, 110, 103, 101, 118, 105, 116, 121, 32, 105, 115, 32, 97, 32, 102, 108, 101, 101, 116, 105, 110, 103, 32, 109, 111, 109, 101, 110, 116, 32, 116, 104, 97, 116, 32, 108, 97, 115, 116, 115, 32, 102, 111, 114, 101, 118, 101, 114, 46]
        62155c6b0        168 (something else)    (somewhere else)               (something else)
        62155c758         16 model.Frase         .elementData[21]               (object)
        62155c768         48 (something else)    (somewhere else)               (something else)
        62155c798         24 java.lang.String    .elementData[21].q             (object)
        62155c7b0        104 [B                  .elementData[21].q.value       [84, 104, 101, 32, 109, 111, 114, 101, 32, 121, 111, 117, 32, 97, 114, 101, 32, 109, 111, 116, 105, 118, 97, 116, 101, 100, 32, 98, 121, 32, 76, 111, 118, 101, 44, 32, 84, 104, 101, 32, 109, 111, 114, 101, 32, 70, 101, 97, 114, 108, 101, 115, 115, 32, 38, 32, 70, 114, 101, 101, 32, 121, 111, 117, 114, 32, 97, 99, 116, 105, 111, 110, 32, 119, 105, 108, 108, 32, 98, 101, 46]
        62155c818        168 (something else)    (somewhere else)               (something else)
        62155c8c0         16 model.Frase         .elementData[22]               (object)
        62155c8d0         48 (something else)    (somewhere else)               (something else)
        62155c900         24 java.lang.String    .elementData[22].q             (object)
        62155c918         80 [B                  .elementData[22].q.value       [70, 111, 114, 103, 105, 118, 101, 32, 121, 111, 117, 114, 115, 101, 108, 102, 32, 102, 111, 114, 32, 121, 111, 117, 114, 32, 102, 97, 117, 108, 116, 115, 32, 97, 110, 100, 32, 121, 111, 117, 114, 32, 109, 105, 115, 116, 97, 107, 101, 115, 32, 97, 110, 100, 32, 109, 111, 118, 101, 32, 111, 110, 46]
        62155c968        320 (something else)    (somewhere else)               (something else)
        62155caa8         16 model.Frase         .elementData[23]               (object)
        62155cab8         48 (something else)    (somewhere else)               (something else)
        62155cae8         24 java.lang.String    .elementData[23].q             (object)
        62155cb00         72 [B                  .elementData[23].q.value       [72, 111, 112, 101, 32, 109, 101, 97, 110, 115, 32, 104, 111, 112, 105, 110, 103, 32, 119, 104, 101, 110, 32, 101, 118, 101, 114, 121, 116, 104, 105, 110, 103, 32, 115, 101, 101, 109, 115, 32, 104, 111, 112, 101, 108, 101, 115, 115, 46]
        62155cb48        168 (something else)    (somewhere else)               (something else)
        62155cbf0         16 model.Frase         .elementData[24]               (object)
        62155cc00         48 (something else)    (somewhere else)               (something else)
        62155cc30         24 java.lang.String    .elementData[24].q             (object)
        62155cc48         64 [B                  .elementData[24].q.value       [70, 97, 115, 104, 105, 111, 110, 32, 102, 97, 100, 101, 115, 44, 32, 111, 110, 108, 121, 32, 115, 116, 121, 108, 101, 32, 114, 101, 109, 97, 105, 110, 115, 32, 116, 104, 101, 32, 115, 97, 109, 101, 46]
        62155cc88        168 (something else)    (somewhere else)               (something else)
        62155cd30         16 model.Frase         .elementData[25]               (object)
        62155cd40         48 (something else)    (somewhere else)               (something else)
        62155cd70         24 java.lang.String    .elementData[25].q             (object)
        62155cd88         72 [B                  .elementData[25].q.value       [84, 104, 111, 115, 101, 32, 119, 104, 111, 32, 97, 114, 101, 32, 101, 110, 108, 105, 103, 104, 116, 101, 110, 101, 100, 32, 110, 101, 118, 101, 114, 32, 115, 116, 111, 112, 32, 102, 111, 114, 103, 105, 110, 103, 32, 116, 104, 101, 109, 115, 101, 108, 118, 101, 115, 46]
        62155cdd0        168 (something else)    (somewhere else)               (something else)
        62155ce78         16 model.Frase         .elementData[26]               (object)
        62155ce88         48 (something else)    (somewhere else)               (something else)
        62155ceb8         24 java.lang.String    .elementData[26].q             (object)
        62155ced0         80 [B                  .elementData[26].q.value       [84, 104, 101, 32, 103, 111, 108, 100, 101, 110, 32, 111, 112, 112, 111, 114, 116, 117, 110, 105, 116, 121, 32, 121, 111, 117, 32, 97, 114, 101, 32, 115, 101, 101, 107, 105, 110, 103, 32, 105, 115, 32, 119, 105, 116, 104, 105, 110, 32, 121, 111, 117, 114, 115, 101, 108, 102, 46]
        62155cf20        168 (something else)    (somewhere else)               (something else)
        62155cfc8         16 model.Frase         .elementData[27]               (object)
        62155cfd8         48 (something else)    (somewhere else)               (something else)
        62155d008         24 java.lang.String    .elementData[27].q             (object)
        62155d020         72 [B                  .elementData[27].q.value       [70, 101, 97, 114, 32, 105, 115, 32, 121, 111, 117, 114, 32, 119, 111, 114, 115, 116, 32, 101, 110, 101, 109, 121, 46, 32, 82, 105, 115, 107, 32, 105, 115, 32, 121, 111, 117, 114, 32, 98, 101, 115, 116, 32, 102, 114, 105, 101, 110, 100, 46]
        62155d068        168 (something else)    (somewhere else)               (something else)
        62155d110         16 model.Frase         .elementData[28]               (object)
        62155d120         48 (something else)    (somewhere else)               (something else)
        62155d150         24 java.lang.String    .elementData[28].q             (object)
        62155d168         64 [B                  .elementData[28].q.value       [67, 111, 117, 114, 97, 103, 101, 32, 73, 115, 32, 97, 32, 76, 111, 118, 101, 32, 65, 102, 102, 97, 105, 114, 32, 119, 105, 116, 104, 32, 116, 104, 101, 32, 85, 110, 107, 110, 111, 119, 110]
        62155d1a8        168 (something else)    (somewhere else)               (something else)
        62155d250         16 model.Frase         .elementData[29]               (object)
        62155d260         48 (something else)    (somewhere else)               (something else)
        62155d290         24 java.lang.String    .elementData[29].q             (object)
        62155d2a8         72 [B                  .elementData[29].q.value       [70, 105, 114, 115, 116, 32, 108, 101, 97, 114, 110, 32, 116, 104, 101, 32, 109, 101, 97, 110, 105, 110, 103, 32, 111, 102, 32, 119, 104, 97, 116, 32, 121, 111, 117, 32, 115, 97, 121, 44, 32, 97, 110, 100, 32, 116, 104, 101, 110, 32, 115, 112, 101, 97, 107, 46]
        62155d2f0        224 (something else)    (somewhere else)               (something else)
        62155d3d0         16 model.Frase         .elementData[30]               (object)
        62155d3e0         48 (something else)    (somewhere else)               (something else)
        62155d410         24 java.lang.String    .elementData[30].q             (object)
        62155d428         64 [B                  .elementData[30].q.value       [67, 117, 114, 105, 111, 115, 105, 116, 121, 32, 105, 115, 32, 116, 104, 101, 32, 109, 111, 115, 116, 32, 112, 111, 119, 101, 114, 102, 117, 108, 32, 116, 104, 105, 110, 103, 32, 121, 111, 117, 32, 111, 119, 110, 46]
        62155d468        168 (something else)    (somewhere else)               (something else)
        62155d510         16 model.Frase         .elementData[31]               (object)
        62155d520         48 (something else)    (somewhere else)               (something else)
        62155d550         24 java.lang.String    .elementData[31].q             (object)
        62155d568        104 [B                  .elementData[31].q.value       [84, 104, 101, 32, 109, 101, 97, 110, 105, 110, 103, 32, 111, 102, 32, 108, 105, 102, 101, 32, 105, 115, 32, 106, 117, 115, 116, 32, 116, 111, 32, 98, 101, 32, 97, 108, 105, 118, 101, 46, 32, 73, 116, 32, 105, 115, 32, 115, 111, 32, 112, 108, 97, 105, 110, 32, 97, 110, 100, 32, 115, 111, 32, 111, 98, 118, 105, 111, 117, 115, 32, 97, 110, 100, 32, 115, 111, 32, 115, 105, 109, 112, 108, 101, 46]
        62155d5d0        168 (something else)    (somewhere else)               (something else)
        62155d678         16 model.Frase         .elementData[32]               (object)
        62155d688         48 (something else)    (somewhere else)               (something else)
        62155d6b8         24 java.lang.String    .elementData[32].q             (object)
        62155d6d0         72 [B                  .elementData[32].q.value       [89, 111, 117, 114, 32, 104, 101, 97, 114, 116, 32, 105, 115, 32, 102, 117, 108, 108, 32, 111, 102, 32, 102, 101, 114, 116, 105, 108, 101, 32, 115, 101, 101, 100, 115, 44, 32, 119, 97, 105, 116, 105, 110, 103, 32, 116, 111, 32, 115, 112, 114, 111, 117, 116, 46]
        62155d718        168 (something else)    (somewhere else)               (something else)
        62155d7c0         16 model.Frase         .elementData[33]               (object)
        62155d7d0         48 (something else)    (somewhere else)               (something else)
        62155d800         24 java.lang.String    .elementData[33].q             (object)
        62155d818        104 [B                  .elementData[33].q.value       [84, 104, 111, 117, 103, 104, 116, 115, 32, 98, 101, 99, 111, 109, 101, 32, 116, 104, 105, 110, 103, 115, 46, 32, 73, 102, 32, 121, 111, 117, 32, 115, 101, 101, 32, 105, 116, 32, 105, 110, 32, 121, 111, 117, 114, 32, 109, 105, 110, 100, 44, 32, 121, 111, 117, 32, 119, 105, 108, 108, 32, 104, 111, 108, 100, 32, 105, 116, 32, 105, 110, 32, 121, 111, 117, 114, 32, 104, 97, 110, 100, 46]
        62155d880        384 (something else)    (somewhere else)               (something else)
        62155da00         16 model.Frase         .elementData[34]               (object)
        62155da10         48 (something else)    (somewhere else)               (something else)
        62155da40         24 java.lang.String    .elementData[34].q             (object)
        62155da58         96 [B                  .elementData[34].q.value       [84, 104, 101, 32, 104, 97, 114, 100, 32, 112, 97, 116, 104, 32, 105, 115, 32, 111, 102, 116, 101, 110, 32, 116, 104, 101, 32, 114, 105, 103, 104, 116, 32, 111, 110, 101, 46, 32, 84, 104, 101, 32, 114, 105, 118, 101, 114, 32, 116, 101, 97, 99, 104, 101, 115, 32, 109, 111, 114, 101, 32, 116, 104, 97, 110, 32, 116, 104, 101, 32, 115, 104, 111, 114, 101, 46]
        62155dab8        168 (something else)    (somewhere else)               (something else)
        62155db60         16 model.Frase         .elementData[35]               (object)
        62155db70         48 (something else)    (somewhere else)               (something else)
        62155dba0         24 java.lang.String    .elementData[35].q             (object)
        62155dbb8        104 [B                  .elementData[35].q.value       [68, 111, 32, 110, 111, 116, 32, 116, 114, 121, 32, 116, 111, 32, 98, 101, 32, 111, 110, 32, 116, 104, 101, 32, 115, 105, 100, 101, 32, 111, 102, 32, 116, 104, 101, 32, 109, 97, 106, 111, 114, 105, 116, 121, 44, 32, 98, 117, 116, 32, 108, 105, 118, 101, 32, 97, 99, 99, 111, 114, 100, 105, 110, 103, 32, 116, 111, 32, 121, 111, 117, 114, 32, 105, 110, 110, 101, 114, 32, 108, 97, 119, 115, 46]
        62155dc20        168 (something else)    (somewhere else)               (something else)
        62155dcc8         16 model.Frase         .elementData[36]               (object)
        62155dcd8         48 (something else)    (somewhere else)               (something else)
        62155dd08         24 java.lang.String    .elementData[36].q             (object)
        62155dd20        120 [B                  .elementData[36].q.value       [66, 101, 32, 103, 101, 110, 116, 108, 101, 32, 119, 105, 116, 104, 32, 121, 111, 117, 114, 115, 101, 108, 102, 46, 32, 84, 104, 105, 110, 107, 32, 108, 101, 115, 115, 32, 97, 110, 100, 32, 102, 101, 101, 108, 32, 109, 111, 114, 101, 46, 32, 66, 101, 32, 97, 115, 32, 104, 97, 112, 112, 121, 32, 97, 115, 32, 121, 111, 117, 32, 99, 97, 110, 46, 32, 89, 111, 117, 32, 111, 110, 108, 121, 32, 104, 97, 118, 101, 32, 116, 104, 105, 115, 32, 109, 111, 109, 101, 110, 116, 46]
        62155dd98        168 (something else)    (somewhere else)               (something else)
        62155de40         16 model.Frase         .elementData[37]               (object)
        62155de50         48 (something else)    (somewhere else)               (something else)
        62155de80         24 java.lang.String    .elementData[37].q             (object)
        62155de98         80 [B                  .elementData[37].q.value       [73, 32, 99, 97, 110, 32, 108, 105, 118, 101, 32, 119, 105, 116, 104, 111, 117, 116, 32, 109, 111, 110, 101, 121, 44, 32, 98, 117, 116, 32, 73, 32, 99, 97, 110, 110, 111, 116, 32, 108, 105, 118, 101, 32, 119, 105, 116, 104, 111, 117, 116, 32, 108, 111, 118, 101, 46]
        62155dee8        168 (something else)    (somewhere else)               (something else)
        62155df90         16 model.Frase         .elementData[38]               (object)
        62155dfa0         48 (something else)    (somewhere else)               (something else)
        62155dfd0         24 java.lang.String    .elementData[38].q             (object)
        62155dfe8         88 [B                  .elementData[38].q.value       [87, 101, 32, 109, 117, 115, 116, 32, 108, 101, 97, 114, 110, 32, 116, 111, 32, 108, 105, 118, 101, 32, 116, 111, 103, 101, 116, 104, 101, 114, 32, 97, 115, 32, 98, 114, 111, 116, 104, 101, 114, 115, 32, 111, 114, 32, 112, 101, 114, 105, 115, 104, 32, 116, 111, 103, 101, 116, 104, 101, 114, 32, 97, 115, 32, 102, 111, 111, 108, 115, 46]
        62155e040        168 (something else)    (somewhere else)               (something else)
        62155e0e8         16 model.Frase         .elementData[39]               (object)
        62155e0f8         48 (something else)    (somewhere else)               (something else)
        62155e128         24 java.lang.String    .elementData[39].q             (object)
        62155e140        128 [B                  .elementData[39].q.value       [72, 101, 32, 105, 115, 32, 97, 32, 119, 105, 115, 101, 32, 109, 97, 110, 32, 119, 104, 111, 32, 100, 111, 101, 115, 32, 110, 111, 116, 32, 103, 114, 105, 101, 118, 101, 32, 102, 111, 114, 32, 116, 104, 101, 32, 116, 104, 105, 110, 103, 115, 32, 119, 104, 105, 99, 104, 32, 104, 101, 32, 104, 97, 115, 32, 110, 111, 116, 44, 32, 98, 117, 116, 32, 114, 101, 106, 111, 105, 99, 101, 115, 32, 102, 111, 114, 32, 116, 104, 111, 115, 101, 32, 119, 104, 105, 99, 104, 32, 104, 101, 32, 104, 97, 115, 46]
        62155e1c0        168 (something else)    (somewhere else)               (something else)
        62155e268         16 model.Frase         .elementData[40]               (object)
        62155e278         48 (something else)    (somewhere else)               (something else)
        62155e2a8         24 java.lang.String    .elementData[40].q             (object)
        62155e2c0         64 [B                  .elementData[40].q.value       [84, 114, 117, 116, 104, 32, 105, 115, 32, 101, 120, 97, 99, 116, 32, 99, 111, 114, 114, 101, 115, 112, 111, 110, 100, 101, 110, 99, 101, 32, 119, 105, 116, 104, 32, 114, 101, 97, 108, 105, 116, 121, 46, 32]
        62155e300        168 (something else)    (somewhere else)               (something else)
        62155e3a8         16 model.Frase         .elementData[41]               (object)
        62155e3b8         48 (something else)    (somewhere else)               (something else)
        62155e3e8         24 java.lang.String    .elementData[41].q             (object)
        62155e400        120 [B                  .elementData[41].q.value       [66, 101, 32, 116, 104, 101, 32, 114, 101, 97, 115, 111, 110, 32, 115, 111, 109, 101, 111, 110, 101, 32, 115, 109, 105, 108, 101, 115, 46, 32, 66, 101, 32, 116, 104, 101, 32, 114, 101, 97, 115, 111, 110, 32, 115, 111, 109, 101, 111, 110, 101, 32, 102, 101, 101, 108, 115, 32, 108, 111, 118, 101, 100, 32, 97, 110, 100, 32, 98, 101, 108, 105, 101, 118, 101, 115, 32, 105, 110, 32, 116, 104, 101, 32, 103, 111, 111, 100, 110, 101, 115, 115, 32, 105, 110, 32, 112, 101, 111, 112, 108, 101, 46]
        62155e478        168 (something else)    (somewhere else)               (something else)
        62155e520         16 model.Frase         .elementData[42]               (object)
        62155e530         48 (something else)    (somewhere else)               (something else)
        62155e560         24 java.lang.String    .elementData[42].q             (object)
        62155e578         48 [B                  .elementData[42].q.value       [67, 111, 110, 102, 105, 100, 101, 110, 99, 101, 32, 98, 114, 101, 101, 100, 115, 32, 98, 101, 97, 117, 116, 121, 46, 32, 32]
        62155e5a8        168 (something else)    (somewhere else)               (something else)
        62155e650         16 model.Frase         .elementData[43]               (object)
        62155e660         48 (something else)    (somewhere else)               (something else)
        62155e690         24 java.lang.String    .elementData[43].q             (object)
        62155e6a8        136 [B                  .elementData[43].q.value       [78, 111, 116, 104, 105, 110, 103, 32, 103, 105, 118, 101, 115, 32, 111, 110, 101, 32, 112, 101, 114, 115, 111, 110, 32, 115, 111, 32, 109, 117, 99, 104, 32, 97, 100, 118, 97, 110, 116, 97, 103, 101, 32, 111, 118, 101, 114, 32, 97, 110, 111, 116, 104, 101, 114, 32, 97, 115, 32, 116, 111, 32, 114, 101, 109, 97, 105, 110, 32, 97, 108, 119, 97, 121, 115, 32, 99, 111, 111, 108, 32, 97, 110, 100, 32, 117, 110, 114, 117, 102, 102, 108, 101, 100, 32, 117, 110, 100, 101, 114, 32, 97, 108, 108, 32, 99, 105, 114, 99, 117, 109, 115, 116, 97, 110, 99, 101, 115, 46]
        62155e730        168 (something else)    (somewhere else)               (something else)
        62155e7d8         16 model.Frase         .elementData[44]               (object)
        62155e7e8        224 (something else)    (somewhere else)               (something else)
        62155e8c8         24 java.lang.String    .elementData[44].q             (object)
        62155e8e0         96 [B                  .elementData[44].q.value       [66, 101, 108, 105, 101, 118, 101, 32, 116, 104, 97, 116, 32, 108, 105, 102, 101, 32, 105, 115, 32, 119, 111, 114, 116, 104, 32, 108, 105, 118, 105, 110, 103, 32, 97, 110, 100, 32, 121, 111, 117, 114, 32, 98, 101, 108, 105, 101, 102, 32, 119, 105, 108, 108, 32, 104, 101, 108, 112, 32, 99, 114, 101, 97, 116, 101, 32, 116, 104, 101, 32, 102, 97, 99, 116, 46]
        62155e940        168 (something else)    (somewhere else)               (something else)
        62155e9e8         16 model.Frase         .elementData[45]               (object)
        62155e9f8         48 (something else)    (somewhere else)               (something else)
        62155ea28         24 java.lang.String    .elementData[45].q             (object)
        62155ea40         96 [B                  .elementData[45].q.value       [68, 111, 32, 110, 111, 116, 32, 98, 101, 108, 105, 101, 118, 101, 32, 116, 104, 97, 116, 32, 121, 111, 117, 32, 119, 105, 108, 108, 32, 114, 101, 97, 99, 104, 32, 121, 111, 117, 114, 32, 100, 101, 115, 116, 105, 110, 97, 116, 105, 111, 110, 32, 119, 105, 116, 104, 111, 117, 116, 32, 108, 101, 97, 118, 105, 110, 103, 32, 116, 104, 101, 32, 115, 104, 111, 114, 101, 46, 32]
        62155eaa0        168 (something else)    (somewhere else)               (something else)
        62155eb48         16 model.Frase         .elementData[46]               (object)
        62155eb58         48 (something else)    (somewhere else)               (something else)
        62155eb88         24 java.lang.String    .elementData[46].q             (object)
        62155eba0         88 [B                  .elementData[46].q.value       [68, 111, 32, 103, 111, 111, 100, 44, 32, 108, 105, 118, 101, 32, 105, 110, 32, 116, 104, 101, 32, 109, 111, 115, 116, 32, 112, 111, 115, 105, 116, 105, 118, 101, 32, 97, 110, 100, 32, 106, 111, 121, 102, 117, 108, 32, 119, 97, 121, 32, 112, 111, 115, 115, 105, 98, 108, 101, 32, 101, 118, 101, 114, 121, 32, 100, 97, 121, 46]
        62155ebf8        168 (something else)    (somewhere else)               (something else)
        62155eca0         16 model.Frase         .elementData[47]               (object)
        62155ecb0         48 (something else)    (somewhere else)               (something else)
        62155ece0         24 java.lang.String    .elementData[47].q             (object)
        62155ecf8        120 [B                  .elementData[47].q.value       [84, 104, 101, 32, 104, 97, 112, 112, 105, 110, 101, 115, 115, 32, 111, 102, 32, 121, 111, 117, 114, 32, 108, 105, 102, 101, 32, 100, 101, 112, 101, 110, 100, 115, 32, 117, 112, 111, 110, 32, 116, 104, 101, 32, 113, 117, 97, 108, 105, 116, 121, 32, 111, 102, 32, 121, 111, 117, 114, 32, 116, 104, 111, 117, 103, 104, 116, 115, 59, 32, 116, 104, 101, 114, 101, 102, 111, 114, 101, 32, 103, 117, 97, 114, 100, 32, 97, 99, 99, 111, 114, 100, 105, 110, 103, 108, 121, 46]
        62155ed70        168 (something else)    (somewhere else)               (something else)
        62155ee18         16 model.Frase         .elementData[48]               (object)
        62155ee28         48 (something else)    (somewhere else)               (something else)
        62155ee58         24 java.lang.String    .elementData[48].q             (object)
        62155ee70         72 [B                  .elementData[48].q.value       [66, 101, 32, 107, 105, 110, 100, 32, 119, 104, 101, 110, 101, 118, 101, 114, 32, 112, 111, 115, 115, 105, 98, 108, 101, 46, 32, 73, 116, 32, 105, 115, 32, 97, 108, 119, 97, 121, 115, 32, 112, 111, 115, 115, 105, 98, 108, 101, 46]
        62155eeb8        168 (something else)    (somewhere else)               (something else)
        62155ef60         16 model.Frase         .elementData[49]               (object)
        62155ef70         48 (something else)    (somewhere else)               (something else)
        62155efa0         24 java.lang.String    .elementData[49].q             (object)
        62155efb8         64 [B                  .elementData[49].q.value       [79, 110, 101, 32, 111, 102, 32, 116, 104, 101, 32, 107, 101, 121, 115, 32, 116, 111, 32, 104, 97, 112, 112, 105, 110, 101, 115, 115, 32, 105, 115, 32, 97, 32, 98, 97, 100, 32, 109, 101, 109, 111, 114, 121, 46]
        62155eff8        144 (something else)    (somewhere else)               (something else)
        62155f088        312 [Ljava.lang.Object; .elementData                   [(object), (object), (object), (object), (object), (object), (object), (object), (object), (object), (object), (object), (object), (object), (object), (object), (object), (object), (object), (object), (object), (object), (object), (object), (object), (object), (object), (object), (object), (object), (object), (object), (object), (object), (object), (object), (object), (object), (object), (object), (object), (object), (object), (object), (object), (object), (object), (object), (object), (object), null, null, null, null, null, null, null, null, null, null, null, null, null, null, null, null, null, null, null, null, null, null, null]

Addresses are stable after 1 tries.


|====== Tamanio total en memoria ======|
6664 bytes
2025-09-10 18:47:10 [main] INFO  performance - Peso de fraseEncriptada: 
|====== Layout Interno ======|
java.util.ArrayDeque object internals:
OFF  SZ                 TYPE DESCRIPTION               VALUE
  0   8                      (object header: mark)     0x0000004362d7df01 (hash: 0x4362d7df; age: 0)
  8   4                      (object header: class)    0x0020cf90
 12   4                  int ArrayDeque.head           0
 16   4                  int ArrayDeque.tail           10
 20   4   java.lang.Object[] ArrayDeque.elements       [(object), (object), (object), (object), (object), (object), (object), (object), (object), (object), null, null, null, null, null, null, null]
Instance size: 24 bytes
Space losses: 0 bytes internal + 0 bytes external = 0 bytes total

|====== Layout con Referencias ======|
java.util.ArrayDeque@4362d7dfd object externals:
          ADDRESS       SIZE TYPE                 PATH                           VALUE
        601ccd670         16 java.lang.Integer    .elements[9].cabeza.referencia.referencia.referencia.referencia.referencia.referencia.valor 59
        601ccd680        512 (something else)     (somewhere else)               (something else)
        601ccd880         16 java.lang.Integer    .elements[3].cabeza.referencia.referencia.valor 126
        601ccd890         32 (something else)     (somewhere else)               (something else)
        601ccd8b0         16 java.lang.Integer    .elements[9].cabeza.referencia.referencia.referencia.referencia.valor 123
        601ccd8c0         16 java.lang.Integer    .elements[3].cabeza.referencia.referencia.referencia.valor 122
        601ccd8d0         16 java.lang.Integer    .elements[5].cabeza.referencia.referencia.referencia.referencia.referencia.valor 121
        601ccd8e0         16 (something else)     (somewhere else)               (something else)
        601ccd8f0         16 java.lang.Integer    .elements[5].cabeza.referencia.referencia.referencia.valor 119
        601ccd900         16 java.lang.Integer    .elements[9].cabeza.referencia.referencia.referencia.valor 118
        601ccd910         16 java.lang.Integer    .elements[5].cabeza.referencia.referencia.valor 117
        601ccd920         32 (something else)     (somewhere else)               (something else)
        601ccd940         16 java.lang.Integer    .elements[9].cabeza.referencia.referencia.valor 114
        601ccd950         16 java.lang.Integer    .elements[0].cabeza.referencia.valor 113
        601ccd960         16 java.lang.Integer    .elements[1].cabeza.valor      112
        601ccd970         16 (something else)     (somewhere else)               (something else)
        601ccd980         16 java.lang.Integer    .elements[9].cabeza.valor      110
        601ccd990         16 (something else)     (somewhere else)               (something else)
        601ccd9a0         16 java.lang.Integer    .elements[3].cabeza.valor      108
        601ccd9b0         16 java.lang.Integer    .elements[2].cabeza.referencia.valor 107
        601ccd9c0         16 java.lang.Integer    .elements[6].cabeza.valor      106
        601ccd9d0         16 java.lang.Integer    .elements[8].cabeza.referencia.referencia.valor 105
        601ccd9e0         16 java.lang.Integer    .elements[9].cabeza.referencia.valor 104
        601ccd9f0         48 (something else)     (somewhere else)               (something else)
        601ccda20         16 java.lang.Integer    .elements[8].cabeza.referencia.valor 100
        601ccda30         16 java.lang.Integer    .elements[8].cabeza.valor      99
        601ccda40      21136 (something else)     (somewhere else)               (something else)
        601cd2cd0         16 java.lang.Integer    .elements[7].cabeza.valor      98
        601cd2ce0        272 (something else)     (somewhere else)               (something else)
        601cd2df0         16 java.lang.Integer    .elements[0].cabeza.valor      80
        601cd2e00  520532064 (something else)     (somewhere else)               (something else)
        620d3de60         24 java.util.ArrayDeque                                (object)
        620d3de78         64 (something else)     (somewhere else)               (something else)
        620d3deb8         88 [Ljava.lang.Object;  .elements                      [(object), (object), (object), (object), (object), (object), (object), (object), (object), (object), null, null, null, null, null, null, null]
        620d3df10        704 (something else)     (somewhere else)               (something else)
        620d3e1d0         24 model.LinkedList     .elements[0]                   (object)
        620d3e1e8         72 (something else)     (somewhere else)               (something else)
        620d3e230         24 model.Nodo           .elements[0].cabeza            (object)
        620d3e248         96 (something else)     (somewhere else)               (something else)
        620d3e2a8         24 model.Nodo           .elements[0].cabeza.referencia (object)
        620d3e2c0        144 (something else)     (somewhere else)               (something else)
        620d3e350         24 model.Nodo           .elements[0].cabeza.referencia.referencia (object)
        620d3e368        360 (something else)     (somewhere else)               (something else)
        620d3e4d0         24 model.LinkedList     .elements[1]                   (object)
        620d3e4e8         72 (something else)     (somewhere else)               (something else)
        620d3e530         24 model.Nodo           .elements[1].cabeza            (object)
        620d3e548         96 (something else)     (somewhere else)               (something else)
        620d3e5a8         24 model.Nodo           .elements[1].cabeza.referencia (object)
        620d3e5c0        360 (something else)     (somewhere else)               (something else)
        620d3e728         24 model.LinkedList     .elements[2]                   (object)
        620d3e740         72 (something else)     (somewhere else)               (something else)
        620d3e788         24 model.Nodo           .elements[2].cabeza            (object)
        620d3e7a0         96 (something else)     (somewhere else)               (something else)
        620d3e800         24 model.Nodo           .elements[2].cabeza.referencia (object)
        620d3e818        144 (something else)     (somewhere else)               (something else)
        620d3e8a8         24 model.Nodo           .elements[2].cabeza.referencia.referencia (object)
        620d3e8c0        360 (something else)     (somewhere else)               (something else)
        620d3ea28         24 model.LinkedList     .elements[3]                   (object)
        620d3ea40         72 (something else)     (somewhere else)               (something else)
        620d3ea88         24 model.Nodo           .elements[3].cabeza            (object)
        620d3eaa0         96 (something else)     (somewhere else)               (something else)
        620d3eb00         24 model.Nodo           .elements[3].cabeza.referencia (object)
        620d3eb18        144 (something else)     (somewhere else)               (something else)
        620d3eba8         24 model.Nodo           .elements[3].cabeza.referencia.referencia (object)
        620d3ebc0        144 (something else)     (somewhere else)               (something else)
        620d3ec50         24 model.Nodo           .elements[3].cabeza.referencia.referencia.referencia (object)
        620d3ec68        504 (something else)     (somewhere else)               (something else)
        620d3ee60         24 model.LinkedList     .elements[4]                   (object)
        620d3ee78         72 (something else)     (somewhere else)               (something else)
        620d3eec0         24 model.Nodo           .elements[4].cabeza            (object)
        620d3eed8         96 (something else)     (somewhere else)               (something else)
        620d3ef38         24 model.Nodo           .elements[4].cabeza.referencia (object)
        620d3ef50        360 (something else)     (somewhere else)               (something else)
        620d3f0b8         24 model.LinkedList     .elements[5]                   (object)
        620d3f0d0         88 (something else)     (somewhere else)               (something else)
        620d3f128         24 model.Nodo           .elements[5].cabeza            (object)
        620d3f140         96 (something else)     (somewhere else)               (something else)
        620d3f1a0         24 model.Nodo           .elements[5].cabeza.referencia (object)
        620d3f1b8        144 (something else)     (somewhere else)               (something else)
        620d3f248         24 model.Nodo           .elements[5].cabeza.referencia.referencia (object)
        620d3f260        144 (something else)     (somewhere else)               (something else)
        620d3f2f0         24 model.Nodo           .elements[5].cabeza.referencia.referencia.referencia (object)
        620d3f308        144 (something else)     (somewhere else)               (something else)
        620d3f398         24 model.Nodo           .elements[5].cabeza.referencia.referencia.referencia.referencia (object)
        620d3f3b0        144 (something else)     (somewhere else)               (something else)
        620d3f440         24 model.Nodo           .elements[5].cabeza.referencia.referencia.referencia.referencia.referencia (object)
        620d3f458        144 (something else)     (somewhere else)               (something else)
        620d3f4e8         24 model.Nodo           .elements[5].cabeza.referencia.referencia.referencia.referencia.referencia.referencia (object)
        620d3f500        144 (something else)     (somewhere else)               (something else)
        620d3f590         16 java.lang.Integer    .elements[5].cabeza.referencia.referencia.referencia.referencia.referencia.referencia.referencia.valor 130
        620d3f5a0         24 model.Nodo           .elements[5].cabeza.referencia.referencia.referencia.referencia.referencia.referencia.referencia (object)
        620d3f5b8        144 (something else)     (somewhere else)               (something else)
        620d3f648         16 java.lang.Integer    .elements[5].cabeza.referencia.referencia.referencia.referencia.referencia.referencia.referencia.referencia.valor 132
        620d3f658         24 model.Nodo           .elements[5].cabeza.referencia.referencia.referencia.referencia.referencia.referencia.referencia.referencia (object)
        620d3f670        792 (something else)     (somewhere else)               (something else)
        620d3f988         24 model.LinkedList     .elements[6]                   (object)
        620d3f9a0         72 (something else)     (somewhere else)               (something else)
        620d3f9e8         24 model.Nodo           .elements[6].cabeza            (object)
        620d3fa00         96 (something else)     (somewhere else)               (something else)
        620d3fa60         24 model.Nodo           .elements[6].cabeza.referencia (object)
        620d3fa78        360 (something else)     (somewhere else)               (something else)
        620d3fbe0         24 model.LinkedList     .elements[7]                   (object)
        620d3fbf8         72 (something else)     (somewhere else)               (something else)
        620d3fc40         24 model.Nodo           .elements[7].cabeza            (object)
        620d3fc58        264 (something else)     (somewhere else)               (something else)
        620d3fd60         24 model.LinkedList     .elements[8]                   (object)
        620d3fd78         72 (something else)     (somewhere else)               (something else)
        620d3fdc0         24 model.Nodo           .elements[8].cabeza            (object)
        620d3fdd8         96 (something else)     (somewhere else)               (something else)
        620d3fe38         24 model.Nodo           .elements[8].cabeza.referencia (object)
        620d3fe50        144 (something else)     (somewhere else)               (something else)
        620d3fee0         24 model.Nodo           .elements[8].cabeza.referencia.referencia (object)
        620d3fef8        360 (something else)     (somewhere else)               (something else)
        620d40060         24 model.LinkedList     .elements[9]                   (object)
        620d40078         80 (something else)     (somewhere else)               (something else)
        620d400c8         24 model.Nodo           .elements[9].cabeza            (object)
        620d400e0         96 (something else)     (somewhere else)               (something else)
        620d40140         24 model.Nodo           .elements[9].cabeza.referencia (object)
        620d40158        144 (something else)     (somewhere else)               (something else)
        620d401e8         24 model.Nodo           .elements[9].cabeza.referencia.referencia (object)
        620d40200        144 (something else)     (somewhere else)               (something else)
        620d40290         24 model.Nodo           .elements[9].cabeza.referencia.referencia.referencia (object)
        620d402a8        144 (something else)     (somewhere else)               (something else)
        620d40338         24 model.Nodo           .elements[9].cabeza.referencia.referencia.referencia.referencia (object)
        620d40350        144 (something else)     (somewhere else)               (something else)
        620d403e0         16 java.lang.Integer    .elements[9].cabeza.referencia.referencia.referencia.referencia.referencia.valor 132
        620d403f0         24 model.Nodo           .elements[9].cabeza.referencia.referencia.referencia.referencia.referencia (object)
        620d40408        144 (something else)     (somewhere else)               (something else)
        620d40498         24 model.Nodo           .elements[9].cabeza.referencia.referencia.referencia.referencia.referencia.referencia (object)

Addresses are stable after 1 tries.


|====== Tamanio total en memoria ======|
1600 bytes
2025-09-10 18:47:34 [main] INFO  performance - Peso de frasesOriginales: 
|====== Layout Interno ======|
java.util.ArrayList object internals:
OFF  SZ                 TYPE DESCRIPTION               VALUE
  0   8                      (object header: mark)     0x0000002136271201 (hash: 0x21362712; age: 0)
  8   4                      (object header: class)    0x000ba5e0
 12   4                  int AbstractList.modCount     50
 16   4                  int ArrayList.size            50
 20   4   java.lang.Object[] ArrayList.elementData     [(object), (object), (object), (object), (object), (object), (object), (object), (object), (object), (object), (object), (object), (object), (object), (object), (object), (object), (object), (object), (object), (object), (object), (object), (object), (object), (object), (object), (object), (object), (object), (object), (object), (object), (object), (object), (object), (object), (object), (object), (object), (object), (object), (object), (object), (object), (object), (object), (object), (object), null, null, null, null, null, null, null, null, null, null, null, null, null, null, null, null, null, null, null, null, null, null, null]
Instance size: 24 bytes
Space losses: 0 bytes internal + 0 bytes external = 0 bytes total

|====== Layout con Referencias ======|
java.util.ArrayList@21362712d object externals:
          ADDRESS       SIZE TYPE                PATH                           VALUE
        621529210         24 java.util.ArrayList                                (object)
        621529228     143352 (something else)    (somewhere else)               (something else)
        62154c220         16 model.Frase         .elementData[0]                (object)
        62154c230         48 (something else)    (somewhere else)               (something else)
        62154c260         24 java.lang.String    .elementData[0].q              (object)
        62154c278        120 [B                  .elementData[0].q.value        [72, 97, 118, 101, 32, 116, 104, 101, 32, 99, 111, 117, 114, 97, 103, 101, 32, 116, 111, 32, 102, 111, 108, 108, 111, 119, 32, 121, 111, 117, 114, 32, 104, 101, 97, 114, 116, 32, 97, 110, 100, 32, 105, 110, 116, 117, 105, 116, 105, 111, 110, 46, 32, 84, 104, 101, 121, 32, 115, 111, 109, 101, 104, 111, 119, 32, 107, 110, 111, 119, 32, 119, 104, 97, 116, 32, 121, 111, 117, 32, 116, 114, 117, 108, 121, 32, 119, 97, 110, 116, 32, 116, 111, 32, 98, 101, 99, 111, 109, 101, 46]
        62154c2f0       2472 (something else)    (somewhere else)               (something else)
        62154cc98         16 model.Frase         .elementData[1]                (object)
        62154cca8         48 (something else)    (somewhere else)               (something else)
        62154ccd8         24 java.lang.String    .elementData[1].q              (object)
        62154ccf0         96 [B                  .elementData[1].q.value        [84, 104, 101, 32, 108, 111, 110, 103, 101, 114, 32, 119, 101, 32, 100, 119, 101, 108, 108, 32, 111, 110, 32, 111, 117, 114, 32, 109, 105, 115, 102, 111, 114, 116, 117, 110, 101, 115, 44, 32, 116, 104, 101, 32, 103, 114, 101, 97, 116, 101, 114, 32, 105, 115, 32, 116, 104, 101, 105, 114, 32, 112, 111, 119, 101, 114, 32, 116, 111, 32, 104, 97, 114, 109, 32, 117, 115, 46]
        62154cd50        168 (something else)    (somewhere else)               (something else)
        62154cdf8         16 model.Frase         .elementData[2]                (object)
        62154ce08         48 (something else)    (somewhere else)               (something else)
        62154ce38         24 java.lang.String    .elementData[2].q              (object)
        62154ce50         64 [B                  .elementData[2].q.value        [87, 114, 105, 116, 101, 32, 116, 111, 32, 104, 101, 108, 112, 32, 121, 111, 117, 114, 115, 101, 108, 102, 44, 32, 112, 117, 98, 108, 105, 115, 104, 32, 116, 111, 32, 104, 101, 108, 112, 32, 111, 116, 104, 101, 114, 115, 46]
        62154ce90        168 (something else)    (somewhere else)               (something else)
        62154cf38         16 model.Frase         .elementData[3]                (object)
        62154cf48         48 (something else)    (somewhere else)               (something else)
        62154cf78         24 java.lang.String    .elementData[3].q              (object)
        62154cf90         72 [B                  .elementData[3].q.value        [84, 104, 101, 114, 101, 32, 105, 115, 32, 110, 111, 32, 118, 97, 108, 117, 101, 32, 105, 110, 32, 97, 110, 121, 116, 104, 105, 110, 103, 32, 117, 110, 116, 105, 108, 32, 105, 116, 32, 105, 115, 32, 102, 105, 110, 105, 115, 104, 101, 100, 46, 32]
        62154cfd8        168 (something else)    (somewhere else)               (something else)
        62154d080         16 model.Frase         .elementData[4]                (object)
        62154d090         48 (something else)    (somewhere else)               (something else)
        62154d0c0         24 java.lang.String    .elementData[4].q              (object)
        62154d0d8         48 [B                  .elementData[4].q.value        [66, 101, 32, 99, 117, 114, 105, 111, 117, 115, 44, 32, 110, 111, 116, 32, 106, 117, 100, 103, 109, 101, 110, 116, 97, 108, 46]
        62154d108        168 (something else)    (somewhere else)               (something else)
        62154d1b0         16 model.Frase         .elementData[5]                (object)
        62154d1c0         48 (something else)    (somewhere else)               (something else)
        62154d1f0         24 java.lang.String    .elementData[5].q              (object)
        62154d208         96 [B                  .elementData[5].q.value        [76, 101, 97, 114, 110, 32, 111, 110, 108, 121, 32, 104, 111, 119, 32, 116, 111, 32, 97, 118, 111, 105, 100, 32, 115, 101, 101, 107, 105, 110, 103, 32, 102, 111, 114, 32, 97, 110, 100, 32, 97, 116, 116, 97, 99, 104, 105, 110, 103, 32, 121, 111, 117, 114, 115, 101, 108, 118, 101, 115, 32, 116, 111, 32, 97, 110, 121, 116, 104, 105, 110, 103, 46]
        62154d268        168 (something else)    (somewhere else)               (something else)
        62154d310         16 model.Frase         .elementData[6]                (object)
        62154d320         48 (something else)    (somewhere else)               (something else)
        62154d350         24 java.lang.String    .elementData[6].q              (object)
        62154d368         72 [B                  .elementData[6].q.value        [69, 118, 101, 114, 121, 111, 110, 101, 32, 119, 97, 110, 116, 115, 32, 116, 111, 32, 103, 111, 32, 116, 111, 32, 72, 101, 97, 118, 101, 110, 44, 32, 98, 117, 116, 32, 110, 111, 32, 111, 110, 101, 32, 119, 97, 110, 116, 115, 32, 116, 111, 32, 100, 105, 101, 46]
        62154d3b0        168 (something else)    (somewhere else)               (something else)
        62154d458         16 model.Frase         .elementData[7]                (object)
        62154d468         48 (something else)    (somewhere else)               (something else)
        62154d498         24 java.lang.String    .elementData[7].q              (object)
        62154d4b0         96 [B                  .elementData[7].q.value        [84, 104, 101, 32, 112, 101, 114, 115, 111, 110, 32, 119, 104, 111, 32, 99, 97, 110, 110, 111, 116, 32, 99, 111, 110, 116, 114, 111, 108, 32, 104, 105, 115, 32, 119, 111, 114, 100, 115, 32, 115, 104, 111, 119, 115, 32, 116, 104, 97, 116, 32, 104, 101, 32, 99, 97, 110, 110, 111, 116, 32, 99, 111, 110, 116, 114, 111, 108, 32, 104, 105, 109, 115, 101, 108, 102, 46]
        62154d510        168 (something else)    (somewhere else)               (something else)
        62154d5b8         16 model.Frase         .elementData[8]                (object)
        62154d5c8         48 (something else)    (somewhere else)               (something else)
        62154d5f8         24 java.lang.String    .elementData[8].q              (object)
        62154d610         64 [B                  .elementData[8].q.value        [87, 104, 111, 101, 118, 101, 114, 32, 105, 115, 32, 104, 97, 112, 112, 121, 32, 119, 105, 108, 108, 32, 109, 97, 107, 101, 32, 111, 116, 104, 101, 114, 115, 32, 104, 97, 112, 112, 121, 32, 116, 111, 111, 46]
        62154d650        168 (something else)    (somewhere else)               (something else)
        62154d6f8         16 model.Frase         .elementData[9]                (object)
        62154d708         48 (something else)    (somewhere else)               (something else)
        62154d738         24 java.lang.String    .elementData[9].q              (object)
        62154d750         80 [B                  .elementData[9].q.value        [84, 104, 101, 32, 106, 111, 121, 32, 111, 102, 32, 108, 105, 102, 101, 32, 99, 111, 109, 101, 115, 32, 102, 114, 111, 109, 32, 111, 117, 114, 32, 101, 110, 99, 111, 117, 110, 116, 101, 114, 115, 32, 119, 105, 116, 104, 32, 110, 101, 119, 32, 101, 120, 112, 101, 114, 105, 101, 110, 99, 101, 115, 46]
        62154d7a0        168 (something else)    (somewhere else)               (something else)
        62154d848         16 model.Frase         .elementData[10]               (object)
        62154d858         48 (something else)    (somewhere else)               (something else)
        62154d888         24 java.lang.String    .elementData[10].q             (object)
        62154d8a0         72 [B                  .elementData[10].q.value       [65, 108, 108, 32, 116, 104, 105, 110, 103, 115, 32, 99, 111, 109, 101, 32, 105, 110, 116, 111, 32, 98, 101, 105, 110, 103, 32, 98, 121, 32, 99, 111, 110, 102, 108, 105, 99, 116, 32, 111, 102, 32, 111, 112, 112, 111, 115, 105, 116, 101, 115, 46]
        62154d8e8        248 (something else)    (somewhere else)               (something else)
        62154d9e0         16 model.Frase         .elementData[11]               (object)
        62154d9f0         48 (something else)    (somewhere else)               (something else)
        62154da20         24 java.lang.String    .elementData[11].q             (object)
        62154da38         72 [B                  .elementData[11].q.value       [78, 111, 116, 104, 105, 110, 103, 32, 98, 114, 105, 110, 103, 115, 32, 100, 111, 119, 110, 32, 119, 97, 108, 108, 115, 32, 97, 115, 32, 115, 117, 114, 101, 108, 121, 32, 97, 115, 32, 97, 99, 99, 101, 112, 116, 97, 110, 99, 101, 46]
        62154da80        168 (something else)    (somewhere else)               (something else)
        62154db28         16 model.Frase         .elementData[12]               (object)
        62154db38         48 (something else)    (somewhere else)               (something else)
        62154db68         24 java.lang.String    .elementData[12].q             (object)
        62154db80        104 [B                  .elementData[12].q.value       [66, 101, 102, 111, 114, 101, 32, 112, 114, 101, 112, 97, 114, 105, 110, 103, 32, 116, 111, 32, 105, 109, 112, 114, 111, 118, 101, 32, 116, 104, 101, 32, 119, 111, 114, 108, 100, 44, 32, 102, 105, 114, 115, 116, 32, 108, 111, 111, 107, 32, 97, 114, 111, 117, 110, 100, 32, 121, 111, 117, 114, 32, 111, 119, 110, 32, 104, 111, 109, 101, 32, 116, 104, 114, 101, 101, 32, 116, 105, 109, 101, 115, 46, 32]
        62154dbe8        168 (something else)    (somewhere else)               (something else)
        62154dc90         16 model.Frase         .elementData[13]               (object)
        62154dca0         48 (something else)    (somewhere else)               (something else)
        62154dcd0         24 java.lang.String    .elementData[13].q             (object)
        62154dce8         72 [B                  .elementData[13].q.value       [73, 110, 32, 108, 105, 102, 101, 32, 121, 111, 117, 32, 110, 101, 101, 100, 32, 101, 105, 116, 104, 101, 114, 32, 105, 110, 115, 112, 105, 114, 97, 116, 105, 111, 110, 32, 111, 114, 32, 100, 101, 115, 112, 101, 114, 97, 116, 105, 111, 110, 46]
        62154dd30        168 (something else)    (somewhere else)               (something else)
        62154ddd8         16 model.Frase         .elementData[14]               (object)
        62154dde8         48 (something else)    (somewhere else)               (something else)
        62154de18         24 java.lang.String    .elementData[14].q             (object)
        62154de30         80 [B                  .elementData[14].q.value       [84, 104, 101, 32, 111, 110, 108, 121, 32, 108, 105, 109, 105, 116, 115, 32, 105, 110, 32, 111, 117, 114, 32, 108, 105, 102, 101, 32, 97, 114, 101, 32, 116, 104, 111, 115, 101, 32, 119, 101, 32, 105, 109, 112, 111, 115, 101, 32, 111, 110, 32, 111, 117, 114, 115, 101, 108, 118, 101, 115, 46]
        62154de80        168 (something else)    (somewhere else)               (something else)
        62154df28         16 model.Frase         .elementData[15]               (object)
        62154df38         48 (something else)    (somewhere else)               (something else)
        62154df68         24 java.lang.String    .elementData[15].q             (object)
        62154df80         64 [B                  .elementData[15].q.value       [76, 105, 102, 101, 32, 105, 115, 32, 111, 117, 114, 115, 32, 116, 111, 32, 98, 101, 32, 115, 112, 101, 110, 116, 44, 32, 110, 111, 116, 32, 116, 111, 32, 98, 101, 32, 115, 97, 118, 101, 100, 46, 32]
        62154dfc0        272 (something else)    (somewhere else)               (something else)
        62154e0d0         16 model.Frase         .elementData[16]               (object)
        62154e0e0         48 (something else)    (somewhere else)               (something else)
        62154e110         24 java.lang.String    .elementData[16].q             (object)
        62154e128         72 [B                  .elementData[16].q.value       [70, 101, 97, 114, 32, 105, 115, 32, 119, 104, 97, 116, 32, 115, 116, 111, 112, 115, 32, 121, 111, 117, 46, 32, 67, 111, 117, 114, 97, 103, 101, 32, 105, 115, 32, 119, 104, 97, 116, 32, 107, 101, 101, 112, 115, 32, 121, 111, 117, 32, 103, 111, 105, 110, 103, 46]
        62154e170        168 (something else)    (somewhere else)               (something else)
        62154e218         16 model.Frase         .elementData[17]               (object)
        62154e228        184 (something else)    (somewhere else)               (something else)
        62154e2e0         24 java.lang.String    .elementData[17].q             (object)
        62154e2f8         80 [B                  .elementData[17].q.value       [79, 110, 101, 39, 115, 32, 98, 101, 115, 116, 32, 115, 117, 99, 99, 101, 115, 115, 32, 99, 111, 109, 101, 115, 32, 97, 102, 116, 101, 114, 32, 116, 104, 101, 105, 114, 32, 103, 114, 101, 97, 116, 101, 115, 116, 32, 100, 105, 115, 97, 112, 112, 111, 105, 110, 116, 109, 101, 110, 116, 115, 46]
        62154e348        168 (something else)    (somewhere else)               (something else)
        62154e3f0         16 model.Frase         .elementData[18]               (object)
        62154e400         48 (something else)    (somewhere else)               (something else)
        62154e430         24 java.lang.String    .elementData[18].q             (object)
        62154e448        128 [B                  .elementData[18].q.value       [84, 104, 101, 114, 101, 32, 97, 114, 101, 32, 110, 111, 32, 99, 111, 110, 116, 101, 115, 116, 115, 32, 105, 110, 32, 116, 104, 101, 32, 65, 114, 116, 32, 111, 102, 32, 80, 101, 97, 99, 101, 46, 32, 65, 32, 116, 114, 117, 101, 32, 119, 97, 114, 114, 105, 111, 114, 32, 105, 115, 32, 105, 110, 118, 105, 110, 99, 105, 98, 108, 101, 32, 98, 101, 99, 97, 117, 115, 101, 32, 104, 101, 32, 111, 114, 32, 115, 104, 101, 32, 99, 111, 110, 116, 101, 115, 116, 115, 32, 119, 105, 116, 104, 32, 110, 111, 116, 104, 105, 110, 103, 46]
        62154e4c8        168 (something else)    (somewhere else)               (something else)
        62154e570         16 model.Frase         .elementData[19]               (object)
        62154e580         48 (something else)    (somewhere else)               (something else)
        62154e5b0         24 java.lang.String    .elementData[19].q             (object)
        62154e5c8        104 [B                  .elementData[19].q.value       [72, 111, 119, 101, 118, 101, 114, 32, 100, 105, 102, 102, 105, 99, 117, 108, 116, 32, 108, 105, 102, 101, 32, 109, 97, 121, 32, 115, 101, 101, 109, 44, 32, 116, 104, 101, 114, 101, 32, 105, 115, 32, 97, 108, 119, 97, 121, 115, 32, 115, 111, 109, 101, 116, 104, 105, 110, 103, 32, 121, 111, 117, 32, 99, 97, 110, 32, 100, 111, 32, 97, 110, 100, 32, 115, 117, 99, 99, 101, 101, 100, 32, 97, 116, 46]
        62154e630        168 (something else)    (somewhere else)               (something else)
        62154e6d8         16 model.Frase         .elementData[20]               (object)
        62154e6e8         48 (something else)    (somewhere else)               (something else)
        62154e718         24 java.lang.String    .elementData[20].q             (object)
        62154e730         48 [B                  .elementData[20].q.value       [84, 105, 109, 101, 32, 103, 111, 101, 115, 32, 102, 114, 111, 109, 32, 112, 114, 101, 115, 101, 110, 116, 32, 116, 111, 32, 112, 97, 115, 116, 46]
        62154e760        168 (something else)    (somewhere else)               (something else)
        62154e808         16 model.Frase         .elementData[21]               (object)
        62154e818         48 (something else)    (somewhere else)               (something else)
        62154e848         24 java.lang.String    .elementData[21].q             (object)
        62154e860         80 [B                  .elementData[21].q.value       [84, 104, 101, 32, 101, 121, 101, 115, 32, 111, 102, 32, 111, 116, 104, 101, 114, 115, 32, 111, 117, 114, 32, 112, 114, 105, 115, 111, 110, 115, 59, 32, 116, 104, 101, 105, 114, 32, 116, 104, 111, 117, 103, 104, 116, 115, 32, 111, 117, 114, 32, 99, 97, 103, 101, 115, 46]
        62154e8b0        168 (something else)    (somewhere else)               (something else)
        62154e958         16 model.Frase         .elementData[22]               (object)
        62154e968         48 (something else)    (somewhere else)               (something else)
        62154e998         24 java.lang.String    .elementData[22].q             (object)
        62154e9b0         72 [B                  .elementData[22].q.value       [78, 105, 103, 104, 116, 32, 105, 115, 32, 97, 32, 109, 111, 114, 101, 32, 113, 117, 105, 101, 116, 32, 116, 105, 109, 101, 32, 116, 111, 32, 119, 111, 114, 107, 46, 32, 73, 116, 32, 97, 105, 100, 115, 32, 116, 104, 111, 117, 103, 104, 116, 46]
        62154e9f8        320 (something else)    (somewhere else)               (something else)
        62154eb38         16 model.Frase         .elementData[23]               (object)
        62154eb48         48 (something else)    (somewhere else)               (something else)
        62154eb78         24 java.lang.String    .elementData[23].q             (object)
        62154eb90         80 [B                  .elementData[23].q.value       [73, 102, 32, 121, 111, 117, 32, 116, 114, 117, 108, 121, 32, 101, 120, 112, 101, 99, 116, 32, 115, 111, 109, 101, 116, 104, 105, 110, 103, 32, 116, 111, 32, 98, 101, 32, 100, 105, 102, 102, 105, 99, 117, 108, 116, 44, 32, 105, 116, 32, 119, 105, 108, 108, 32, 98, 101, 46]
        62154ebe0        168 (something else)    (somewhere else)               (something else)
        62154ec88         16 model.Frase         .elementData[24]               (object)
        62154ec98         48 (something else)    (somewhere else)               (something else)
        62154ecc8         24 java.lang.String    .elementData[24].q             (object)
        62154ece0         88 [B                  .elementData[24].q.value       [73, 102, 32, 121, 111, 117, 32, 100, 111, 32, 110, 111, 116, 32, 99, 104, 97, 110, 103, 101, 32, 100, 105, 114, 101, 99, 116, 105, 111, 110, 44, 32, 121, 111, 117, 32, 109, 97, 121, 32, 101, 110, 100, 32, 117, 112, 32, 119, 104, 101, 114, 101, 32, 121, 111, 117, 32, 97, 114, 101, 32, 104, 101, 97, 100, 105, 110, 103, 46]
        62154ed38        168 (something else)    (somewhere else)               (something else)
        62154ede0         16 model.Frase         .elementData[25]               (object)
        62154edf0         48 (something else)    (somewhere else)               (something else)
        62154ee20         24 java.lang.String    .elementData[25].q             (object)
        62154ee38         56 [B                  .elementData[25].q.value       [68, 111, 110, 39, 116, 32, 108, 101, 97, 114, 110, 32, 116, 111, 32, 100, 111, 44, 32, 98, 117, 116, 32, 108, 101, 97, 114, 110, 32, 105, 110, 32, 100, 111, 105, 110, 103, 46]
        62154ee70        168 (something else)    (somewhere else)               (something else)
        62154ef18         16 model.Frase         .elementData[26]               (object)
        62154ef28         48 (something else)    (somewhere else)               (something else)
        62154ef58         24 java.lang.String    .elementData[26].q             (object)
        62154ef70        136 [B                  .elementData[26].q.value       [73, 116, 32, 105, 115, 32, 99, 104, 105, 108, 100, 114, 101, 110, 32, 111, 110, 108, 121, 32, 119, 104, 111, 32, 101, 110, 106, 111, 121, 32, 116, 104, 101, 32, 112, 114, 101, 115, 101, 110, 116, 59, 32, 116, 104, 101, 105, 114, 32, 101, 108, 100, 101, 114, 115, 32, 101, 105, 116, 104, 101, 114, 32, 108, 105, 118, 101, 32, 111, 110, 32, 116, 104, 101, 32, 109, 101, 109, 111, 114, 121, 32, 111, 102, 32, 116, 104, 101, 32, 112, 97, 115, 116, 32, 111, 114, 32, 116, 104, 101, 32, 104, 111, 112, 101, 32, 111, 102, 32, 116, 104, 101, 32, 102, 117, 116, 117, 114, 101, 46]
        62154eff8        168 (something else)    (somewhere else)               (something else)
        62154f0a0         16 model.Frase         .elementData[27]               (object)
        62154f0b0         48 (something else)    (somewhere else)               (something else)
        62154f0e0         24 java.lang.String    .elementData[27].q             (object)
        62154f0f8         96 [B                  .elementData[27].q.value       [65, 32, 109, 105, 115, 116, 97, 107, 101, 32, 105, 115, 32, 111, 110, 108, 121, 32, 97, 110, 32, 101, 114, 114, 111, 114, 44, 32, 105, 116, 32, 98, 101, 99, 111, 109, 101, 115, 32, 97, 32, 109, 105, 115, 116, 97, 107, 101, 32, 119, 104, 101, 110, 32, 121, 111, 117, 32, 102, 97, 105, 108, 32, 116, 111, 32, 99, 111, 114, 114, 101, 99, 116, 32, 105, 116, 46]
        62154f158        168 (something else)    (somewhere else)               (something else)
        62154f200         16 model.Frase         .elementData[28]               (object)
        62154f210         48 (something else)    (somewhere else)               (something else)
        62154f240         24 java.lang.String    .elementData[28].q             (object)
        62154f258        104 [B                  .elementData[28].q.value       [84, 104, 101, 114, 101, 32, 101, 120, 105, 115, 116, 115, 32, 111, 110, 108, 121, 32, 116, 104, 101, 32, 112, 114, 101, 115, 101, 110, 116, 32, 105, 110, 115, 116, 97, 110, 116, 59, 32, 97, 32, 78, 111, 119, 32, 119, 104, 105, 99, 104, 32, 97, 108, 119, 97, 121, 115, 32, 97, 110, 100, 32, 119, 105, 116, 104, 111, 117, 116, 32, 101, 110, 100, 32, 105, 115, 32, 105, 116, 115, 101, 108, 102, 32, 110, 101, 119, 46]
        62154f2c0        168 (something else)    (somewhere else)               (something else)
        62154f368         16 model.Frase         .elementData[29]               (object)
        62154f378         48 (something else)    (somewhere else)               (something else)
        62154f3a8         24 java.lang.String    .elementData[29].q             (object)
        62154f3c0         80 [B                  .elementData[29].q.value       [73, 102, 32, 121, 111, 117, 32, 116, 104, 105, 110, 107, 32, 97, 100, 118, 101, 110, 116, 117, 114, 101, 32, 105, 115, 32, 100, 97, 110, 103, 101, 114, 111, 117, 115, 44, 32, 116, 114, 121, 32, 114, 111, 117, 116, 105, 110, 101, 59, 32, 105, 116, 32, 105, 115, 32, 108, 101, 116, 104, 97, 108, 46]
        62154f410        168 (something else)    (somewhere else)               (something else)
        62154f4b8         16 model.Frase         .elementData[30]               (object)
        62154f4c8         48 (something else)    (somewhere else)               (something else)
        62154f4f8         24 java.lang.String    .elementData[30].q             (object)
        62154f510         72 [B                  .elementData[30].q.value       [70, 97, 105, 108, 117, 114, 101, 32, 105, 115, 32, 110, 111, 116, 32, 102, 97, 116, 97, 108, 44, 32, 98, 117, 116, 32, 102, 97, 105, 108, 117, 114, 101, 32, 116, 111, 32, 99, 104, 97, 110, 103, 101, 32, 109, 105, 103, 104, 116, 32, 98, 101, 46]
        62154f558        168 (something else)    (somewhere else)               (something else)
        62154f600         16 model.Frase         .elementData[31]               (object)
        62154f610         48 (something else)    (somewhere else)               (something else)
        62154f640         24 java.lang.String    .elementData[31].q             (object)
        62154f658         88 [B                  .elementData[31].q.value       [84, 104, 101, 114, 101, 32, 97, 114, 101, 32, 110, 111, 32, 108, 105, 109, 105, 116, 97, 116, 105, 111, 110, 115, 32, 116, 111, 32, 116, 104, 101, 32, 109, 105, 110, 100, 32, 101, 120, 99, 101, 112, 116, 32, 116, 104, 111, 115, 101, 32, 119, 101, 32, 97, 99, 107, 110, 111, 119, 108, 101, 100, 103, 101, 46, 46, 46]
        62154f6b0        168 (something else)    (somewhere else)               (something else)
        62154f758         16 model.Frase         .elementData[32]               (object)
        62154f768         48 (something else)    (somewhere else)               (something else)
        62154f798         24 java.lang.String    .elementData[32].q             (object)
        62154f7b0         48 [B                  .elementData[32].q.value       [76, 101, 97, 100, 101, 114, 115, 104, 105, 112, 32, 115, 116, 97, 114, 116, 115, 32, 97, 116, 32, 116, 104, 101, 32, 116, 111, 112, 46]
        62154f7e0        168 (something else)    (somewhere else)               (something else)
        62154f888         16 model.Frase         .elementData[33]               (object)
        62154f898         48 (something else)    (somewhere else)               (something else)
        62154f8c8         24 java.lang.String    .elementData[33].q             (object)
        62154f8e0        136 [B                  .elementData[33].q.value       [84, 104, 101, 32, 117, 110, 105, 118, 101, 114, 115, 101, 32, 100, 111, 101, 115, 110, 39, 116, 32, 103, 105, 118, 101, 32, 121, 111, 117, 32, 119, 104, 97, 116, 32, 121, 111, 117, 32, 97, 115, 107, 32, 102, 111, 114, 32, 119, 105, 116, 104, 32, 121, 111, 117, 114, 32, 116, 104, 111, 117, 103, 104, 116, 115, 32, 45, 32, 105, 116, 32, 103, 105, 118, 101, 115, 32, 121, 111, 117, 32, 119, 104, 97, 116, 32, 121, 111, 117, 32, 100, 101, 109, 97, 110, 100, 32, 119, 105, 116, 104, 32, 121, 111, 117, 114, 32, 97, 99, 116, 105, 111, 110, 115, 46]
        62154f968        384 (something else)    (somewhere else)               (something else)
        62154fae8         16 model.Frase         .elementData[34]               (object)
        62154faf8         48 (something else)    (somewhere else)               (something else)
        62154fb28         24 java.lang.String    .elementData[34].q             (object)
        62154fb40        120 [B                  .elementData[34].q.value       [84, 104, 101, 32, 109, 111, 114, 101, 32, 121, 111, 117, 32, 101, 120, 116, 101, 110, 100, 32, 107, 105, 110, 100, 110, 101, 115, 115, 32, 116, 111, 32, 121, 111, 117, 114, 115, 101, 108, 102, 44, 32, 116, 104, 101, 32, 109, 111, 114, 101, 32, 105, 116, 32, 119, 105, 108, 108, 32, 98, 101, 99, 111, 109, 101, 32, 121, 111, 117, 114, 32, 97, 117, 116, 111, 109, 97, 116, 105, 99, 32, 114, 101, 115, 112, 111, 110, 115, 101, 32, 116, 111, 32, 111, 116, 104, 101, 114, 115, 46]
        62154fbb8        168 (something else)    (somewhere else)               (something else)
        62154fc60         16 model.Frase         .elementData[35]               (object)
        62154fc70         48 (something else)    (somewhere else)               (something else)
        62154fca0         24 java.lang.String    .elementData[35].q             (object)
        62154fcb8         64 [B                  .elementData[35].q.value       [73, 116, 32, 105, 115, 32, 98, 101, 116, 116, 101, 114, 32, 116, 111, 32, 111, 102, 102, 101, 114, 32, 110, 111, 32, 101, 120, 99, 117, 115, 101, 32, 116, 104, 97, 110, 32, 97, 32, 98, 97, 100, 32, 111, 110, 101, 46, 32]
        62154fcf8        168 (something else)    (somewhere else)               (something else)
        62154fda0         16 model.Frase         .elementData[36]               (object)
        62154fdb0        288 (something else)    (somewhere else)               (something else)
        62154fed0         24 java.lang.String    .elementData[36].q             (object)
        62154fee8        144 [B                  .elementData[36].q.value       [71, 101, 116, 116, 105, 110, 103, 32, 111, 118, 101, 114, 32, 97, 32, 112, 97, 105, 110, 102, 117, 108, 32, 101, 120, 112, 101, 114, 105, 101, 110, 99, 101, 32, 105, 115, 32, 109, 117, 99, 104, 32, 108, 105, 107, 101, 32, 99, 114, 111, 115, 115, 105, 110, 103, 32, 109, 111, 110, 107, 101, 121, 32, 98, 97, 114, 115, 46, 32, 89, 111, 117, 32, 104, 97, 118, 101, 32, 116, 111, 32, 108, 101, 116, 32, 103, 111, 32, 97, 116, 32, 115, 111, 109, 101, 32, 112, 111, 105, 110, 116, 32, 105, 110, 32, 111, 114, 100, 101, 114, 32, 116, 111, 32, 109, 111, 118, 101, 32, 102, 111, 114, 119, 97, 114, 100, 46]
        62154ff78        168 (something else)    (somewhere else)               (something else)
        621550020         16 model.Frase         .elementData[37]               (object)
        621550030         48 (something else)    (somewhere else)               (something else)
        621550060         24 java.lang.String    .elementData[37].q             (object)
        621550078        112 [B                  .elementData[37].q.value       [72, 117, 109, 111, 114, 32, 105, 115, 110, 39, 116, 32, 102, 111, 114, 32, 101, 118, 101, 114, 121, 111, 110, 101, 46, 32, 73, 116, 39, 115, 32, 111, 110, 108, 121, 32, 102, 111, 114, 32, 112, 101, 111, 112, 108, 101, 32, 119, 104, 111, 32, 119, 97, 110, 116, 32, 116, 111, 32, 104, 97, 118, 101, 32, 102, 117, 110, 44, 32, 101, 110, 106, 111, 121, 32, 108, 105, 102, 101, 44, 32, 97, 110, 100, 32, 102, 101, 101, 108, 32, 97, 108, 105, 118, 101, 46]
        6215500e8        168 (something else)    (somewhere else)               (something else)
        621550190         16 model.Frase         .elementData[38]               (object)
        6215501a0         48 (something else)    (somewhere else)               (something else)
        6215501d0         24 java.lang.String    .elementData[38].q             (object)
        6215501e8         72 [B                  .elementData[38].q.value       [66, 101, 32, 115, 116, 114, 111, 110, 103, 46, 32, 66, 101, 32, 99, 111, 110, 102, 105, 100, 101, 110, 116, 46, 32, 66, 101, 32, 116, 104, 101, 32, 115, 116, 97, 114, 32, 111, 102, 32, 121, 111, 117, 114, 32, 111, 119, 110, 32, 108, 105, 102, 101, 46]
        621550230        168 (something else)    (somewhere else)               (something else)
        6215502d8         16 model.Frase         .elementData[39]               (object)
        6215502e8         48 (something else)    (somewhere else)               (something else)
        621550318         24 java.lang.String    .elementData[39].q             (object)
        621550330         64 [B                  .elementData[39].q.value       [89, 111, 117, 39, 114, 101, 32, 111, 110, 32, 101, 97, 114, 116, 104, 46, 32, 84, 104, 101, 114, 101, 39, 115, 32, 110, 111, 32, 99, 117, 114, 101, 32, 102, 111, 114, 32, 116, 104, 97, 116, 46]
        621550370        168 (something else)    (somewhere else)               (something else)
        621550418         16 model.Frase         .elementData[40]               (object)
        621550428         48 (something else)    (somewhere else)               (something else)
        621550458         24 java.lang.String    .elementData[40].q             (object)
        621550470         64 [B                  .elementData[40].q.value       [87, 104, 111, 32, 119, 105, 115, 104, 101, 115, 32, 116, 111, 32, 102, 105, 103, 104, 116, 32, 109, 117, 115, 116, 32, 102, 105, 114, 115, 116, 32, 99, 111, 117, 110, 116, 32, 116, 104, 101, 32, 99, 111, 115, 116, 46]
        6215504b0        168 (something else)    (somewhere else)               (something else)
        621550558         16 model.Frase         .elementData[41]               (object)
        621550568         48 (something else)    (somewhere else)               (something else)
        621550598         24 java.lang.String    .elementData[41].q             (object)
        6215505b0        112 [B                  .elementData[41].q.value       [83, 117, 99, 99, 101, 115, 115, 32, 105, 115, 32, 110, 111, 116, 32, 104, 111, 119, 32, 104, 105, 103, 104, 32, 121, 111, 117, 32, 104, 97, 118, 101, 32, 99, 108, 105, 109, 98, 101, 100, 44, 32, 98, 117, 116, 32, 104, 111, 119, 32, 121, 111, 117, 32, 109, 97, 107, 101, 32, 97, 32, 112, 111, 115, 105, 116, 105, 118, 101, 32, 100, 105, 102, 102, 101, 114, 101, 110, 99, 101, 32, 116, 111, 32, 116, 104, 101, 32, 119, 111, 114, 108, 100, 46]
        621550620        168 (something else)    (somewhere else)               (something else)
        6215506c8         16 model.Frase         .elementData[42]               (object)
        6215506d8         48 (something else)    (somewhere else)               (something else)
        621550708         24 java.lang.String    .elementData[42].q             (object)
        621550720        136 [B                  .elementData[42].q.value       [84, 114, 117, 101, 32, 119, 105, 115, 100, 111, 109, 32, 99, 111, 109, 101, 115, 32, 116, 111, 32, 101, 97, 99, 104, 32, 111, 102, 32, 117, 115, 32, 119, 104, 101, 110, 32, 119, 101, 32, 114, 101, 97, 108, 105, 122, 101, 32, 104, 111, 119, 32, 108, 105, 116, 116, 108, 101, 32, 119, 101, 32, 117, 110, 100, 101, 114, 115, 116, 97, 110, 100, 32, 97, 98, 111, 117, 116, 32, 108, 105, 102, 101, 44, 32, 111, 117, 114, 115, 101, 108, 118, 101, 115, 44, 32, 97, 110, 100, 32, 116, 104, 101, 32, 119, 111, 114, 108, 100, 32, 97, 114, 111, 117, 110, 100, 32, 117, 115, 46]
        6215507a8        168 (something else)    (somewhere else)               (something else)
        621550850         16 model.Frase         .elementData[43]               (object)
        621550860         48 (something else)    (somewhere else)               (something else)
        621550890         24 java.lang.String    .elementData[43].q             (object)
        6215508a8         88 [B                  .elementData[43].q.value       [84, 104, 101, 32, 100, 105, 102, 102, 101, 114, 101, 110, 99, 101, 32, 98, 101, 116, 119, 101, 101, 110, 32, 116, 114, 101, 97, 115, 111, 110, 32, 97, 110, 100, 32, 112, 97, 116, 114, 105, 111, 116, 105, 115, 109, 32, 105, 115, 32, 111, 110, 108, 121, 32, 97, 32, 109, 97, 116, 116, 101, 114, 32, 111, 102, 32, 100, 97, 116, 101, 115, 46]
        621550900        168 (something else)    (somewhere else)               (something else)
        6215509a8         16 model.Frase         .elementData[44]               (object)
        6215509b8         48 (something else)    (somewhere else)               (something else)
        6215509e8         24 java.lang.String    .elementData[44].q             (object)
        621550a00        168 [B                  .elementData[44].q.value       [73, 32, 116, 104, 105, 110, 107, 32, 105, 116, 39, 115, 32, 118, 101, 114, 121, 32, 105, 109, 112, 111, 114, 116, 97, 110, 116, 32, 116, 111, 32, 104, 97, 118, 101, 32, 97, 32, 102, 101, 101, 100, 98, 97, 99, 107, 32, 108, 111, 111, 112, 44, 32, 119, 104, 101, 114, 101, 32, 121, 111, 117, 39, 114, 101, 32, 99, 111, 110, 115, 116, 97, 110, 116, 108, 121, 32, 116, 104, 105, 110, 107, 105, 110, 103, 32, 97, 98, 111, 117, 116, 32, 119, 104, 97, 116, 32, 121, 111, 117, 39, 118, 101, 32, 100, 111, 110, 101, 32, 97, 110, 100, 32, 104, 111, 119, 32, 121, 111, 117, 32, 99, 111, 117, 108, 100, 32, 98, 101, 32, 100, 111, 105, 110, 103, 32, 105, 116, 32, 98, 101, 116, 116, 101, 114, 46]
        621550aa8        168 (something else)    (somewhere else)               (something else)
        621550b50         16 model.Frase         .elementData[45]               (object)
        621550b60         48 (something else)    (somewhere else)               (something else)
        621550b90         24 java.lang.String    .elementData[45].q             (object)
        621550ba8        168 [B                  .elementData[45].q.value       [78, 111, 32, 109, 97, 116, 116, 101, 114, 32, 104, 111, 119, 32, 113, 117, 97, 108, 105, 102, 105, 101, 100, 32, 111, 114, 32, 100, 101, 115, 101, 114, 118, 105, 110, 103, 32, 119, 101, 32, 97, 114, 101, 44, 32, 119, 101, 32, 119, 105, 108, 108, 32, 110, 101, 118, 101, 114, 32, 114, 101, 97, 99, 104, 32, 97, 32, 98, 101, 116, 116, 101, 114, 32, 108, 105, 102, 101, 32, 117, 110, 116, 105, 108, 32, 119, 101, 32, 99, 97, 110, 32, 105, 109, 97, 103, 105, 110, 101, 32, 105, 116, 32, 102, 111, 114, 32, 111, 117, 114, 115, 101, 108, 118, 101, 115, 32, 97, 110, 100, 32, 97, 108, 108, 111, 119, 32, 111, 117, 114, 115, 101, 108, 118, 101, 115, 32, 116, 111, 32, 104, 97, 118, 101, 32, 105, 116, 46]
        621550c50        168 (something else)    (somewhere else)               (something else)
        621550cf8         16 model.Frase         .elementData[46]               (object)
        621550d08        240 (something else)    (somewhere else)               (something else)
        621550df8         24 java.lang.String    .elementData[46].q             (object)
        621550e10        120 [B                  .elementData[46].q.value       [77, 111, 115, 116, 32, 112, 101, 111, 112, 108, 101, 32, 97, 99, 104, 105, 101, 118, 101, 100, 32, 116, 104, 101, 105, 114, 32, 103, 114, 101, 97, 116, 101, 115, 116, 32, 115, 117, 99, 99, 101, 115, 115, 32, 111, 110, 101, 32, 115, 116, 101, 112, 32, 98, 101, 121, 111, 110, 100, 32, 119, 104, 97, 116, 32, 108, 111, 111, 107, 101, 100, 32, 108, 105, 107, 101, 32, 116, 104, 101, 105, 114, 32, 103, 114, 101, 97, 116, 101, 115, 116, 32, 102, 97, 105, 108, 117, 114, 101, 46]
        621550e88        168 (something else)    (somewhere else)               (something else)
        621550f30         16 model.Frase         .elementData[47]               (object)
        621550f40         48 (something else)    (somewhere else)               (something else)
        621550f70         24 java.lang.String    .elementData[47].q             (object)
        621550f88         56 [B                  .elementData[47].q.value       [73, 32, 119, 105, 108, 108, 32, 110, 111, 116, 32, 119, 97, 108, 107, 32, 98, 97, 99, 107, 119, 97, 114, 100, 32, 105, 110, 32, 108, 105, 102, 101, 46]
        621550fc0        168 (something else)    (somewhere else)               (something else)
        621551068         16 model.Frase         .elementData[48]               (object)
        621551078         48 (something else)    (somewhere else)               (something else)
        6215510a8         24 java.lang.String    .elementData[48].q             (object)
        6215510c0         64 [B                  .elementData[48].q.value       [84, 104, 101, 32, 98, 105, 103, 103, 101, 115, 116, 32, 97, 100, 118, 101, 110, 116, 117, 114, 101, 32, 105, 115, 32, 119, 104, 97, 116, 32, 108, 105, 101, 115, 32, 97, 104, 101, 97, 100, 46]
        621551100        168 (something else)    (somewhere else)               (something else)
        6215511a8         16 model.Frase         .elementData[49]               (object)
        6215511b8         48 (something else)    (somewhere else)               (something else)
        6215511e8         24 java.lang.String    .elementData[49].q             (object)
        621551200        152 [B                  .elementData[49].q.value       [76, 105, 102, 101, 32, 105, 115, 32, 106, 117, 115, 116, 32, 116, 104, 101, 32, 115, 97, 109, 101, 32, 97, 115, 32, 108, 101, 97, 114, 110, 105, 110, 103, 32, 116, 111, 32, 115, 119, 105, 109, 46, 32, 68, 111, 32, 110, 111, 116, 32, 98, 101, 32, 97, 102, 114, 97, 105, 100, 32, 111, 102, 32, 109, 97, 107, 105, 110, 103, 32, 109, 105, 115, 116, 97, 107, 101, 115, 44, 32, 102, 111, 114, 32, 116, 104, 101, 114, 101, 32, 105, 115, 32, 110, 111, 32, 111, 116, 104, 101, 114, 32, 119, 97, 121, 32, 111, 102, 32, 108, 101, 97, 114, 110, 105, 110, 103, 32, 104, 111, 119, 32, 116, 111, 32, 108, 105, 118, 101, 33]
        621551298        144 (something else)    (somewhere else)               (something else)
        621551328        312 [Ljava.lang.Object; .elementData                   [(object), (object), (object), (object), (object), (object), (object), (object), (object), (object), (object), (object), (object), (object), (object), (object), (object), (object), (object), (object), (object), (object), (object), (object), (object), (object), (object), (object), (object), (object), (object), (object), (object), (object), (object), (object), (object), (object), (object), (object), (object), (object), (object), (object), (object), (object), (object), (object), (object), (object), null, null, null, null, null, null, null, null, null, null, null, null, null, null, null, null, null, null, null, null, null, null, null]

Addresses are stable after 1 tries.


|====== Tamanio total en memoria ======|
6880 bytes
2025-09-10 18:47:34 [main] INFO  performance - Peso de fraseEncriptada: 
|====== Layout Interno ======|
java.util.ArrayDeque object internals:
OFF  SZ                 TYPE DESCRIPTION               VALUE
  0   8                      (object header: mark)     0x00000066238be201 (hash: 0x66238be2; age: 0)
  8   4                      (object header: class)    0x0020cf90
 12   4                  int ArrayDeque.head           19
 16   4                  int ArrayDeque.tail           10
 20   4   java.lang.Object[] ArrayDeque.elements       [(object), (object), (object), (object), (object), (object), (object), (object), (object), (object), null, null, null, null, null, null, null, null, null, (object), (object), (object), (object), (object), (object), (object), (object), (object), (object), (object), (object), (object), (object), (object), (object), (object)]
Instance size: 24 bytes
Space losses: 0 bytes internal + 0 bytes external = 0 bytes total

|====== Layout con Referencias ======|
java.util.ArrayDeque@66238be2d object externals:
          ADDRESS       SIZE TYPE                 PATH                           VALUE
        601c71338         16 java.lang.Integer    .elements[19].cabeza.valor     77
        601c71348        112 (something else)     (somewhere else)               (something else)
        601c713b8         16 java.lang.Integer    .elements[28].cabeza.valor     69
        601c713c8        112 (something else)     (somewhere else)               (something else)
        601c71438         16 java.lang.Integer    .elements[34].cabeza.referencia.referencia.referencia.referencia.referencia.referencia.referencia.referencia.valor 61
        601c71448         80 (something else)     (somewhere else)               (something else)
        601c71498         16 java.lang.Integer    .elements[27].cabeza.referencia.referencia.referencia.referencia.valor 55
        601c714a8        192 (something else)     (somewhere else)               (something else)
        601c71568         16 java.lang.Integer    .elements[9].cabeza.referencia.referencia.referencia.referencia.valor 42
        601c71578        240 (something else)     (somewhere else)               (something else)
        601c71668         16 java.lang.Integer    .elements[4].cabeza.referencia.referencia.valor 126
        601c71678         16 (something else)     (somewhere else)               (something else)
        601c71688         16 java.lang.Integer    .elements[7].cabeza.referencia.referencia.valor 124
        601c71698         16 java.lang.Integer    .elements[34].cabeza.referencia.referencia.referencia.valor 123
        601c716a8         16 java.lang.Integer    .elements[27].cabeza.referencia.valor 122
        601c716b8         16 java.lang.Integer    .elements[29].cabeza.referencia.referencia.valor 121
        601c716c8      26160 (something else)     (somewhere else)               (something else)
        601c77cf8         16 java.lang.Integer    .elements[34].cabeza.referencia.referencia.valor 120
        601c77d08         16 java.lang.Integer    .elements[35].cabeza.referencia.referencia.valor 119
        601c77d18         16 java.lang.Integer    .elements[34].cabeza.referencia.referencia.referencia.referencia.referencia.valor 118
        601c77d28         16 java.lang.Integer    .elements[26].cabeza.valor     117
        601c77d38         16 java.lang.Integer    .elements[27].cabeza.valor     116
        601c77d48         16 (something else)     (somewhere else)               (something else)
        601c77d58         16 java.lang.Integer    .elements[35].cabeza.referencia.valor 114
        601c77d68         16 (something else)     (somewhere else)               (something else)
        601c77d78         16 java.lang.Integer    .elements[33].cabeza.referencia.referencia.valor 112
        601c77d88         16 java.lang.Integer    .elements[31].cabeza.referencia.referencia.referencia.referencia.referencia.valor 111
        601c77d98         16 java.lang.Integer    .elements[34].cabeza.valor     110
        601c77da8         16 java.lang.Integer    .elements[25].cabeza.valor     109
        601c77db8         16 java.lang.Integer    .elements[34].cabeza.referencia.valor 108
        601c77dc8         16 java.lang.Integer    .elements[22].cabeza.referencia.valor 107
        601c77dd8         16 java.lang.Integer    .elements[34].cabeza.referencia.referencia.referencia.referencia.valor 106
        601c77de8         16 java.lang.Integer    .elements[32].cabeza.referencia.valor 105
        601c77df8         16 java.lang.Integer    .elements[31].cabeza.referencia.referencia.referencia.valor 104
        601c77e08         16 java.lang.Integer    .elements[35].cabeza.valor     103
        601c77e18         16 java.lang.Integer    .elements[25].cabeza.referencia.referencia.valor 102
        601c77e28         16 (something else)     (somewhere else)               (something else)
        601c77e38         16 java.lang.Integer    .elements[33].cabeza.referencia.valor 100
        601c77e48         16 java.lang.Integer    .elements[30].cabeza.valor     99
        601c77e58         16 java.lang.Integer    .elements[31].cabeza.valor     98
        601c77e68  521021016 (something else)     (somewhere else)               (something else)
        620d5a4c0         24 java.util.ArrayDeque                                (object)
        620d5a4d8       2016 (something else)     (somewhere else)               (something else)
        620d5acb8         24 model.LinkedList     .elements[19]                  (object)
        620d5acd0         72 (something else)     (somewhere else)               (something else)
        620d5ad18         24 model.Nodo           .elements[19].cabeza           (object)
        620d5ad30         96 (something else)     (somewhere else)               (something else)
        620d5ad90         24 model.Nodo           .elements[19].cabeza.referencia (object)
        620d5ada8        144 (something else)     (somewhere else)               (something else)
        620d5ae38         24 model.Nodo           .elements[19].cabeza.referencia.referencia (object)
        620d5ae50        144 (something else)     (somewhere else)               (something else)
        620d5aee0         24 model.Nodo           .elements[19].cabeza.referencia.referencia.referencia (object)
        620d5aef8        504 (something else)     (somewhere else)               (something else)
        620d5b0f0         24 model.LinkedList     .elements[20]                  (object)
        620d5b108         72 (something else)     (somewhere else)               (something else)
        620d5b150         24 model.Nodo           .elements[20].cabeza           (object)
        620d5b168         96 (something else)     (somewhere else)               (something else)
        620d5b1c8         24 model.Nodo           .elements[20].cabeza.referencia (object)
        620d5b1e0        360 (something else)     (somewhere else)               (something else)
        620d5b348         24 model.LinkedList     .elements[21]                  (object)
        620d5b360         72 (something else)     (somewhere else)               (something else)
        620d5b3a8         24 model.Nodo           .elements[21].cabeza           (object)
        620d5b3c0         96 (something else)     (somewhere else)               (something else)
        620d5b420         24 model.Nodo           .elements[21].cabeza.referencia (object)
        620d5b438        144 (something else)     (somewhere else)               (something else)
        620d5b4c8         24 model.Nodo           .elements[21].cabeza.referencia.referencia (object)
        620d5b4e0        144 (something else)     (somewhere else)               (something else)
        620d5b570         24 model.Nodo           .elements[21].cabeza.referencia.referencia.referencia (object)
        620d5b588        504 (something else)     (somewhere else)               (something else)
        620d5b780         24 model.LinkedList     .elements[22]                  (object)
        620d5b798         72 (something else)     (somewhere else)               (something else)
        620d5b7e0         24 model.Nodo           .elements[22].cabeza           (object)
        620d5b7f8         96 (something else)     (somewhere else)               (something else)
        620d5b858         24 model.Nodo           .elements[22].cabeza.referencia (object)
        620d5b870        144 (something else)     (somewhere else)               (something else)
        620d5b900         24 model.Nodo           .elements[22].cabeza.referencia.referencia (object)
        620d5b918        360 (something else)     (somewhere else)               (something else)
        620d5ba80         24 model.LinkedList     .elements[23]                  (object)
        620d5ba98         72 (something else)     (somewhere else)               (something else)
        620d5bae0         24 model.Nodo           .elements[23].cabeza           (object)
        620d5baf8         96 (something else)     (somewhere else)               (something else)
        620d5bb58         24 model.Nodo           .elements[23].cabeza.referencia (object)
        620d5bb70        144 (something else)     (somewhere else)               (something else)
        620d5bc00         24 model.Nodo           .elements[23].cabeza.referencia.referencia (object)
        620d5bc18        144 (something else)     (somewhere else)               (something else)
        620d5bca8         24 model.Nodo           .elements[23].cabeza.referencia.referencia.referencia (object)
        620d5bcc0        504 (something else)     (somewhere else)               (something else)
        620d5beb8         24 model.LinkedList     .elements[24]                  (object)
        620d5bed0         72 (something else)     (somewhere else)               (something else)
        620d5bf18         24 model.Nodo           .elements[24].cabeza           (object)
        620d5bf30         96 (something else)     (somewhere else)               (something else)
        620d5bf90         24 model.Nodo           .elements[24].cabeza.referencia (object)
        620d5bfa8        360 (something else)     (somewhere else)               (something else)
        620d5c110         24 model.LinkedList     .elements[25]                  (object)
        620d5c128         80 (something else)     (somewhere else)               (something else)
        620d5c178         24 model.Nodo           .elements[25].cabeza           (object)
        620d5c190         96 (something else)     (somewhere else)               (something else)
        620d5c1f0         24 model.Nodo           .elements[25].cabeza.referencia (object)
        620d5c208        144 (something else)     (somewhere else)               (something else)
        620d5c298         24 model.Nodo           .elements[25].cabeza.referencia.referencia (object)
        620d5c2b0        144 (something else)     (somewhere else)               (something else)
        620d5c340         24 model.Nodo           .elements[25].cabeza.referencia.referencia.referencia (object)
        620d5c358        144 (something else)     (somewhere else)               (something else)
        620d5c3e8         24 model.Nodo           .elements[25].cabeza.referencia.referencia.referencia.referencia (object)
        620d5c400        144 (something else)     (somewhere else)               (something else)
        620d5c490         24 model.Nodo           .elements[25].cabeza.referencia.referencia.referencia.referencia.referencia (object)
        620d5c4a8        144 (something else)     (somewhere else)               (something else)
        620d5c538         24 model.Nodo           .elements[25].cabeza.referencia.referencia.referencia.referencia.referencia.referencia (object)
        620d5c550        144 (something else)     (somewhere else)               (something else)
        620d5c5e0         24 model.Nodo           .elements[25].cabeza.referencia.referencia.referencia.referencia.referencia.referencia.referencia (object)
        620d5c5f8        792 (something else)     (somewhere else)               (something else)
        620d5c910         24 model.LinkedList     .elements[26]                  (object)
        620d5c928         72 (something else)     (somewhere else)               (something else)
        620d5c970         24 model.Nodo           .elements[26].cabeza           (object)
        620d5c988         96 (something else)     (somewhere else)               (something else)
        620d5c9e8         24 model.Nodo           .elements[26].cabeza.referencia (object)
        620d5ca00        360 (something else)     (somewhere else)               (something else)
        620d5cb68         24 model.LinkedList     .elements[27]                  (object)
        620d5cb80         80 (something else)     (somewhere else)               (something else)
        620d5cbd0         24 model.Nodo           .elements[27].cabeza           (object)
        620d5cbe8         96 (something else)     (somewhere else)               (something else)
        620d5cc48         24 model.Nodo           .elements[27].cabeza.referencia (object)
        620d5cc60        144 (something else)     (somewhere else)               (something else)
        620d5ccf0         24 model.Nodo           .elements[27].cabeza.referencia.referencia (object)
        620d5cd08        144 (something else)     (somewhere else)               (something else)
        620d5cd98         24 model.Nodo           .elements[27].cabeza.referencia.referencia.referencia (object)
        620d5cdb0        144 (something else)     (somewhere else)               (something else)
        620d5ce40         24 model.Nodo           .elements[27].cabeza.referencia.referencia.referencia.referencia (object)
        620d5ce58        504 (something else)     (somewhere else)               (something else)
        620d5d050         24 model.LinkedList     .elements[28]                  (object)
        620d5d068         72 (something else)     (somewhere else)               (something else)
        620d5d0b0         24 model.Nodo           .elements[28].cabeza           (object)
        620d5d0c8         96 (something else)     (somewhere else)               (something else)
        620d5d128         24 model.Nodo           .elements[28].cabeza.referencia (object)
        620d5d140        360 (something else)     (somewhere else)               (something else)
        620d5d2a8         24 model.LinkedList     .elements[29]                  (object)
        620d5d2c0         72 (something else)     (somewhere else)               (something else)
        620d5d308         24 model.Nodo           .elements[29].cabeza           (object)
        620d5d320         96 (something else)     (somewhere else)               (something else)
        620d5d380         24 model.Nodo           .elements[29].cabeza.referencia (object)
        620d5d398        144 (something else)     (somewhere else)               (something else)
        620d5d428         24 model.Nodo           .elements[29].cabeza.referencia.referencia (object)
        620d5d440        360 (something else)     (somewhere else)               (something else)
        620d5d5a8         24 model.LinkedList     .elements[30]                  (object)
        620d5d5c0         72 (something else)     (somewhere else)               (something else)
        620d5d608         24 model.Nodo           .elements[30].cabeza           (object)
        620d5d620         96 (something else)     (somewhere else)               (something else)
        620d5d680         24 model.Nodo           .elements[30].cabeza.referencia (object)
        620d5d698        360 (something else)     (somewhere else)               (something else)
        620d5d800         24 model.LinkedList     .elements[31]                  (object)
        620d5d818         80 (something else)     (somewhere else)               (something else)
        620d5d868         24 model.Nodo           .elements[31].cabeza           (object)
        620d5d880         96 (something else)     (somewhere else)               (something else)
        620d5d8e0         24 model.Nodo           .elements[31].cabeza.referencia (object)
        620d5d8f8        144 (something else)     (somewhere else)               (something else)
        620d5d988         24 model.Nodo           .elements[31].cabeza.referencia.referencia (object)
        620d5d9a0        144 (something else)     (somewhere else)               (something else)
        620d5da30         24 model.Nodo           .elements[31].cabeza.referencia.referencia.referencia (object)
        620d5da48        144 (something else)     (somewhere else)               (something else)
        620d5dad8         24 model.Nodo           .elements[31].cabeza.referencia.referencia.referencia.referencia (object)
        620d5daf0        144 (something else)     (somewhere else)               (something else)
        620d5db80         24 model.Nodo           .elements[31].cabeza.referencia.referencia.referencia.referencia.referencia (object)
        620d5db98        648 (something else)     (somewhere else)               (something else)
        620d5de20         24 model.LinkedList     .elements[32]                  (object)
        620d5de38         72 (something else)     (somewhere else)               (something else)
        620d5de80         24 model.Nodo           .elements[32].cabeza           (object)
        620d5de98         96 (something else)     (somewhere else)               (something else)
        620d5def8         24 model.Nodo           .elements[32].cabeza.referencia (object)
        620d5df10        360 (something else)     (somewhere else)               (something else)
        620d5e078         24 model.LinkedList     .elements[33]                  (object)
        620d5e090         80 (something else)     (somewhere else)               (something else)
        620d5e0e0         24 model.Nodo           .elements[33].cabeza           (object)
        620d5e0f8         96 (something else)     (somewhere else)               (something else)
        620d5e158         24 model.Nodo           .elements[33].cabeza.referencia (object)
        620d5e170        144 (something else)     (somewhere else)               (something else)
        620d5e200         24 model.Nodo           .elements[33].cabeza.referencia.referencia (object)
        620d5e218        144 (something else)     (somewhere else)               (something else)
        620d5e2a8         24 model.Nodo           .elements[33].cabeza.referencia.referencia.referencia (object)
        620d5e2c0        144 (something else)     (somewhere else)               (something else)
        620d5e350         24 model.Nodo           .elements[33].cabeza.referencia.referencia.referencia.referencia (object)
        620d5e368        144 (something else)     (somewhere else)               (something else)
        620d5e3f8         24 model.Nodo           .elements[33].cabeza.referencia.referencia.referencia.referencia.referencia (object)
        620d5e410        648 (something else)     (somewhere else)               (something else)
        620d5e698         24 model.LinkedList     .elements[34]                  (object)
        620d5e6b0         88 (something else)     (somewhere else)               (something else)
        620d5e708         24 model.Nodo           .elements[34].cabeza           (object)
        620d5e720         96 (something else)     (somewhere else)               (something else)
        620d5e780         24 model.Nodo           .elements[34].cabeza.referencia (object)
        620d5e798        144 (something else)     (somewhere else)               (something else)
        620d5e828         24 model.Nodo           .elements[34].cabeza.referencia.referencia (object)
        620d5e840        144 (something else)     (somewhere else)               (something else)
        620d5e8d0         24 model.Nodo           .elements[34].cabeza.referencia.referencia.referencia (object)
        620d5e8e8        144 (something else)     (somewhere else)               (something else)
        620d5e978         24 model.Nodo           .elements[34].cabeza.referencia.referencia.referencia.referencia (object)
        620d5e990        144 (something else)     (somewhere else)               (something else)
        620d5ea20         24 model.Nodo           .elements[34].cabeza.referencia.referencia.referencia.referencia.referencia (object)
        620d5ea38        144 (something else)     (somewhere else)               (something else)
        620d5eac8         24 model.Nodo           .elements[34].cabeza.referencia.referencia.referencia.referencia.referencia.referencia (object)
        620d5eae0        144 (something else)     (somewhere else)               (something else)
        620d5eb70         16 java.lang.Integer    .elements[34].cabeza.referencia.referencia.referencia.referencia.referencia.referencia.referencia.valor 130
        620d5eb80         24 model.Nodo           .elements[34].cabeza.referencia.referencia.referencia.referencia.referencia.referencia.referencia (object)
        620d5eb98        144 (something else)     (somewhere else)               (something else)
        620d5ec28         24 model.Nodo           .elements[34].cabeza.referencia.referencia.referencia.referencia.referencia.referencia.referencia.referencia (object)
        620d5ec40        792 (something else)     (somewhere else)               (something else)
        620d5ef58         24 model.LinkedList     .elements[35]                  (object)
        620d5ef70         72 (something else)     (somewhere else)               (something else)
        620d5efb8         24 model.Nodo           .elements[35].cabeza           (object)
        620d5efd0         96 (something else)     (somewhere else)               (something else)
        620d5f030         24 model.Nodo           .elements[35].cabeza.referencia (object)
        620d5f048        144 (something else)     (somewhere else)               (something else)
        620d5f0d8         24 model.Nodo           .elements[35].cabeza.referencia.referencia (object)
        620d5f0f0        360 (something else)     (somewhere else)               (something else)
        620d5f258        160 [Ljava.lang.Object;  .elements                      [(object), (object), (object), (object), (object), (object), (object), (object), (object), (object), null, null, null, null, null, null, null, null, null, (object), (object), (object), (object), (object), (object), (object), (object), (object), (object), (object), (object), (object), (object), (object), (object), (object)]
        620d5f2f8         24 model.LinkedList     .elements[0]                   (object)
        620d5f310         80 (something else)     (somewhere else)               (something else)
        620d5f360         24 model.Nodo           .elements[0].cabeza            (object)
        620d5f378         96 (something else)     (somewhere else)               (something else)
        620d5f3d8         24 model.Nodo           .elements[0].cabeza.referencia (object)
        620d5f3f0        144 (something else)     (somewhere else)               (something else)
        620d5f480         24 model.Nodo           .elements[0].cabeza.referencia.referencia (object)
        620d5f498        144 (something else)     (somewhere else)               (something else)
        620d5f528         24 model.Nodo           .elements[0].cabeza.referencia.referencia.referencia (object)
        620d5f540        144 (something else)     (somewhere else)               (something else)
        620d5f5d0         24 model.Nodo           .elements[0].cabeza.referencia.referencia.referencia.referencia (object)
        620d5f5e8        504 (something else)     (somewhere else)               (something else)
        620d5f7e0         24 model.LinkedList     .elements[1]                   (object)
        620d5f7f8         72 (something else)     (somewhere else)               (something else)
        620d5f840         24 model.Nodo           .elements[1].cabeza            (object)
        620d5f858         96 (something else)     (somewhere else)               (something else)
        620d5f8b8         24 model.Nodo           .elements[1].cabeza.referencia (object)
        620d5f8d0        360 (something else)     (somewhere else)               (something else)
        620d5fa38         24 model.LinkedList     .elements[2]                   (object)
        620d5fa50         72 (something else)     (somewhere else)               (something else)
        620d5fa98         24 model.Nodo           .elements[2].cabeza            (object)
        620d5fab0         96 (something else)     (somewhere else)               (something else)
        620d5fb10         24 model.Nodo           .elements[2].cabeza.referencia (object)
        620d5fb28        360 (something else)     (somewhere else)               (something else)
        620d5fc90         24 model.LinkedList     .elements[3]                   (object)
        620d5fca8         80 (something else)     (somewhere else)               (something else)
        620d5fcf8         24 model.Nodo           .elements[3].cabeza            (object)
        620d5fd10         96 (something else)     (somewhere else)               (something else)
        620d5fd70         24 model.Nodo           .elements[3].cabeza.referencia (object)
        620d5fd88        144 (something else)     (somewhere else)               (something else)
        620d5fe18         24 model.Nodo           .elements[3].cabeza.referencia.referencia (object)
        620d5fe30        144 (something else)     (somewhere else)               (something else)
        620d5fec0         24 model.Nodo           .elements[3].cabeza.referencia.referencia.referencia (object)
        620d5fed8        144 (something else)     (somewhere else)               (something else)
        620d5ff68         24 model.Nodo           .elements[3].cabeza.referencia.referencia.referencia.referencia (object)
        620d5ff80        504 (something else)     (somewhere else)               (something else)
        620d60178         24 model.LinkedList     .elements[4]                   (object)
        620d60190         72 (something else)     (somewhere else)               (something else)
        620d601d8         24 model.Nodo           .elements[4].cabeza            (object)
        620d601f0         96 (something else)     (somewhere else)               (something else)
        620d60250         24 model.Nodo           .elements[4].cabeza.referencia (object)
        620d60268        144 (something else)     (somewhere else)               (something else)
        620d602f8         24 model.Nodo           .elements[4].cabeza.referencia.referencia (object)
        620d60310        360 (something else)     (somewhere else)               (something else)
        620d60478         24 model.LinkedList     .elements[5]                   (object)
        620d60490         72 (something else)     (somewhere else)               (something else)
        620d604d8         24 model.Nodo           .elements[5].cabeza            (object)
        620d604f0         96 (something else)     (somewhere else)               (something else)
        620d60550         24 model.Nodo           .elements[5].cabeza.referencia (object)
        620d60568        360 (something else)     (somewhere else)               (something else)
        620d606d0         24 model.LinkedList     .elements[6]                   (object)
        620d606e8         80 (something else)     (somewhere else)               (something else)
        620d60738         24 model.Nodo           .elements[6].cabeza            (object)
        620d60750         96 (something else)     (somewhere else)               (something else)
        620d607b0         24 model.Nodo           .elements[6].cabeza.referencia (object)
        620d607c8        144 (something else)     (somewhere else)               (something else)
        620d60858         24 model.Nodo           .elements[6].cabeza.referencia.referencia (object)
        620d60870        144 (something else)     (somewhere else)               (something else)
        620d60900         24 model.Nodo           .elements[6].cabeza.referencia.referencia.referencia (object)
        620d60918        144 (something else)     (somewhere else)               (something else)
        620d609a8         24 model.Nodo           .elements[6].cabeza.referencia.referencia.referencia.referencia (object)
        620d609c0        144 (something else)     (somewhere else)               (something else)
        620d60a50         24 model.Nodo           .elements[6].cabeza.referencia.referencia.referencia.referencia.referencia (object)
        620d60a68        144 (something else)     (somewhere else)               (something else)
        620d60af8         24 model.Nodo           .elements[6].cabeza.referencia.referencia.referencia.referencia.referencia.referencia (object)
        620d60b10        144 (something else)     (somewhere else)               (something else)
        620d60ba0         24 model.Nodo           .elements[6].cabeza.referencia.referencia.referencia.referencia.referencia.referencia.referencia (object)
        620d60bb8        792 (something else)     (somewhere else)               (something else)
        620d60ed0         24 model.LinkedList     .elements[7]                   (object)
        620d60ee8         72 (something else)     (somewhere else)               (something else)
        620d60f30         24 model.Nodo           .elements[7].cabeza            (object)
        620d60f48         96 (something else)     (somewhere else)               (something else)
        620d60fa8         24 model.Nodo           .elements[7].cabeza.referencia (object)
        620d60fc0        144 (something else)     (somewhere else)               (something else)
        620d61050         24 model.Nodo           .elements[7].cabeza.referencia.referencia (object)
        620d61068        360 (something else)     (somewhere else)               (something else)
        620d611d0         24 model.LinkedList     .elements[8]                   (object)
        620d611e8         72 (something else)     (somewhere else)               (something else)
        620d61230         24 model.Nodo           .elements[8].cabeza            (object)
        620d61248         96 (something else)     (somewhere else)               (something else)
        620d612a8         24 model.Nodo           .elements[8].cabeza.referencia (object)
        620d612c0        360 (something else)     (somewhere else)               (something else)
        620d61428         24 model.LinkedList     .elements[9]                   (object)
        620d61440         80 (something else)     (somewhere else)               (something else)
        620d61490         24 model.Nodo           .elements[9].cabeza            (object)
        620d614a8         96 (something else)     (somewhere else)               (something else)
        620d61508         24 model.Nodo           .elements[9].cabeza.referencia (object)
        620d61520        144 (something else)     (somewhere else)               (something else)
        620d615b0         24 model.Nodo           .elements[9].cabeza.referencia.referencia (object)
        620d615c8        144 (something else)     (somewhere else)               (something else)
        620d61658         24 model.Nodo           .elements[9].cabeza.referencia.referencia.referencia (object)
        620d61670        144 (something else)     (somewhere else)               (something else)
        620d61700         24 model.Nodo           .elements[9].cabeza.referencia.referencia.referencia.referencia (object)

Addresses are stable after 1 tries.


|====== Tamanio total en memoria ======|
3824 bytes
2025-09-10 18:48:54 [main] INFO  performance - Peso de frasesOriginales: 
|====== Layout Interno ======|
java.util.ArrayList object internals:
OFF  SZ                 TYPE DESCRIPTION               VALUE
  0   8                      (object header: mark)     0x00000032c0915e01 (hash: 0x32c0915e; age: 0)
  8   4                      (object header: class)    0x000ba5e0
 12   4                  int AbstractList.modCount     50
 16   4                  int ArrayList.size            50
 20   4   java.lang.Object[] ArrayList.elementData     [(object), (object), (object), (object), (object), (object), (object), (object), (object), (object), (object), (object), (object), (object), (object), (object), (object), (object), (object), (object), (object), (object), (object), (object), (object), (object), (object), (object), (object), (object), (object), (object), (object), (object), (object), (object), (object), (object), (object), (object), (object), (object), (object), (object), (object), (object), (object), (object), (object), (object), null, null, null, null, null, null, null, null, null, null, null, null, null, null, null, null, null, null, null, null, null, null, null]
Instance size: 24 bytes
Space losses: 0 bytes internal + 0 bytes external = 0 bytes total

|====== Layout con Referencias ======|
java.util.ArrayList@32c0915ed object externals:
          ADDRESS       SIZE TYPE                PATH                           VALUE
        620caddb8         24 java.util.ArrayList                                (object)
        620caddd0     156536 (something else)    (somewhere else)               (something else)
        620cd4148         16 model.Frase         .elementData[0]                (object)
        620cd4158         48 (something else)    (somewhere else)               (something else)
        620cd4188         24 java.lang.String    .elementData[0].q              (object)
        620cd41a0        136 [B                  .elementData[0].q.value        [87, 111, 114, 107, 32, 106, 111, 121, 102, 117, 108, 108, 121, 32, 97, 110, 100, 32, 112, 101, 97, 99, 101, 102, 117, 108, 108, 121, 44, 32, 107, 110, 111, 119, 105, 110, 103, 32, 116, 104, 97, 116, 32, 114, 105, 103, 104, 116, 32, 116, 104, 111, 117, 103, 104, 116, 115, 32, 97, 110, 100, 32, 114, 105, 103, 104, 116, 32, 101, 102, 102, 111, 114, 116, 115, 32, 105, 110, 101, 118, 105, 116, 97, 98, 108, 121, 32, 98, 114, 105, 110, 103, 32, 97, 98, 111, 117, 116, 32, 114, 105, 103, 104, 116, 32, 114, 101, 115, 117, 108, 116, 115, 46]
        620cd4228       2504 (something else)    (somewhere else)               (something else)
        620cd4bf0         16 model.Frase         .elementData[1]                (object)
        620cd4c00         48 (something else)    (somewhere else)               (something else)
        620cd4c30         24 java.lang.String    .elementData[1].q              (object)
        620cd4c48        120 [B                  .elementData[1].q.value        [70, 69, 65, 82, 32, 104, 97, 115, 32, 116, 119, 111, 32, 109, 101, 97, 110, 105, 110, 103, 115, 58, 32, 39, 70, 111, 114, 103, 101, 116, 32, 69, 118, 101, 114, 121, 116, 104, 105, 110, 103, 32, 65, 110, 100, 32, 82, 117, 110, 39, 32, 111, 114, 32, 39, 70, 97, 99, 101, 32, 69, 118, 101, 114, 121, 116, 104, 105, 110, 103, 32, 65, 110, 100, 32, 82, 105, 115, 101, 46, 39, 32, 84, 104, 101, 32, 99, 104, 111, 105, 99, 101, 32, 105, 115, 32, 121, 111, 117, 114, 115, 46]
        620cd4cc0        168 (something else)    (somewhere else)               (something else)
        620cd4d68         16 model.Frase         .elementData[2]                (object)
        620cd4d78         48 (something else)    (somewhere else)               (something else)
        620cd4da8         24 java.lang.String    .elementData[2].q              (object)
        620cd4dc0         88 [B                  .elementData[2].q.value        [65, 108, 108, 32, 104, 117, 109, 97, 110, 32, 98, 101, 105, 110, 103, 115, 32, 99, 97, 110, 32, 97, 108, 116, 101, 114, 32, 116, 104, 101, 105, 114, 32, 108, 105, 118, 101, 115, 32, 98, 121, 32, 97, 108, 116, 101, 114, 105, 110, 103, 32, 116, 104, 101, 105, 114, 32, 97, 116, 116, 105, 116, 117, 100, 101, 115, 46]
        620cd4e18        168 (something else)    (somewhere else)               (something else)
        620cd4ec0         16 model.Frase         .elementData[3]                (object)
        620cd4ed0         48 (something else)    (somewhere else)               (something else)
        620cd4f00         24 java.lang.String    .elementData[3].q              (object)
        620cd4f18         80 [B                  .elementData[3].q.value        [76, 105, 102, 101, 32, 109, 97, 121, 32, 98, 101, 32, 102, 117, 108, 108, 32, 111, 102, 32, 112, 97, 105, 110, 32, 98, 117, 116, 32, 116, 104, 97, 116, 39, 115, 32, 110, 111, 116, 32, 97, 110, 32, 101, 120, 99, 117, 115, 101, 32, 116, 111, 32, 103, 105, 118, 101, 32, 117, 112, 46]
        620cd4f68        168 (something else)    (somewhere else)               (something else)
        620cd5010         16 model.Frase         .elementData[4]                (object)
        620cd5020         48 (something else)    (somewhere else)               (something else)
        620cd5050         24 java.lang.String    .elementData[4].q              (object)
        620cd5068         56 [B                  .elementData[4].q.value        [72, 101, 32, 119, 104, 111, 32, 102, 97, 105, 108, 115, 32, 116, 111, 32, 112, 108, 97, 110, 44, 32, 112, 108, 97, 110, 115, 32, 116, 111, 32, 102, 97, 105, 108, 46]
        620cd50a0        168 (something else)    (somewhere else)               (something else)
        620cd5148         16 model.Frase         .elementData[5]                (object)
        620cd5158         48 (something else)    (somewhere else)               (something else)
        620cd5188         24 java.lang.String    .elementData[5].q              (object)
        620cd51a0         88 [B                  .elementData[5].q.value        [78, 111, 32, 111, 110, 101, 32, 114, 101, 116, 117, 114, 110, 115, 32, 102, 114, 111, 109, 32, 97, 32, 108, 111, 110, 103, 32, 106, 111, 117, 114, 110, 101, 121, 32, 116, 104, 101, 32, 115, 97, 109, 101, 32, 112, 101, 114, 115, 111, 110, 32, 116, 104, 101, 121, 32, 119, 101, 114, 101, 32, 98, 101, 102, 111, 114, 101, 46]
        620cd51f8        168 (something else)    (somewhere else)               (something else)
        620cd52a0         16 model.Frase         .elementData[6]                (object)
        620cd52b0         48 (something else)    (somewhere else)               (something else)
        620cd52e0         24 java.lang.String    .elementData[6].q              (object)
        620cd52f8        128 [B                  .elementData[6].q.value        [73, 102, 32, 121, 111, 117, 32, 99, 111, 117, 108, 100, 32, 107, 105, 99, 107, 32, 116, 104, 101, 32, 112, 101, 114, 115, 111, 110, 32, 105, 110, 32, 116, 104, 101, 32, 112, 97, 110, 116, 115, 32, 114, 101, 115, 112, 111, 110, 115, 105, 98, 108, 101, 32, 102, 111, 114, 32, 109, 111, 115, 116, 32, 111, 102, 32, 121, 111, 117, 114, 32, 116, 114, 111, 117, 98, 108, 101, 44, 32, 121, 111, 117, 32, 119, 111, 117, 108, 100, 110, 39, 116, 32, 115, 105, 116, 32, 102, 111, 114, 32, 97, 32, 109, 111, 110, 116, 104, 46]
        620cd5378        168 (something else)    (somewhere else)               (something else)
        620cd5420         16 model.Frase         .elementData[7]                (object)
        620cd5430         48 (something else)    (somewhere else)               (something else)
        620cd5460         24 java.lang.String    .elementData[7].q              (object)
        620cd5478         56 [B                  .elementData[7].q.value        [76, 105, 118, 101, 32, 121, 111, 117, 114, 32, 108, 105, 102, 101, 32, 97, 110, 100, 32, 102, 111, 114, 103, 101, 116, 32, 121, 111, 117, 114, 32, 97, 103, 101, 46]
        620cd54b0        168 (something else)    (somewhere else)               (something else)
        620cd5558         16 model.Frase         .elementData[8]                (object)
        620cd5568         48 (something else)    (somewhere else)               (something else)
        620cd5598         24 java.lang.String    .elementData[8].q              (object)
        620cd55b0         72 [B                  .elementData[8].q.value        [73, 102, 32, 119, 101, 32, 107, 110, 111, 119, 32, 104, 111, 119, 32, 116, 111, 32, 97, 100, 97, 112, 116, 44, 32, 119, 101, 32, 101, 110, 100, 32, 117, 112, 32, 98, 101, 105, 110, 103, 32, 115, 117, 112, 101, 114, 105, 111, 114, 46]
        620cd55f8        168 (something else)    (somewhere else)               (something else)
        620cd56a0         16 model.Frase         .elementData[9]                (object)
        620cd56b0         48 (something else)    (somewhere else)               (something else)
        620cd56e0         24 java.lang.String    .elementData[9].q              (object)
        620cd56f8         88 [B                  .elementData[9].q.value        [83, 111, 109, 101, 116, 105, 109, 101, 115, 32, 121, 111, 117, 32, 104, 97, 118, 101, 32, 116, 111, 32, 108, 111, 115, 101, 32, 97, 108, 108, 32, 121, 111, 117, 32, 104, 97, 118, 101, 32, 116, 111, 32, 102, 105, 110, 100, 32, 111, 117, 116, 32, 119, 104, 111, 32, 121, 111, 117, 32, 116, 114, 117, 108, 121, 32, 97, 114, 101, 46]
        620cd5750        168 (something else)    (somewhere else)               (something else)
        620cd57f8         16 model.Frase         .elementData[10]               (object)
        620cd5808         48 (something else)    (somewhere else)               (something else)
        620cd5838         24 java.lang.String    .elementData[10].q             (object)
        620cd5850        144 [B                  .elementData[10].q.value       [70, 111, 114, 103, 101, 116, 32, 109, 105, 115, 116, 97, 107, 101, 115, 46, 32, 70, 111, 114, 103, 101, 116, 32, 102, 97, 105, 108, 117, 114, 101, 46, 32, 70, 111, 114, 103, 101, 116, 32, 101, 118, 101, 114, 121, 116, 104, 105, 110, 103, 32, 101, 120, 99, 101, 112, 116, 32, 119, 104, 97, 116, 32, 121, 111, 117, 32, 97, 114, 101, 32, 103, 111, 105, 110, 103, 32, 116, 111, 32, 100, 111, 32, 110, 111, 119, 32, 97, 110, 100, 32, 100, 111, 32, 105, 116, 46, 32, 84, 111, 100, 97, 121, 32, 105, 115, 32, 121, 111, 117, 114, 32, 108, 117, 99, 107, 121, 32, 100, 97, 121, 33]
        620cd58e0        248 (something else)    (somewhere else)               (something else)
        620cd59d8         16 model.Frase         .elementData[11]               (object)
        620cd59e8        144 (something else)    (somewhere else)               (something else)
        620cd5a78         24 java.lang.String    .elementData[11].q             (object)
        620cd5a90         72 [B                  .elementData[11].q.value       [73, 102, 32, 101, 118, 101, 114, 32, 121, 111, 117, 32, 102, 101, 101, 108, 32, 108, 105, 107, 101, 32, 97, 110, 32, 97, 110, 105, 109, 97, 108, 32, 97, 109, 111, 110, 103, 32, 109, 101, 110, 44, 32, 98, 101, 32, 97, 32, 108, 105, 111, 110, 46]
        620cd5ad8        168 (something else)    (somewhere else)               (something else)
        620cd5b80         16 model.Frase         .elementData[12]               (object)
        620cd5b90         48 (something else)    (somewhere else)               (something else)
        620cd5bc0         24 java.lang.String    .elementData[12].q             (object)
        620cd5bd8         72 [B                  .elementData[12].q.value       [76, 105, 102, 101, 32, 104, 97, 115, 32, 116, 104, 101, 32, 110, 97, 109, 101, 32, 111, 102, 32, 108, 105, 102, 101, 44, 32, 98, 117, 116, 32, 105, 110, 32, 114, 101, 97, 108, 105, 116, 121, 32, 105, 116, 32, 105, 115, 32, 100, 101, 97, 116, 104, 46]
        620cd5c20        168 (something else)    (somewhere else)               (something else)
        620cd5cc8         16 model.Frase         .elementData[13]               (object)
        620cd5cd8         48 (something else)    (somewhere else)               (something else)
        620cd5d08         24 java.lang.String    .elementData[13].q             (object)
        620cd5d20         40 [B                  .elementData[13].q.value       [89, 111, 117, 32, 97, 114, 101, 32, 121, 111, 117, 114, 32, 98, 101, 115, 116, 32, 116, 104, 105, 110, 103, 46]
        620cd5d48        168 (something else)    (somewhere else)               (something else)
        620cd5df0         16 model.Frase         .elementData[14]               (object)
        620cd5e00         48 (something else)    (somewhere else)               (something else)
        620cd5e30         24 java.lang.String    .elementData[14].q             (object)
        620cd5e48         64 [B                  .elementData[14].q.value       [72, 101, 114, 111, 101, 115, 32, 100, 111, 110, 39, 116, 32, 110, 101, 101, 100, 32, 116, 111, 32, 116, 97, 108, 107, 32, 97, 98, 111, 117, 116, 32, 119, 104, 97, 116, 32, 116, 104, 101, 121, 32, 100, 105, 100, 46]
        620cd5e88        168 (something else)    (somewhere else)               (something else)
        620cd5f30         16 model.Frase         .elementData[15]               (object)
        620cd5f40         48 (something else)    (somewhere else)               (something else)
        620cd5f70         24 java.lang.String    .elementData[15].q             (object)
        620cd5f88        112 [B                  .elementData[15].q.value       [84, 104, 101, 32, 119, 104, 111, 108, 101, 32, 119, 111, 114, 108, 100, 32, 105, 115, 32, 97, 32, 115, 101, 114, 105, 101, 115, 32, 111, 102, 32, 109, 105, 114, 97, 99, 108, 101, 115, 44, 32, 98, 117, 116, 32, 119, 101, 39, 114, 101, 32, 115, 111, 32, 117, 115, 101, 100, 32, 116, 111, 32, 116, 104, 101, 109, 32, 119, 101, 32, 99, 97, 108, 108, 32, 116, 104, 101, 109, 32, 111, 114, 100, 105, 110, 97, 114, 121, 32, 116, 104, 105, 110, 103, 115, 46]
        620cd5ff8        272 (something else)    (somewhere else)               (something else)
        620cd6108         16 model.Frase         .elementData[16]               (object)
        620cd6118         48 (something else)    (somewhere else)               (something else)
        620cd6148         24 java.lang.String    .elementData[16].q             (object)
        620cd6160         88 [B                  .elementData[16].q.value       [76, 105, 102, 101, 32, 105, 115, 32, 119, 104, 97, 116, 32, 104, 97, 112, 112, 101, 110, 115, 32, 116, 111, 32, 121, 111, 117, 32, 119, 104, 105, 108, 101, 32, 121, 111, 117, 39, 114, 101, 32, 98, 117, 115, 121, 32, 109, 97, 107, 105, 110, 103, 32, 111, 116, 104, 101, 114, 32, 112, 108, 97, 110, 115, 46]
        620cd61b8        168 (something else)    (somewhere else)               (something else)
        620cd6260         16 model.Frase         .elementData[17]               (object)
        620cd6270         48 (something else)    (somewhere else)               (something else)
        620cd62a0         24 java.lang.String    .elementData[17].q             (object)
        620cd62b8         88 [B                  .elementData[17].q.value       [73, 110, 115, 97, 110, 105, 116, 121, 32, 105, 115, 32, 114, 101, 108, 97, 116, 105, 118, 101, 46, 32, 73, 116, 32, 100, 101, 112, 101, 110, 100, 115, 32, 111, 110, 32, 119, 104, 111, 32, 104, 97, 115, 32, 119, 104, 111, 32, 108, 111, 99, 107, 101, 100, 32, 105, 110, 32, 119, 104, 97, 116, 32, 99, 97, 103, 101, 46, 32, 32]
        620cd6310        168 (something else)    (somewhere else)               (something else)
        620cd63b8         16 model.Frase         .elementData[18]               (object)
        620cd63c8         48 (something else)    (somewhere else)               (something else)
        620cd63f8         24 java.lang.String    .elementData[18].q             (object)
        620cd6410         80 [B                  .elementData[18].q.value       [87, 104, 101, 110, 32, 121, 111, 117, 32, 99, 97, 110, 39, 116, 32, 109, 97, 107, 101, 32, 116, 104, 101, 109, 32, 115, 101, 101, 32, 116, 104, 101, 32, 108, 105, 103, 104, 116, 44, 32, 109, 97, 107, 101, 32, 116, 104, 101, 109, 32, 102, 101, 101, 108, 32, 116, 104, 101, 32, 104, 101, 97, 116, 46]
        620cd6460        168 (something else)    (somewhere else)               (something else)
        620cd6508         16 model.Frase         .elementData[19]               (object)
        620cd6518         48 (something else)    (somewhere else)               (something else)
        620cd6548         24 java.lang.String    .elementData[19].q             (object)
        620cd6560         96 [B                  .elementData[19].q.value       [65, 32, 103, 111, 111, 100, 32, 116, 101, 97, 99, 104, 101, 114, 32, 111, 112, 101, 110, 115, 32, 116, 104, 101, 32, 100, 111, 111, 114, 32, 102, 111, 114, 32, 121, 111, 117, 44, 32, 98, 117, 116, 32, 121, 111, 117, 32, 109, 117, 115, 116, 32, 101, 110, 116, 101, 114, 32, 116, 104, 101, 32, 114, 111, 111, 109, 32, 98, 121, 32, 121, 111, 117, 114, 115, 101, 108, 102, 46]
        620cd65c0        168 (something else)    (somewhere else)               (something else)
        620cd6668         16 model.Frase         .elementData[20]               (object)
        620cd6678         48 (something else)    (somewhere else)               (something else)
        620cd66a8         24 java.lang.String    .elementData[20].q             (object)
        620cd66c0         88 [B                  .elementData[20].q.value       [76, 101, 97, 114, 110, 32, 116, 111, 32, 117, 115, 101, 32, 121, 111, 117, 114, 32, 101, 109, 111, 116, 105, 111, 110, 115, 32, 116, 111, 32, 116, 104, 105, 110, 107, 44, 32, 110, 111, 116, 32, 116, 104, 105, 110, 107, 32, 119, 105, 116, 104, 32, 121, 111, 117, 114, 32, 101, 109, 111, 116, 105, 111, 110, 115, 46]
        620cd6718        168 (something else)    (somewhere else)               (something else)
        620cd67c0         16 model.Frase         .elementData[21]               (object)
        620cd67d0         48 (something else)    (somewhere else)               (something else)
        620cd6800         24 java.lang.String    .elementData[21].q             (object)
        620cd6818         88 [B                  .elementData[21].q.value       [66, 101, 102, 111, 114, 101, 32, 121, 111, 117, 32, 99, 97, 110, 32, 115, 101, 101, 32, 116, 104, 101, 32, 76, 105, 103, 104, 116, 44, 32, 121, 111, 117, 32, 104, 97, 118, 101, 32, 116, 111, 32, 100, 101, 97, 108, 32, 119, 105, 116, 104, 32, 116, 104, 101, 32, 100, 97, 114, 107, 110, 101, 115, 115, 46]
        620cd6870        168 (something else)    (somewhere else)               (something else)
        620cd6918         16 model.Frase         .elementData[22]               (object)
        620cd6928         48 (something else)    (somewhere else)               (something else)
        620cd6958         24 java.lang.String    .elementData[22].q             (object)
        620cd6970        128 [B                  .elementData[22].q.value       [78, 101, 118, 101, 114, 32, 98, 101, 32, 97, 102, 114, 97, 105, 100, 32, 116, 111, 32, 114, 97, 105, 115, 101, 32, 121, 111, 117, 114, 32, 118, 111, 105, 99, 101, 32, 102, 111, 114, 32, 104, 111, 110, 101, 115, 116, 121, 32, 97, 110, 100, 32, 116, 114, 117, 116, 104, 32, 97, 110, 100, 32, 99, 111, 109, 112, 97, 115, 115, 105, 111, 110, 32, 97, 103, 97, 105, 110, 115, 116, 32, 105, 110, 106, 117, 115, 116, 105, 99, 101, 32, 97, 110, 100, 32, 108, 121, 105, 110, 103, 32, 97, 110, 100, 32, 103, 114, 101, 101, 100, 46]
        620cd69f0        320 (something else)    (somewhere else)               (something else)
        620cd6b30         16 model.Frase         .elementData[23]               (object)
        620cd6b40        312 (something else)    (somewhere else)               (something else)
        620cd6c78         24 java.lang.String    .elementData[23].q             (object)
        620cd6c90        120 [B                  .elementData[23].q.value       [79, 112, 116, 105, 109, 105, 115, 109, 32, 105, 115, 32, 116, 104, 101, 32, 102, 97, 105, 116, 104, 32, 116, 104, 97, 116, 32, 108, 101, 97, 100, 115, 32, 116, 111, 32, 97, 99, 104, 105, 101, 118, 101, 109, 101, 110, 116, 46, 32, 78, 111, 116, 104, 105, 110, 103, 32, 99, 97, 110, 32, 98, 101, 32, 100, 111, 110, 101, 32, 119, 105, 116, 104, 111, 117, 116, 32, 104, 111, 112, 101, 32, 97, 110, 100, 32, 99, 111, 110, 102, 105, 100, 101, 110, 99, 101, 46]
        620cd6d08        168 (something else)    (somewhere else)               (something else)
        620cd6db0         16 model.Frase         .elementData[24]               (object)
        620cd6dc0         48 (something else)    (somewhere else)               (something else)
        620cd6df0         24 java.lang.String    .elementData[24].q             (object)
        620cd6e08        112 [B                  .elementData[24].q.value       [65, 32, 109, 97, 110, 32, 105, 115, 32, 103, 114, 101, 97, 116, 32, 110, 111, 116, 32, 98, 101, 99, 97, 117, 115, 101, 32, 104, 101, 32, 104, 97, 115, 110, 39, 116, 32, 102, 97, 105, 108, 101, 100, 59, 32, 97, 32, 109, 97, 110, 32, 105, 115, 32, 103, 114, 101, 97, 116, 32, 98, 101, 99, 97, 117, 115, 101, 32, 102, 97, 105, 108, 117, 114, 101, 32, 104, 97, 115, 110, 39, 116, 32, 115, 116, 111, 112, 112, 101, 100, 32, 104, 105, 109, 46]
        620cd6e78        168 (something else)    (somewhere else)               (something else)
        620cd6f20         16 model.Frase         .elementData[25]               (object)
        620cd6f30         48 (something else)    (somewhere else)               (something else)
        620cd6f60         24 java.lang.String    .elementData[25].q             (object)
        620cd6f78         64 [B                  .elementData[25].q.value       [70, 111, 114, 103, 101, 116, 32, 115, 97, 102, 101, 116, 121, 46, 32, 76, 105, 118, 101, 32, 119, 104, 101, 114, 101, 32, 121, 111, 117, 32, 102, 101, 97, 114, 32, 116, 111, 32, 108, 105, 118, 101, 46]
        620cd6fb8        168 (something else)    (somewhere else)               (something else)
        620cd7060         16 model.Frase         .elementData[26]               (object)
        620cd7070         48 (something else)    (somewhere else)               (something else)
        620cd70a0         24 java.lang.String    .elementData[26].q             (object)
        620cd70b8         64 [B                  .elementData[26].q.value       [70, 111, 114, 116, 117, 110, 97, 116, 101, 32, 97, 114, 101, 32, 116, 104, 111, 115, 101, 32, 119, 104, 111, 32, 116, 97, 107, 101, 32, 116, 104, 101, 32, 102, 105, 114, 115, 116, 32, 115, 116, 101, 112, 115, 46]
        620cd70f8        168 (something else)    (somewhere else)               (something else)
        620cd71a0         16 model.Frase         .elementData[27]               (object)
        620cd71b0        320 (something else)    (somewhere else)               (something else)
        620cd72f0         24 java.lang.String    .elementData[27].q             (object)
        620cd7308         88 [B                  .elementData[27].q.value       [87, 104, 101, 110, 32, 121, 111, 117, 39, 114, 101, 32, 116, 104, 101, 32, 111, 110, 108, 121, 32, 115, 97, 110, 101, 32, 112, 101, 114, 115, 111, 110, 44, 32, 121, 111, 117, 32, 108, 111, 111, 107, 32, 108, 105, 107, 101, 32, 116, 104, 101, 32, 111, 110, 108, 121, 32, 105, 110, 115, 97, 110, 101, 32, 112, 101, 114, 115, 111, 110, 46]
        620cd7360        168 (something else)    (somewhere else)               (something else)
        620cd7408         16 model.Frase         .elementData[28]               (object)
        620cd7418         48 (something else)    (somewhere else)               (something else)
        620cd7448         24 java.lang.String    .elementData[28].q             (object)
        620cd7460        160 [B                  .elementData[28].q.value       [83, 111, 109, 101, 111, 110, 101, 32, 119, 104, 111, 32, 112, 111, 105, 110, 116, 115, 32, 111, 117, 116, 32, 121, 111, 117, 114, 32, 102, 108, 97, 119, 115, 32, 116, 111, 32, 121, 111, 117, 32, 105, 115, 32, 110, 111, 116, 32, 110, 101, 99, 101, 115, 115, 97, 114, 105, 108, 121, 32, 121, 111, 117, 114, 32, 101, 110, 101, 109, 121, 46, 32, 83, 111, 109, 101, 111, 110, 101, 32, 119, 104, 111, 32, 115, 112, 101, 97, 107, 115, 32, 111, 102, 32, 121, 111, 117, 114, 32, 118, 105, 114, 116, 117, 101, 115, 32, 105, 115, 32, 110, 111, 116, 32, 110, 101, 99, 101, 115, 115, 97, 114, 105, 108, 121, 32, 121, 111, 117, 114, 32, 102, 114, 105, 101, 110, 100, 46]
        620cd7500        168 (something else)    (somewhere else)               (something else)
        620cd75a8         16 model.Frase         .elementData[29]               (object)
        620cd75b8         48 (something else)    (somewhere else)               (something else)
        620cd75e8         24 java.lang.String    .elementData[29].q             (object)
        620cd7600         64 [B                  .elementData[29].q.value       [72, 101, 32, 116, 104, 97, 116, 32, 99, 97, 110, 32, 104, 97, 118, 101, 32, 112, 97, 116, 105, 101, 110, 99, 101, 32, 99, 97, 110, 32, 104, 97, 118, 101, 32, 119, 104, 97, 116, 32, 104, 101, 32, 119, 105, 108, 108, 46]
        620cd7640        168 (something else)    (somewhere else)               (something else)
        620cd76e8         16 model.Frase         .elementData[30]               (object)
        620cd76f8         48 (something else)    (somewhere else)               (something else)
        620cd7728         24 java.lang.String    .elementData[30].q             (object)
        620cd7740         64 [B                  .elementData[30].q.value       [76, 105, 102, 101, 32, 105, 116, 115, 101, 108, 102, 32, 105, 115, 32, 116, 104, 101, 32, 109, 111, 115, 116, 32, 119, 111, 110, 100, 101, 114, 102, 117, 108, 32, 102, 97, 105, 114, 121, 32, 116, 97, 108, 101, 46]
        620cd7780        168 (something else)    (somewhere else)               (something else)
        620cd7828         16 model.Frase         .elementData[31]               (object)
        620cd7838         48 (something else)    (somewhere else)               (something else)
        620cd7868         24 java.lang.String    .elementData[31].q             (object)
        620cd7880         88 [B                  .elementData[31].q.value       [84, 104, 101, 32, 111, 110, 108, 121, 32, 108, 111, 115, 116, 32, 99, 97, 117, 115, 101, 32, 105, 115, 32, 111, 110, 101, 32, 119, 101, 32, 103, 105, 118, 101, 32, 117, 112, 32, 111, 110, 32, 98, 101, 102, 111, 114, 101, 32, 119, 101, 32, 101, 110, 116, 101, 114, 32, 116, 104, 101, 32, 115, 116, 114, 117, 103, 103, 108, 101, 46]
        620cd78d8        168 (something else)    (somewhere else)               (something else)
        620cd7980         16 model.Frase         .elementData[32]               (object)
        620cd7990         48 (something else)    (somewhere else)               (something else)
        620cd79c0         24 java.lang.String    .elementData[32].q             (object)
        620cd79d8        112 [B                  .elementData[32].q.value       [87, 104, 97, 116, 32, 108, 105, 101, 115, 32, 98, 101, 104, 105, 110, 100, 32, 117, 115, 32, 97, 110, 100, 32, 119, 104, 97, 116, 32, 108, 105, 101, 115, 32, 98, 101, 102, 111, 114, 101, 32, 117, 115, 32, 97, 114, 101, 32, 116, 105, 110, 121, 32, 109, 97, 116, 116, 101, 114, 115, 32, 99, 111, 109, 112, 97, 114, 101, 100, 32, 116, 111, 32, 119, 104, 97, 116, 32, 108, 105, 101, 115, 32, 119, 105, 116, 104, 105, 110, 32, 117, 115, 46]
        620cd7a48        168 (something else)    (somewhere else)               (something else)
        620cd7af0         16 model.Frase         .elementData[33]               (object)
        620cd7b00         48 (something else)    (somewhere else)               (something else)
        620cd7b30         24 java.lang.String    .elementData[33].q             (object)
        620cd7b48         88 [B                  .elementData[33].q.value       [67, 104, 97, 110, 103, 101, 32, 105, 115, 32, 110, 111, 116, 32, 97, 32, 102, 111, 117, 114, 32, 108, 101, 116, 116, 101, 114, 32, 119, 111, 114, 100, 46, 46, 46, 98, 117, 116, 32, 111, 102, 116, 101, 110, 32, 121, 111, 117, 114, 32, 114, 101, 97, 99, 116, 105, 111, 110, 32, 116, 111, 32, 105, 116, 32, 105, 115, 33]
        620cd7ba0        384 (something else)    (somewhere else)               (something else)
        620cd7d20         16 model.Frase         .elementData[34]               (object)
        620cd7d30         48 (something else)    (somewhere else)               (something else)
        620cd7d60         24 java.lang.String    .elementData[34].q             (object)
        620cd7d78        104 [B                  .elementData[34].q.value       [75, 110, 111, 119, 108, 101, 100, 103, 101, 32, 105, 115, 32, 108, 101, 97, 114, 110, 105, 110, 103, 32, 115, 111, 109, 101, 116, 104, 105, 110, 103, 32, 101, 118, 101, 114, 121, 100, 97, 121, 46, 32, 87, 105, 115, 100, 111, 109, 32, 105, 115, 32, 108, 101, 116, 116, 105, 110, 103, 32, 103, 111, 32, 111, 102, 32, 115, 111, 109, 101, 116, 104, 105, 110, 103, 32, 101, 118, 101, 114, 121, 100, 97, 121, 46]
        620cd7de0        168 (something else)    (somewhere else)               (something else)
        620cd7e88         16 model.Frase         .elementData[35]               (object)
        620cd7e98         48 (something else)    (somewhere else)               (something else)
        620cd7ec8         24 java.lang.String    .elementData[35].q             (object)
        620cd7ee0         88 [B                  .elementData[35].q.value       [67, 104, 97, 114, 97, 99, 116, 101, 114, 32, 105, 115, 32, 100, 111, 105, 110, 103, 32, 119, 104, 97, 116, 32, 121, 111, 117, 32, 100, 111, 110, 39, 116, 32, 119, 97, 110, 116, 32, 116, 111, 32, 100, 111, 32, 98, 117, 116, 32, 107, 110, 111, 119, 32, 121, 111, 117, 32, 115, 104, 111, 117, 108, 100, 32, 100, 111, 46]
        620cd7f38        168 (something else)    (somewhere else)               (something else)
        620cd7fe0         16 model.Frase         .elementData[36]               (object)
        620cd7ff0         48 (something else)    (somewhere else)               (something else)
        620cd8020         24 java.lang.String    .elementData[36].q             (object)
        620cd8038         96 [B                  .elementData[36].q.value       [71, 111, 32, 99, 111, 110, 102, 105, 100, 101, 110, 116, 108, 121, 32, 105, 110, 32, 116, 104, 101, 32, 100, 105, 114, 101, 99, 116, 105, 111, 110, 32, 111, 102, 32, 121, 111, 117, 114, 32, 100, 114, 101, 97, 109, 115, 46, 32, 76, 105, 118, 101, 32, 116, 104, 101, 32, 108, 105, 102, 101, 32, 121, 111, 117, 39, 118, 101, 32, 105, 109, 97, 103, 105, 110, 101, 100, 46]
        620cd8098        168 (something else)    (somewhere else)               (something else)
        620cd8140         16 model.Frase         .elementData[37]               (object)
        620cd8150         48 (something else)    (somewhere else)               (something else)
        620cd8180         24 java.lang.String    .elementData[37].q             (object)
        620cd8198         56 [B                  .elementData[37].q.value       [84, 104, 101, 32, 103, 114, 101, 97, 116, 101, 115, 116, 32, 109, 105, 114, 97, 99, 108, 101, 32, 105, 115, 32, 116, 111, 32, 98, 101, 32, 97, 108, 105, 118, 101, 46]
        620cd81d0        168 (something else)    (somewhere else)               (something else)
        620cd8278         16 model.Frase         .elementData[38]               (object)
        620cd8288         48 (something else)    (somewhere else)               (something else)
        620cd82b8         24 java.lang.String    .elementData[38].q             (object)
        620cd82d0         56 [B                  .elementData[38].q.value       [87, 101, 32, 102, 111, 114, 103, 101, 32, 116, 104, 101, 32, 99, 104, 97, 105, 110, 115, 32, 119, 101, 32, 119, 101, 97, 114, 32, 105, 110, 32, 108, 105, 102, 101, 46]
        620cd8308        168 (something else)    (somewhere else)               (something else)
        620cd83b0         16 model.Frase         .elementData[39]               (object)
        620cd83c0         48 (something else)    (somewhere else)               (something else)
        620cd83f0         24 java.lang.String    .elementData[39].q             (object)
        620cd8408        136 [B                  .elementData[39].q.value       [65, 110, 103, 101, 114, 32, 105, 115, 32, 97, 110, 32, 97, 99, 105, 100, 32, 116, 104, 97, 116, 32, 99, 97, 110, 32, 100, 111, 32, 109, 111, 114, 101, 32, 104, 97, 114, 109, 32, 116, 111, 32, 116, 104, 101, 32, 118, 101, 115, 115, 101, 108, 32, 105, 110, 32, 119, 104, 105, 99, 104, 32, 105, 116, 32, 105, 115, 32, 115, 116, 111, 114, 101, 100, 32, 116, 104, 97, 110, 32, 116, 111, 32, 97, 110, 121, 116, 104, 105, 110, 103, 32, 111, 110, 32, 119, 104, 105, 99, 104, 32, 105, 116, 32, 105, 115, 32, 112, 111, 117, 114, 101, 100, 46]
        620cd8490        168 (something else)    (somewhere else)               (something else)
        620cd8538         16 model.Frase         .elementData[40]               (object)
        620cd8548         48 (something else)    (somewhere else)               (something else)
        620cd8578         24 java.lang.String    .elementData[40].q             (object)
        620cd8590        128 [B                  .elementData[40].q.value       [80, 101, 97, 99, 101, 32, 105, 115, 32, 116, 104, 101, 32, 114, 101, 115, 117, 108, 116, 32, 111, 102, 32, 114, 101, 116, 114, 97, 105, 110, 105, 110, 103, 32, 121, 111, 117, 114, 32, 109, 105, 110, 100, 32, 116, 111, 32, 112, 114, 111, 99, 101, 115, 115, 32, 108, 105, 102, 101, 32, 97, 115, 32, 105, 116, 32, 105, 115, 44, 32, 114, 97, 116, 104, 101, 114, 32, 116, 104, 97, 110, 32, 97, 115, 32, 121, 111, 117, 32, 116, 104, 105, 110, 107, 32, 105, 116, 32, 115, 104, 111, 117, 108, 100, 32, 98, 101, 46, 32, 32]
        620cd8610        168 (something else)    (somewhere else)               (something else)
        620cd86b8         16 model.Frase         .elementData[41]               (object)
        620cd86c8         48 (something else)    (somewhere else)               (something else)
        620cd86f8         24 java.lang.String    .elementData[41].q             (object)
        620cd8710         80 [B                  .elementData[41].q.value       [87, 104, 101, 110, 101, 118, 101, 114, 32, 112, 101, 111, 112, 108, 101, 32, 97, 103, 114, 101, 101, 32, 119, 105, 116, 104, 32, 109, 101, 32, 73, 32, 97, 108, 119, 97, 121, 115, 32, 102, 101, 101, 108, 32, 73, 32, 109, 117, 115, 116, 32, 98, 101, 32, 119, 114, 111, 110, 103, 46]
        620cd8760        168 (something else)    (somewhere else)               (something else)
        620cd8808         16 model.Frase         .elementData[42]               (object)
        620cd8818        240 (something else)    (somewhere else)               (something else)
        620cd8908         24 java.lang.String    .elementData[42].q             (object)
        620cd8920        112 [B                  .elementData[42].q.value       [68, 97, 114, 107, 110, 101, 115, 115, 32, 109, 117, 115, 116, 32, 112, 97, 115, 115, 46, 32, 65, 32, 110, 101, 119, 32, 100, 97, 121, 32, 119, 105, 108, 108, 32, 99, 111, 109, 101, 46, 32, 65, 110, 100, 32, 119, 104, 101, 110, 32, 116, 104, 101, 32, 115, 117, 110, 32, 115, 104, 105, 110, 101, 115, 44, 32, 105, 116, 32, 119, 105, 108, 108, 32, 115, 104, 105, 110, 101, 32, 111, 117, 116, 32, 116, 104, 101, 32, 99, 108, 101, 97, 114, 101, 114, 46]
        620cd8990        168 (something else)    (somewhere else)               (something else)
        620cd8a38         16 model.Frase         .elementData[43]               (object)
        620cd8a48         48 (something else)    (somewhere else)               (something else)
        620cd8a78         24 java.lang.String    .elementData[43].q             (object)
        620cd8a90        112 [B                  .elementData[43].q.value       [84, 104, 101, 32, 103, 114, 101, 97, 116, 101, 115, 116, 32, 118, 97, 108, 117, 101, 32, 111, 102, 32, 97, 32, 112, 105, 99, 116, 117, 114, 101, 32, 105, 115, 32, 119, 104, 101, 110, 32, 105, 116, 32, 102, 111, 114, 99, 101, 115, 32, 117, 115, 32, 116, 111, 32, 110, 111, 116, 105, 99, 101, 32, 119, 104, 97, 116, 32, 119, 101, 32, 110, 101, 118, 101, 114, 32, 101, 120, 112, 101, 99, 116, 101, 100, 32, 116, 111, 32, 115, 101, 101, 46]
        620cd8b00        168 (something else)    (somewhere else)               (something else)
        620cd8ba8         16 model.Frase         .elementData[44]               (object)
        620cd8bb8         48 (something else)    (somewhere else)               (something else)
        620cd8be8         24 java.lang.String    .elementData[44].q             (object)
        620cd8c00        136 [B                  .elementData[44].q.value       [80, 101, 111, 112, 108, 101, 32, 97, 99, 116, 105, 110, 103, 32, 116, 111, 103, 101, 116, 104, 101, 114, 32, 97, 115, 32, 97, 32, 103, 114, 111, 117, 112, 32, 99, 97, 110, 32, 97, 99, 99, 111, 109, 112, 108, 105, 115, 104, 32, 116, 104, 105, 110, 103, 115, 32, 119, 104, 105, 99, 104, 32, 110, 111, 32, 105, 110, 100, 105, 118, 105, 100, 117, 97, 108, 32, 97, 99, 116, 105, 110, 103, 32, 97, 108, 111, 110, 101, 32, 99, 111, 117, 108, 100, 32, 101, 118, 101, 114, 32, 104, 111, 112, 101, 32, 116, 111, 32, 98, 114, 105, 110, 103, 32, 97, 98, 111, 117, 116, 46]
        620cd8c88        168 (something else)    (somewhere else)               (something else)
        620cd8d30         16 model.Frase         .elementData[45]               (object)
        620cd8d40        368 (something else)    (somewhere else)               (something else)
        620cd8eb0         24 java.lang.String    .elementData[45].q             (object)
        620cd8ec8        144 [B                  .elementData[45].q.value       [73, 110, 32, 97, 108, 108, 32, 104, 117, 109, 97, 110, 32, 97, 102, 102, 97, 105, 114, 115, 32, 116, 104, 101, 114, 101, 32, 97, 114, 101, 32, 101, 102, 102, 111, 114, 116, 115, 44, 32, 97, 110, 100, 32, 116, 104, 101, 114, 101, 32, 97, 114, 101, 32, 114, 101, 115, 117, 108, 116, 115, 44, 32, 97, 110, 100, 32, 116, 104, 101, 32, 115, 116, 114, 101, 110, 103, 116, 104, 32, 111, 102, 32, 116, 104, 101, 32, 101, 102, 102, 111, 114, 116, 32, 105, 115, 32, 116, 104, 101, 32, 109, 101, 97, 115, 117, 114, 101, 32, 111, 102, 32, 116, 104, 101, 32, 114, 101, 115, 117, 108, 116, 46]
        620cd8f58        168 (something else)    (somewhere else)               (something else)
        620cd9000         16 model.Frase         .elementData[46]               (object)
        620cd9010         48 (something else)    (somewhere else)               (something else)
        620cd9040         24 java.lang.String    .elementData[46].q             (object)
        620cd9058         56 [B                  .elementData[46].q.value       [83, 105, 108, 101, 110, 99, 101, 32, 105, 115, 32, 115, 111, 109, 101, 116, 105, 109, 101, 115, 32, 116, 104, 101, 32, 98, 101, 115, 116, 32, 97, 110, 115, 119, 101, 114, 46]
        620cd9090        168 (something else)    (somewhere else)               (something else)
        620cd9138         16 model.Frase         .elementData[47]               (object)
        620cd9148         48 (something else)    (somewhere else)               (something else)
        620cd9178         24 java.lang.String    .elementData[47].q             (object)
        620cd9190         96 [B                  .elementData[47].q.value       [84, 104, 101, 32, 98, 101, 115, 116, 32, 119, 97, 121, 32, 116, 111, 32, 102, 105, 110, 100, 32, 121, 111, 117, 114, 115, 101, 108, 102, 32, 105, 115, 32, 116, 111, 32, 108, 111, 115, 101, 32, 121, 111, 117, 114, 115, 101, 108, 102, 32, 105, 110, 32, 116, 104, 101, 32, 115, 101, 114, 118, 105, 99, 101, 32, 111, 102, 32, 111, 116, 104, 101, 114, 115, 46]
        620cd91f0        168 (something else)    (somewhere else)               (something else)
        620cd9298         16 model.Frase         .elementData[48]               (object)
        620cd92a8         48 (something else)    (somewhere else)               (something else)
        620cd92d8         24 java.lang.String    .elementData[48].q             (object)
        620cd92f0        112 [B                  .elementData[48].q.value       [83, 111, 109, 101, 32, 112, 101, 111, 112, 108, 101, 32, 97, 114, 101, 32, 111, 108, 100, 32, 97, 116, 32, 49, 56, 32, 97, 110, 100, 32, 115, 111, 109, 101, 32, 97, 114, 101, 32, 121, 111, 117, 110, 103, 32, 97, 116, 32, 57, 48, 46, 32, 84, 105, 109, 101, 32, 105, 115, 32, 97, 32, 99, 111, 110, 99, 101, 112, 116, 32, 116, 104, 97, 116, 32, 104, 117, 109, 97, 110, 115, 32, 99, 114, 101, 97, 116, 101, 100, 46]
        620cd9360        168 (something else)    (somewhere else)               (something else)
        620cd9408         16 model.Frase         .elementData[49]               (object)
        620cd9418         48 (something else)    (somewhere else)               (something else)
        620cd9448         24 java.lang.String    .elementData[49].q             (object)
        620cd9460        160 [B                  .elementData[49].q.value       [87, 105, 110, 110, 101, 114, 115, 32, 97, 114, 101, 32, 110, 111, 116, 32, 97, 102, 114, 97, 105, 100, 32, 111, 102, 32, 108, 111, 115, 105, 110, 103, 46, 32, 66, 117, 116, 32, 108, 111, 115, 101, 114, 115, 32, 97, 114, 101, 46, 32, 70, 97, 105, 108, 117, 114, 101, 32, 105, 115, 32, 112, 97, 114, 116, 32, 111, 102, 32, 116, 104, 101, 32, 112, 114, 111, 99, 101, 115, 115, 32, 111, 102, 32, 115, 117, 99, 99, 101, 115, 115, 46, 32, 80, 101, 111, 112, 108, 101, 32, 119, 104, 111, 32, 97, 118, 111, 105, 100, 32, 102, 97, 105, 108, 117, 114, 101, 32, 97, 108, 115, 111, 32, 97, 118, 111, 105, 100, 32, 115, 117, 99, 99, 101, 115, 115, 46]
        620cd9500        144 (something else)    (somewhere else)               (something else)
        620cd9590        312 [Ljava.lang.Object; .elementData                   [(object), (object), (object), (object), (object), (object), (object), (object), (object), (object), (object), (object), (object), (object), (object), (object), (object), (object), (object), (object), (object), (object), (object), (object), (object), (object), (object), (object), (object), (object), (object), (object), (object), (object), (object), (object), (object), (object), (object), (object), (object), (object), (object), (object), (object), (object), (object), (object), (object), (object), null, null, null, null, null, null, null, null, null, null, null, null, null, null, null, null, null, null, null, null, null, null, null]

Addresses are stable after 1 tries.


|====== Tamanio total en memoria ======|
7104 bytes
2025-09-10 18:48:54 [main] INFO  performance - Peso de fraseEncriptada: 
|====== Layout Interno ======|
java.util.ArrayDeque object internals:
OFF  SZ                 TYPE DESCRIPTION               VALUE
  0   8                      (object header: mark)     0x000000632aa1a301 (hash: 0x632aa1a3; age: 0)
  8   4                      (object header: class)    0x0020cf90
 12   4                  int ArrayDeque.head           19
 16   4                  int ArrayDeque.tail           7
 20   4   java.lang.Object[] ArrayDeque.elements       [(object), (object), (object), (object), (object), (object), (object), null, null, null, null, null, null, null, null, null, null, null, null, (object), (object), (object), (object), (object), (object), (object), (object), (object), (object), (object), (object), (object), (object), (object), (object), (object)]
Instance size: 24 bytes
Space losses: 0 bytes internal + 0 bytes external = 0 bytes total

|====== Layout con Referencias ======|
java.util.ArrayDeque@632aa1a3d object externals:
          ADDRESS       SIZE TYPE                 PATH                           VALUE
        601d6dfa8         16 java.lang.Integer    .elements[28].cabeza.valor     71
        601d6dfb8         48 (something else)     (somewhere else)               (something else)
        601d6dfe8         16 java.lang.Integer    .elements[25].cabeza.valor     67
        601d6dff8         80 (something else)     (somewhere else)               (something else)
        601d6e048         16 java.lang.Integer    .elements[35].cabeza.referencia.referencia.referencia.referencia.referencia.referencia.referencia.valor 61
        601d6e058         16 (something else)     (somewhere else)               (something else)
        601d6e068         16 java.lang.Integer    .elements[24].cabeza.referencia.referencia.referencia.referencia.referencia.referencia.valor 59
        601d6e078         80 (something else)     (somewhere else)               (something else)
        601d6e0c8         16 java.lang.Integer    .elements[27].cabeza.referencia.referencia.referencia.valor 53
        601d6e0d8        416 (something else)     (somewhere else)               (something else)
        601d6e278         16 java.lang.Integer    .elements[35].cabeza.referencia.referencia.referencia.referencia.referencia.valor 126
        601d6e288         16 java.lang.Integer    .elements[28].cabeza.referencia.referencia.referencia.referencia.referencia.valor 125
        601d6e298         16 (something else)     (somewhere else)               (something else)
        601d6e2a8         16 java.lang.Integer    .elements[30].cabeza.referencia.referencia.referencia.valor 123
        601d6e2b8         16 (something else)     (somewhere else)               (something else)
        601d6e2c8         16 java.lang.Integer    .elements[25].cabeza.referencia.referencia.valor 121
        601d6e2d8         16 java.lang.Integer    .elements[35].cabeza.referencia.valor 120
        601d6e2e8         16 java.lang.Integer    .elements[30].cabeza.referencia.referencia.valor 119
        601d6e2f8         16 java.lang.Integer    .elements[29].cabeza.referencia.valor 118
        601d6e308         16 java.lang.Integer    .elements[33].cabeza.referencia.valor 117
        601d6e318         16 java.lang.Integer    .elements[35].cabeza.valor     116
        601d6e328         16 java.lang.Integer    .elements[28].cabeza.referencia.referencia.referencia.valor 115
        601d6e338         16 java.lang.Integer    .elements[28].cabeza.referencia.referencia.referencia.referencia.referencia.referencia.valor 114
        601d6e348         16 java.lang.Integer    .elements[33].cabeza.valor     113
        601d6e358         16 java.lang.Integer    .elements[34].cabeza.valor     112
        601d6e368         16 java.lang.Integer    .elements[22].cabeza.referencia.referencia.referencia.referencia.referencia.valor 111
        601d6e378         16 java.lang.Integer    .elements[35].cabeza.referencia.referencia.referencia.referencia.valor 110
        601d6e388         16 java.lang.Integer    .elements[26].cabeza.valor     109
        601d6e398         16 java.lang.Integer    .elements[26].cabeza.referencia.referencia.referencia.valor 108
        601d6e3a8         16 java.lang.Integer    .elements[32].cabeza.referencia.valor 107
        601d6e3b8         16 java.lang.Integer    .elements[35].cabeza.referencia.referencia.referencia.valor 106
        601d6e3c8         16 java.lang.Integer    .elements[34].cabeza.referencia.valor 105
        601d6e3d8         16 java.lang.Integer    .elements[35].cabeza.referencia.referencia.valor 104
        601d6e3e8         16 java.lang.Integer    .elements[3].cabeza.valor      103
        601d6e3f8         32 (something else)     (somewhere else)               (something else)
        601d6e418         16 java.lang.Integer    .elements[30].cabeza.referencia.valor 100
        601d6e428         16 (something else)     (somewhere else)               (something else)
        601d6e438         16 java.lang.Integer    .elements[27].cabeza.valor     98
        601d6e448        144 (something else)     (somewhere else)               (something else)
        601d6e4d8         16 java.lang.Integer    .elements[19].cabeza.valor     88
        601d6e4e8         96 (something else)     (somewhere else)               (something else)
        601d6e548         16 java.lang.Integer    .elements[0].cabeza.valor      81
        601d6e558  510837688 (something else)     (somewhere else)               (something else)
        62049a910         24 java.util.ArrayDeque                                (object)
        62049a928       1824 (something else)     (somewhere else)               (something else)
        62049b048         24 model.LinkedList     .elements[19]                  (object)
        62049b060         56 (something else)     (somewhere else)               (something else)
        62049b098         24 model.Nodo           .elements[19].cabeza           (object)
        62049b0b0         48 (something else)     (somewhere else)               (something else)
        62049b0e0         24 model.Nodo           .elements[19].cabeza.referencia (object)
        62049b0f8         72 (something else)     (somewhere else)               (something else)
        62049b140         24 model.Nodo           .elements[19].cabeza.referencia.referencia (object)
        62049b158         72 (something else)     (somewhere else)               (something else)
        62049b1a0         24 model.Nodo           .elements[19].cabeza.referencia.referencia.referencia (object)
        62049b1b8         72 (something else)     (somewhere else)               (something else)
        62049b200         24 model.Nodo           .elements[19].cabeza.referencia.referencia.referencia.referencia (object)
        62049b218         72 (something else)     (somewhere else)               (something else)
        62049b260         24 model.Nodo           .elements[19].cabeza.referencia.referencia.referencia.referencia.referencia (object)
        62049b278         72 (something else)     (somewhere else)               (something else)
        62049b2c0         16 java.lang.Integer    .elements[19].cabeza.referencia.referencia.referencia.referencia.referencia.referencia.valor 128
        62049b2d0         24 model.Nodo           .elements[19].cabeza.referencia.referencia.referencia.referencia.referencia.referencia (object)
        62049b2e8        336 (something else)     (somewhere else)               (something else)
        62049b438         24 model.LinkedList     .elements[20]                  (object)
        62049b450         48 (something else)     (somewhere else)               (something else)
        62049b480         24 model.Nodo           .elements[20].cabeza           (object)
        62049b498         48 (something else)     (somewhere else)               (something else)
        62049b4c8         24 model.Nodo           .elements[20].cabeza.referencia (object)
        62049b4e0         72 (something else)     (somewhere else)               (something else)
        62049b528         24 model.Nodo           .elements[20].cabeza.referencia.referencia (object)
        62049b540        192 (something else)     (somewhere else)               (something else)
        62049b600         24 model.LinkedList     .elements[21]                  (object)
        62049b618         48 (something else)     (somewhere else)               (something else)
        62049b648         24 model.Nodo           .elements[21].cabeza           (object)
        62049b660         48 (something else)     (somewhere else)               (something else)
        62049b690         24 model.Nodo           .elements[21].cabeza.referencia (object)
        62049b6a8         72 (something else)     (somewhere else)               (something else)
        62049b6f0         24 model.Nodo           .elements[21].cabeza.referencia.referencia (object)
        62049b708        192 (something else)     (somewhere else)               (something else)
        62049b7c8         24 model.LinkedList     .elements[22]                  (object)
        62049b7e0         56 (something else)     (somewhere else)               (something else)
        62049b818         24 model.Nodo           .elements[22].cabeza           (object)
        62049b830         48 (something else)     (somewhere else)               (something else)
        62049b860         24 model.Nodo           .elements[22].cabeza.referencia (object)
        62049b878         72 (something else)     (somewhere else)               (something else)
        62049b8c0         24 model.Nodo           .elements[22].cabeza.referencia.referencia (object)
        62049b8d8         72 (something else)     (somewhere else)               (something else)
        62049b920         24 model.Nodo           .elements[22].cabeza.referencia.referencia.referencia (object)
        62049b938         72 (something else)     (somewhere else)               (something else)
        62049b980         24 model.Nodo           .elements[22].cabeza.referencia.referencia.referencia.referencia (object)
        62049b998         72 (something else)     (somewhere else)               (something else)
        62049b9e0         24 model.Nodo           .elements[22].cabeza.referencia.referencia.referencia.referencia.referencia (object)
        62049b9f8        336 (something else)     (somewhere else)               (something else)
        62049bb48         24 model.LinkedList     .elements[23]                  (object)
        62049bb60         48 (something else)     (somewhere else)               (something else)
        62049bb90         24 model.Nodo           .elements[23].cabeza           (object)
        62049bba8         48 (something else)     (somewhere else)               (something else)
        62049bbd8         24 model.Nodo           .elements[23].cabeza.referencia (object)
        62049bbf0        192 (something else)     (somewhere else)               (something else)
        62049bcb0         24 model.LinkedList     .elements[24]                  (object)
        62049bcc8         56 (something else)     (somewhere else)               (something else)
        62049bd00         24 model.Nodo           .elements[24].cabeza           (object)
        62049bd18         48 (something else)     (somewhere else)               (something else)
        62049bd48         24 model.Nodo           .elements[24].cabeza.referencia (object)
        62049bd60         72 (something else)     (somewhere else)               (something else)
        62049bda8         24 model.Nodo           .elements[24].cabeza.referencia.referencia (object)
        62049bdc0         72 (something else)     (somewhere else)               (something else)
        62049be08         24 model.Nodo           .elements[24].cabeza.referencia.referencia.referencia (object)
        62049be20         72 (something else)     (somewhere else)               (something else)
        62049be68         24 model.Nodo           .elements[24].cabeza.referencia.referencia.referencia.referencia (object)
        62049be80         72 (something else)     (somewhere else)               (something else)
        62049bec8         24 model.Nodo           .elements[24].cabeza.referencia.referencia.referencia.referencia.referencia (object)
        62049bee0         72 (something else)     (somewhere else)               (something else)
        62049bf28         24 model.Nodo           .elements[24].cabeza.referencia.referencia.referencia.referencia.referencia.referencia (object)
        62049bf40        336 (something else)     (somewhere else)               (something else)
        62049c090         24 model.LinkedList     .elements[25]                  (object)
        62049c0a8         48 (something else)     (somewhere else)               (something else)
        62049c0d8         24 model.Nodo           .elements[25].cabeza           (object)
        62049c0f0         48 (something else)     (somewhere else)               (something else)
        62049c120         24 model.Nodo           .elements[25].cabeza.referencia (object)
        62049c138         72 (something else)     (somewhere else)               (something else)
        62049c180         24 model.Nodo           .elements[25].cabeza.referencia.referencia (object)
        62049c198        192 (something else)     (somewhere else)               (something else)
        62049c258         24 model.LinkedList     .elements[26]                  (object)
        62049c270         56 (something else)     (somewhere else)               (something else)
        62049c2a8         24 model.Nodo           .elements[26].cabeza           (object)
        62049c2c0         48 (something else)     (somewhere else)               (something else)
        62049c2f0         24 model.Nodo           .elements[26].cabeza.referencia (object)
        62049c308         72 (something else)     (somewhere else)               (something else)
        62049c350         24 model.Nodo           .elements[26].cabeza.referencia.referencia (object)
        62049c368         72 (something else)     (somewhere else)               (something else)
        62049c3b0         24 model.Nodo           .elements[26].cabeza.referencia.referencia.referencia (object)
        62049c3c8         72 (something else)     (somewhere else)               (something else)
        62049c410         24 model.Nodo           .elements[26].cabeza.referencia.referencia.referencia.referencia (object)
        62049c428         72 (something else)     (somewhere else)               (something else)
        62049c470         24 model.Nodo           .elements[26].cabeza.referencia.referencia.referencia.referencia.referencia (object)
        62049c488        336 (something else)     (somewhere else)               (something else)
        62049c5d8         24 model.LinkedList     .elements[27]                  (object)
        62049c5f0         48 (something else)     (somewhere else)               (something else)
        62049c620         24 model.Nodo           .elements[27].cabeza           (object)
        62049c638         48 (something else)     (somewhere else)               (something else)
        62049c668         24 model.Nodo           .elements[27].cabeza.referencia (object)
        62049c680         72 (something else)     (somewhere else)               (something else)
        62049c6c8         24 model.Nodo           .elements[27].cabeza.referencia.referencia (object)
        62049c6e0         72 (something else)     (somewhere else)               (something else)
        62049c728         24 model.Nodo           .elements[27].cabeza.referencia.referencia.referencia (object)
        62049c740        264 (something else)     (somewhere else)               (something else)
        62049c848         24 model.LinkedList     .elements[28]                  (object)
        62049c860         56 (something else)     (somewhere else)               (something else)
        62049c898         24 model.Nodo           .elements[28].cabeza           (object)
        62049c8b0         48 (something else)     (somewhere else)               (something else)
        62049c8e0         24 model.Nodo           .elements[28].cabeza.referencia (object)
        62049c8f8         72 (something else)     (somewhere else)               (something else)
        62049c940         24 model.Nodo           .elements[28].cabeza.referencia.referencia (object)
        62049c958         72 (something else)     (somewhere else)               (something else)
        62049c9a0         24 model.Nodo           .elements[28].cabeza.referencia.referencia.referencia (object)
        62049c9b8         72 (something else)     (somewhere else)               (something else)
        62049ca00         24 model.Nodo           .elements[28].cabeza.referencia.referencia.referencia.referencia (object)
        62049ca18         72 (something else)     (somewhere else)               (something else)
        62049ca60         24 model.Nodo           .elements[28].cabeza.referencia.referencia.referencia.referencia.referencia (object)
        62049ca78         72 (something else)     (somewhere else)               (something else)
        62049cac0         24 model.Nodo           .elements[28].cabeza.referencia.referencia.referencia.referencia.referencia.referencia (object)
        62049cad8        336 (something else)     (somewhere else)               (something else)
        62049cc28         24 model.LinkedList     .elements[29]                  (object)
        62049cc40         48 (something else)     (somewhere else)               (something else)
        62049cc70         24 model.Nodo           .elements[29].cabeza           (object)
        62049cc88         48 (something else)     (somewhere else)               (something else)
        62049ccb8         24 model.Nodo           .elements[29].cabeza.referencia (object)
        62049ccd0        192 (something else)     (somewhere else)               (something else)
        62049cd90         24 model.LinkedList     .elements[30]                  (object)
        62049cda8         48 (something else)     (somewhere else)               (something else)
        62049cdd8         24 model.Nodo           .elements[30].cabeza           (object)
        62049cdf0         48 (something else)     (somewhere else)               (something else)
        62049ce20         24 model.Nodo           .elements[30].cabeza.referencia (object)
        62049ce38         72 (something else)     (somewhere else)               (something else)
        62049ce80         24 model.Nodo           .elements[30].cabeza.referencia.referencia (object)
        62049ce98         72 (something else)     (somewhere else)               (something else)
        62049cee0         24 model.Nodo           .elements[30].cabeza.referencia.referencia.referencia (object)
        62049cef8        264 (something else)     (somewhere else)               (something else)
        62049d000         24 model.LinkedList     .elements[31]                  (object)
        62049d018         48 (something else)     (somewhere else)               (something else)
        62049d048         24 model.Nodo           .elements[31].cabeza           (object)
        62049d060         48 (something else)     (somewhere else)               (something else)
        62049d090         24 model.Nodo           .elements[31].cabeza.referencia (object)
        62049d0a8        192 (something else)     (somewhere else)               (something else)
        62049d168         24 model.LinkedList     .elements[32]                  (object)
        62049d180         48 (something else)     (somewhere else)               (something else)
        62049d1b0         24 model.Nodo           .elements[32].cabeza           (object)
        62049d1c8         48 (something else)     (somewhere else)               (something else)
        62049d1f8         24 model.Nodo           .elements[32].cabeza.referencia (object)
        62049d210         72 (something else)     (somewhere else)               (something else)
        62049d258         24 model.Nodo           .elements[32].cabeza.referencia.referencia (object)
        62049d270        192 (something else)     (somewhere else)               (something else)
        62049d330         24 model.LinkedList     .elements[33]                  (object)
        62049d348         56 (something else)     (somewhere else)               (something else)
        62049d380         24 model.Nodo           .elements[33].cabeza           (object)
        62049d398         48 (something else)     (somewhere else)               (something else)
        62049d3c8         24 model.Nodo           .elements[33].cabeza.referencia (object)
        62049d3e0         72 (something else)     (somewhere else)               (something else)
        62049d428         24 model.Nodo           .elements[33].cabeza.referencia.referencia (object)
        62049d440         72 (something else)     (somewhere else)               (something else)
        62049d488         24 model.Nodo           .elements[33].cabeza.referencia.referencia.referencia (object)
        62049d4a0         72 (something else)     (somewhere else)               (something else)
        62049d4e8         24 model.Nodo           .elements[33].cabeza.referencia.referencia.referencia.referencia (object)
        62049d500         72 (something else)     (somewhere else)               (something else)
        62049d548         24 model.Nodo           .elements[33].cabeza.referencia.referencia.referencia.referencia.referencia (object)
        62049d560         72 (something else)     (somewhere else)               (something else)
        62049d5a8         16 java.lang.Integer    .elements[33].cabeza.referencia.referencia.referencia.referencia.referencia.referencia.valor 128
        62049d5b8         24 model.Nodo           .elements[33].cabeza.referencia.referencia.referencia.referencia.referencia.referencia (object)
        62049d5d0        336 (something else)     (somewhere else)               (something else)
        62049d720         24 model.LinkedList     .elements[34]                  (object)
        62049d738         48 (something else)     (somewhere else)               (something else)
        62049d768         24 model.Nodo           .elements[34].cabeza           (object)
        62049d780         48 (something else)     (somewhere else)               (something else)
        62049d7b0         24 model.Nodo           .elements[34].cabeza.referencia (object)
        62049d7c8        192 (something else)     (somewhere else)               (something else)
        62049d888         24 model.LinkedList     .elements[35]                  (object)
        62049d8a0         56 (something else)     (somewhere else)               (something else)
        62049d8d8         24 model.Nodo           .elements[35].cabeza           (object)
        62049d8f0         48 (something else)     (somewhere else)               (something else)
        62049d920         24 model.Nodo           .elements[35].cabeza.referencia (object)
        62049d938         72 (something else)     (somewhere else)               (something else)
        62049d980         24 model.Nodo           .elements[35].cabeza.referencia.referencia (object)
        62049d998         72 (something else)     (somewhere else)               (something else)
        62049d9e0         24 model.Nodo           .elements[35].cabeza.referencia.referencia.referencia (object)
        62049d9f8         72 (something else)     (somewhere else)               (something else)
        62049da40         24 model.Nodo           .elements[35].cabeza.referencia.referencia.referencia.referencia (object)
        62049da58         72 (something else)     (somewhere else)               (something else)
        62049daa0         24 model.Nodo           .elements[35].cabeza.referencia.referencia.referencia.referencia.referencia (object)
        62049dab8         72 (something else)     (somewhere else)               (something else)
        62049db00         16 java.lang.Integer    .elements[35].cabeza.referencia.referencia.referencia.referencia.referencia.referencia.valor 128
        62049db10         24 model.Nodo           .elements[35].cabeza.referencia.referencia.referencia.referencia.referencia.referencia (object)
        62049db28         72 (something else)     (somewhere else)               (something else)
        62049db70         24 model.Nodo           .elements[35].cabeza.referencia.referencia.referencia.referencia.referencia.referencia.referencia (object)
        62049db88        408 (something else)     (somewhere else)               (something else)
        62049dd20        160 [Ljava.lang.Object;  .elements                      [(object), (object), (object), (object), (object), (object), (object), null, null, null, null, null, null, null, null, null, null, null, null, (object), (object), (object), (object), (object), (object), (object), (object), (object), (object), (object), (object), (object), (object), (object), (object), (object)]
        62049ddc0         24 model.LinkedList     .elements[0]                   (object)
        62049ddd8         56 (something else)     (somewhere else)               (something else)
        62049de10         24 model.Nodo           .elements[0].cabeza            (object)
        62049de28         48 (something else)     (somewhere else)               (something else)
        62049de58         24 model.Nodo           .elements[0].cabeza.referencia (object)
        62049de70         72 (something else)     (somewhere else)               (something else)
        62049deb8         24 model.Nodo           .elements[0].cabeza.referencia.referencia (object)
        62049ded0         72 (something else)     (somewhere else)               (something else)
        62049df18         24 model.Nodo           .elements[0].cabeza.referencia.referencia.referencia (object)
        62049df30         72 (something else)     (somewhere else)               (something else)
        62049df78         24 model.Nodo           .elements[0].cabeza.referencia.referencia.referencia.referencia (object)
        62049df90         72 (something else)     (somewhere else)               (something else)
        62049dfd8         24 model.Nodo           .elements[0].cabeza.referencia.referencia.referencia.referencia.referencia (object)
        62049dff0        336 (something else)     (somewhere else)               (something else)
        62049e140         24 model.LinkedList     .elements[1]                   (object)
        62049e158         48 (something else)     (somewhere else)               (something else)
        62049e188         24 model.Nodo           .elements[1].cabeza            (object)
        62049e1a0         48 (something else)     (somewhere else)               (something else)
        62049e1d0         24 model.Nodo           .elements[1].cabeza.referencia (object)
        62049e1e8         72 (something else)     (somewhere else)               (something else)
        62049e230         24 model.Nodo           .elements[1].cabeza.referencia.referencia (object)
        62049e248        192 (something else)     (somewhere else)               (something else)
        62049e308         24 model.LinkedList     .elements[2]                   (object)
        62049e320         56 (something else)     (somewhere else)               (something else)
        62049e358         24 model.Nodo           .elements[2].cabeza            (object)
        62049e370         48 (something else)     (somewhere else)               (something else)
        62049e3a0         24 model.Nodo           .elements[2].cabeza.referencia (object)
        62049e3b8         72 (something else)     (somewhere else)               (something else)
        62049e400         24 model.Nodo           .elements[2].cabeza.referencia.referencia (object)
        62049e418         72 (something else)     (somewhere else)               (something else)
        62049e460         24 model.Nodo           .elements[2].cabeza.referencia.referencia.referencia (object)
        62049e478         72 (something else)     (somewhere else)               (something else)
        62049e4c0         24 model.Nodo           .elements[2].cabeza.referencia.referencia.referencia.referencia (object)
        62049e4d8        264 (something else)     (somewhere else)               (something else)
        62049e5e0         24 model.LinkedList     .elements[3]                   (object)
        62049e5f8         56 (something else)     (somewhere else)               (something else)
        62049e630         24 model.Nodo           .elements[3].cabeza            (object)
        62049e648         48 (something else)     (somewhere else)               (something else)
        62049e678         24 model.Nodo           .elements[3].cabeza.referencia (object)
        62049e690         72 (something else)     (somewhere else)               (something else)
        62049e6d8         24 model.Nodo           .elements[3].cabeza.referencia.referencia (object)
        62049e6f0         72 (something else)     (somewhere else)               (something else)
        62049e738         24 model.Nodo           .elements[3].cabeza.referencia.referencia.referencia (object)
        62049e750         72 (something else)     (somewhere else)               (something else)
        62049e798         24 model.Nodo           .elements[3].cabeza.referencia.referencia.referencia.referencia (object)
        62049e7b0         72 (something else)     (somewhere else)               (something else)
        62049e7f8         24 model.Nodo           .elements[3].cabeza.referencia.referencia.referencia.referencia.referencia (object)
        62049e810         72 (something else)     (somewhere else)               (something else)
        62049e858         24 model.Nodo           .elements[3].cabeza.referencia.referencia.referencia.referencia.referencia.referencia (object)
        62049e870        336 (something else)     (somewhere else)               (something else)
        62049e9c0         24 model.LinkedList     .elements[4]                   (object)
        62049e9d8         48 (something else)     (somewhere else)               (something else)
        62049ea08         24 model.Nodo           .elements[4].cabeza            (object)
        62049ea20         48 (something else)     (somewhere else)               (something else)
        62049ea50         24 model.Nodo           .elements[4].cabeza.referencia (object)
        62049ea68         72 (something else)     (somewhere else)               (something else)
        62049eab0         24 model.Nodo           .elements[4].cabeza.referencia.referencia (object)
        62049eac8         72 (something else)     (somewhere else)               (something else)
        62049eb10         24 model.Nodo           .elements[4].cabeza.referencia.referencia.referencia (object)
        62049eb28        264 (something else)     (somewhere else)               (something else)
        62049ec30         24 model.LinkedList     .elements[5]                   (object)
        62049ec48         56 (something else)     (somewhere else)               (something else)
        62049ec80         24 model.Nodo           .elements[5].cabeza            (object)
        62049ec98         48 (something else)     (somewhere else)               (something else)
        62049ecc8         24 model.Nodo           .elements[5].cabeza.referencia (object)
        62049ece0         72 (something else)     (somewhere else)               (something else)
        62049ed28         24 model.Nodo           .elements[5].cabeza.referencia.referencia (object)
        62049ed40         72 (something else)     (somewhere else)               (something else)
        62049ed88         24 model.Nodo           .elements[5].cabeza.referencia.referencia.referencia (object)
        62049eda0         72 (something else)     (somewhere else)               (something else)
        62049ede8         24 model.Nodo           .elements[5].cabeza.referencia.referencia.referencia.referencia (object)
        62049ee00        264 (something else)     (somewhere else)               (something else)
        62049ef08         24 model.LinkedList     .elements[6]                   (object)
        62049ef20         56 (something else)     (somewhere else)               (something else)
        62049ef58         24 model.Nodo           .elements[6].cabeza            (object)
        62049ef70         48 (something else)     (somewhere else)               (something else)
        62049efa0         24 model.Nodo           .elements[6].cabeza.referencia (object)
        62049efb8         72 (something else)     (somewhere else)               (something else)
        62049f000         24 model.Nodo           .elements[6].cabeza.referencia.referencia (object)
        62049f018         72 (something else)     (somewhere else)               (something else)
        62049f060         24 model.Nodo           .elements[6].cabeza.referencia.referencia.referencia (object)
        62049f078         72 (something else)     (somewhere else)               (something else)
        62049f0c0         24 model.Nodo           .elements[6].cabeza.referencia.referencia.referencia.referencia (object)
        62049f0d8         72 (something else)     (somewhere else)               (something else)
        62049f120         24 model.Nodo           .elements[6].cabeza.referencia.referencia.referencia.referencia.referencia (object)
        62049f138         72 (something else)     (somewhere else)               (something else)
        62049f180         16 java.lang.Integer    .elements[6].cabeza.referencia.referencia.referencia.referencia.referencia.referencia.valor 128
        62049f190         24 model.Nodo           .elements[6].cabeza.referencia.referencia.referencia.referencia.referencia.referencia (object)
        62049f1a8         72 (something else)     (somewhere else)               (something else)
        62049f1f0         24 model.Nodo           .elements[6].cabeza.referencia.referencia.referencia.referencia.referencia.referencia.referencia (object)

Addresses are stable after 1 tries.


|====== Tamanio total en memoria ======|
4056 bytes
2025-09-10 18:48:54 [main] INFO  performance - 
 === PROCESO [ Programa ] === 
 - Uso Memoria Inicio : 19 MB
 - Consumo CPU Inicio : 24.34 %
 - Uso Memoria Final : 33 MB
 - Consumo CPU Final : 19.64 %
 - Incremento Memoria : 14 MB
 - Incremento CPU : -4.70 %
 - Tiempo Ejecucion : 3129 ms
 - Memoria Disponible JVM : 476 MB
 - Incremento CPU del Proceso: 94.55 %
 =============================== 

 - Memoria Física Total: 32654 MB
 - Memoria Física Usada: 15405 MB
 - Número de Hilos Activos: 37
 - Tiempo de CPU Usado por el Proceso: 4859 ms 


2025-09-10 18:54:49 [main] INFO  performance - Peso de frasesOriginales: 
|====== Layout Interno ======|
java.util.ArrayList object internals:
OFF  SZ                 TYPE DESCRIPTION               VALUE
  0   8                      (object header: mark)     0x0000000000000001 (non-biasable; age: 0)
  8   4                      (object header: class)    0x000ba5e0
 12   4                  int AbstractList.modCount     50
 16   4                  int ArrayList.size            50
 20   4   java.lang.Object[] ArrayList.elementData     [(object), (object), (object), (object), (object), (object), (object), (object), (object), (object), (object), (object), (object), (object), (object), (object), (object), (object), (object), (object), (object), (object), (object), (object), (object), (object), (object), (object), (object), (object), (object), (object), (object), (object), (object), (object), (object), (object), (object), (object), (object), (object), (object), (object), (object), (object), (object), (object), (object), (object), null, null, null, null, null, null, null, null, null, null, null, null, null, null, null, null, null, null, null, null, null, null, null]
Instance size: 24 bytes
Space losses: 0 bytes internal + 0 bytes external = 0 bytes total

|====== Layout con Referencias ======|
java.util.ArrayList@32c0915ed object externals:
          ADDRESS       SIZE TYPE                PATH                           VALUE
        620c461f0         24 java.util.ArrayList                                (object)
        620c46208     157200 (something else)    (somewhere else)               (something else)
        620c6c818         16 model.Frase         .elementData[0]                (object)
        620c6c828         48 (something else)    (somewhere else)               (something else)
        620c6c858         24 java.lang.String    .elementData[0].q              (object)
        620c6c870         72 [B                  .elementData[0].q.value        [81, 117, 97, 108, 105, 116, 121, 32, 109, 101, 97, 110, 115, 32, 100, 111, 105, 110, 103, 32, 105, 116, 32, 114, 105, 103, 104, 116, 32, 119, 104, 101, 110, 32, 110, 111, 32, 111, 110, 101, 32, 105, 115, 32, 108, 111, 111, 107, 105, 110, 103, 46]
        620c6c8b8       2504 (something else)    (somewhere else)               (something else)
        620c6d280         16 model.Frase         .elementData[1]                (object)
        620c6d290         48 (something else)    (somewhere else)               (something else)
        620c6d2c0         24 java.lang.String    .elementData[1].q              (object)
        620c6d2d8         48 [B                  .elementData[1].q.value        [70, 111, 114, 101, 118, 101, 114, 32, 105, 115, 32, 99, 111, 109, 112, 111, 115, 101, 100, 32, 111, 102, 32, 110, 111, 119, 39, 115, 46]
        620c6d308        168 (something else)    (somewhere else)               (something else)
        620c6d3b0         16 model.Frase         .elementData[2]                (object)
        620c6d3c0         48 (something else)    (somewhere else)               (something else)
        620c6d3f0         24 java.lang.String    .elementData[2].q              (object)
        620c6d408         88 [B                  .elementData[2].q.value        [84, 104, 101, 32, 109, 97, 110, 32, 119, 104, 111, 32, 100, 111, 101, 115, 32, 110, 111, 116, 32, 118, 97, 108, 117, 101, 32, 104, 105, 109, 115, 101, 108, 102, 44, 32, 99, 97, 110, 110, 111, 116, 32, 118, 97, 108, 117, 101, 32, 97, 110, 121, 116, 104, 105, 110, 103, 32, 111, 114, 32, 97, 110, 121, 111, 110, 101, 46]
        620c6d460        168 (something else)    (somewhere else)               (something else)
        620c6d508         16 model.Frase         .elementData[3]                (object)
        620c6d518         48 (something else)    (somewhere else)               (something else)
        620c6d548         24 java.lang.String    .elementData[3].q              (object)
        620c6d560         64 [B                  .elementData[3].q.value        [89, 111, 117, 32, 107, 110, 111, 119, 32, 116, 104, 101, 32, 109, 111, 114, 101, 32, 111, 110, 101, 32, 100, 111, 101, 115, 32, 116, 104, 101, 32, 109, 111, 114, 101, 32, 111, 110, 101, 32, 99, 97, 110, 32, 100, 111, 46]
        620c6d5a0        168 (something else)    (somewhere else)               (something else)
        620c6d648         16 model.Frase         .elementData[4]                (object)
        620c6d658         48 (something else)    (somewhere else)               (something else)
        620c6d688         24 java.lang.String    .elementData[4].q              (object)
        620c6d6a0         96 [B                  .elementData[4].q.value        [89, 111, 117, 32, 98, 101, 99, 111, 109, 101, 32, 115, 116, 114, 111, 110, 103, 101, 114, 32, 119, 105, 116, 104, 32, 101, 118, 101, 114, 121, 32, 112, 114, 111, 98, 108, 101, 109, 32, 121, 111, 117, 32, 102, 97, 99, 101, 32, 97, 110, 100, 32, 101, 118, 101, 114, 121, 32, 111, 98, 115, 116, 97, 99, 108, 101, 32, 121, 111, 117, 32, 111, 118, 101, 114, 99, 111, 109, 101, 46]
        620c6d700        168 (something else)    (somewhere else)               (something else)
        620c6d7a8         16 model.Frase         .elementData[5]                (object)
        620c6d7b8         48 (something else)    (somewhere else)               (something else)
        620c6d7e8         24 java.lang.String    .elementData[5].q              (object)
        620c6d800         40 [B                  .elementData[5].q.value        [67, 104, 97, 114, 97, 99, 116, 101, 114, 32, 105, 115, 32, 100, 101, 115, 116, 105, 110, 121, 46]
        620c6d828        168 (something else)    (somewhere else)               (something else)
        620c6d8d0         16 model.Frase         .elementData[6]                (object)
        620c6d8e0         48 (something else)    (somewhere else)               (something else)
        620c6d910         24 java.lang.String    .elementData[6].q              (object)
        620c6d928         88 [B                  .elementData[6].q.value        [73, 102, 32, 105, 116, 39, 115, 32, 110, 111, 116, 32, 98, 114, 111, 107, 101, 110, 44, 32, 116, 105, 110, 107, 101, 114, 32, 119, 105, 116, 104, 32, 105, 116, 32, 116, 105, 108, 108, 32, 121, 111, 117, 32, 102, 105, 110, 100, 32, 111, 117, 116, 32, 104, 111, 119, 32, 105, 116, 32, 119, 111, 114, 107, 115, 46]
        620c6d980        168 (something else)    (somewhere else)               (something else)
        620c6da28         16 model.Frase         .elementData[7]                (object)
        620c6da38         48 (something else)    (somewhere else)               (something else)
        620c6da68         24 java.lang.String    .elementData[7].q              (object)
        620c6da80         48 [B                  .elementData[7].q.value        [65, 32, 112, 97, 116, 104, 32, 105, 115, 32, 109, 97, 100, 101, 32, 98, 121, 32, 119, 97, 108, 107, 105, 110, 103, 32, 111, 110, 32, 105, 116, 46]
        620c6dab0        168 (something else)    (somewhere else)               (something else)
        620c6db58         16 model.Frase         .elementData[8]                (object)
        620c6db68         48 (something else)    (somewhere else)               (something else)
        620c6db98         24 java.lang.String    .elementData[8].q              (object)
        620c6dbb0        128 [B                  .elementData[8].q.value        [72, 101, 32, 119, 104, 111, 32, 108, 111, 115, 101, 115, 32, 119, 101, 97, 108, 116, 104, 32, 108, 111, 115, 101, 115, 32, 109, 117, 99, 104, 59, 32, 104, 101, 32, 119, 104, 111, 32, 108, 111, 115, 101, 115, 32, 97, 32, 102, 114, 105, 101, 110, 100, 32, 108, 111, 115, 101, 115, 32, 109, 111, 114, 101, 59, 32, 98, 117, 116, 32, 104, 101, 32, 116, 104, 97, 116, 32, 108, 111, 115, 101, 115, 32, 104, 105, 115, 32, 99, 111, 117, 114, 97, 103, 101, 32, 108, 111, 115, 101, 115, 32, 97, 108, 108, 46]
        620c6dc30        168 (something else)    (somewhere else)               (something else)
        620c6dcd8         16 model.Frase         .elementData[9]                (object)
        620c6dce8         48 (something else)    (somewhere else)               (something else)
        620c6dd18         24 java.lang.String    .elementData[9].q              (object)
        620c6dd30        104 [B                  .elementData[9].q.value        [79, 108, 100, 32, 97, 103, 101, 32, 105, 115, 32, 108, 105, 107, 101, 32, 101, 118, 101, 114, 121, 116, 104, 105, 110, 103, 32, 101, 108, 115, 101, 46, 32, 84, 111, 32, 109, 97, 107, 101, 32, 97, 32, 115, 117, 99, 99, 101, 115, 115, 32, 111, 102, 32, 105, 116, 44, 32, 121, 111, 117, 39, 118, 101, 32, 103, 111, 116, 32, 116, 111, 32, 115, 116, 97, 114, 116, 32, 121, 111, 117, 110, 103, 46]
        620c6dd98        168 (something else)    (somewhere else)               (something else)
        620c6de40         16 model.Frase         .elementData[10]               (object)
        620c6de50         48 (something else)    (somewhere else)               (something else)
        620c6de80         24 java.lang.String    .elementData[10].q             (object)
        620c6de98        136 [B                  .elementData[10].q.value       [76, 101, 116, 116, 105, 110, 103, 32, 103, 111, 32, 109, 101, 97, 110, 115, 32, 116, 111, 32, 99, 111, 109, 101, 32, 116, 111, 32, 116, 104, 101, 32, 114, 101, 97, 108, 105, 122, 97, 116, 105, 111, 110, 32, 116, 104, 97, 116, 32, 115, 111, 109, 101, 32, 112, 101, 111, 112, 108, 101, 32, 97, 114, 101, 32, 97, 32, 112, 97, 114, 116, 32, 111, 102, 32, 121, 111, 117, 114, 32, 104, 105, 115, 116, 111, 114, 121, 44, 32, 98, 117, 116, 32, 110, 111, 116, 32, 97, 32, 112, 97, 114, 116, 32, 111, 102, 32, 121, 111, 117, 114, 32, 100, 101, 115, 116, 105, 110, 121, 46]
        620c6df20        248 (something else)    (somewhere else)               (something else)
        620c6e018         16 model.Frase         .elementData[11]               (object)
        620c6e028         48 (something else)    (somewhere else)               (something else)
        620c6e058         24 java.lang.String    .elementData[11].q             (object)
        620c6e070         88 [B                  .elementData[11].q.value       [89, 111, 117, 32, 97, 114, 101, 32, 110, 101, 118, 101, 114, 32, 116, 111, 111, 32, 111, 108, 100, 32, 116, 111, 32, 115, 101, 116, 32, 97, 110, 111, 116, 104, 101, 114, 32, 103, 111, 97, 108, 32, 111, 114, 32, 116, 111, 32, 100, 114, 101, 97, 109, 32, 97, 32, 110, 101, 119, 32, 100, 114, 101, 97, 109, 46]
        620c6e0c8        168 (something else)    (somewhere else)               (something else)
        620c6e170         16 model.Frase         .elementData[12]               (object)
        620c6e180        208 (something else)    (somewhere else)               (something else)
        620c6e250         24 java.lang.String    .elementData[12].q             (object)
        620c6e268         88 [B                  .elementData[12].q.value       [65, 116, 32, 102, 105, 114, 115, 116, 32, 100, 114, 101, 97, 109, 115, 32, 115, 101, 101, 109, 32, 105, 109, 112, 111, 115, 115, 105, 98, 108, 101, 44, 32, 116, 104, 101, 110, 32, 105, 109, 112, 114, 111, 98, 97, 98, 108, 101, 44, 32, 116, 104, 101, 110, 32, 105, 110, 101, 118, 105, 116, 97, 98, 108, 101, 46]
        620c6e2c0        168 (something else)    (somewhere else)               (something else)
        620c6e368         16 model.Frase         .elementData[13]               (object)
        620c6e378         48 (something else)    (somewhere else)               (something else)
        620c6e3a8         24 java.lang.String    .elementData[13].q             (object)
        620c6e3c0        112 [B                  .elementData[13].q.value       [83, 111, 109, 101, 116, 105, 109, 101, 115, 32, 115, 117, 99, 99, 101, 115, 115, 32, 105, 115, 110, 39, 116, 32, 97, 98, 111, 117, 116, 32, 109, 97, 107, 105, 110, 103, 32, 116, 104, 101, 32, 114, 105, 103, 104, 116, 32, 100, 101, 99, 105, 115, 105, 111, 110, 44, 32, 105, 116, 39, 115, 32, 109, 111, 114, 101, 32, 97, 98, 111, 117, 116, 32, 109, 97, 107, 105, 110, 103, 32, 115, 111, 109, 101, 32, 100, 101, 99, 105, 115, 105, 111, 110, 46]
        620c6e430        168 (something else)    (somewhere else)               (something else)
        620c6e4d8         16 model.Frase         .elementData[14]               (object)
        620c6e4e8         48 (something else)    (somewhere else)               (something else)
        620c6e518         24 java.lang.String    .elementData[14].q             (object)
        620c6e530         64 [B                  .elementData[14].q.value       [87, 104, 101, 110, 32, 121, 111, 117, 32, 115, 116, 111, 112, 32, 113, 117, 101, 115, 116, 105, 111, 110, 105, 110, 103, 44, 32, 121, 111, 117, 32, 115, 116, 111, 112, 32, 108, 101, 97, 114, 110, 105, 110, 103, 46]
        620c6e570        168 (something else)    (somewhere else)               (something else)
        620c6e618         16 model.Frase         .elementData[15]               (object)
        620c6e628         48 (something else)    (somewhere else)               (something else)
        620c6e658         24 java.lang.String    .elementData[15].q             (object)
        620c6e670         64 [B                  .elementData[15].q.value       [67, 104, 97, 109, 112, 105, 111, 110, 115, 32, 107, 101, 101, 112, 32, 112, 108, 97, 121, 105, 110, 103, 32, 117, 110, 116, 105, 108, 32, 116, 104, 101, 121, 32, 103, 101, 116, 32, 105, 116, 32, 114, 105, 103, 104, 116, 46]
        620c6e6b0        272 (something else)    (somewhere else)               (something else)
        620c6e7c0         16 model.Frase         .elementData[16]               (object)
        620c6e7d0        240 (something else)    (somewhere else)               (something else)
        620c6e8c0         24 java.lang.String    .elementData[16].q             (object)
        620c6e8d8        104 [B                  .elementData[16].q.value       [68, 111, 32, 121, 111, 117, 32, 119, 97, 110, 116, 32, 116, 111, 32, 107, 110, 111, 119, 32, 119, 104, 111, 32, 121, 111, 117, 32, 97, 114, 101, 63, 32, 68, 111, 110, 39, 116, 32, 97, 115, 107, 46, 32, 65, 99, 116, 33, 32, 65, 99, 116, 105, 111, 110, 32, 119, 105, 108, 108, 32, 100, 101, 108, 105, 110, 101, 97, 116, 101, 32, 97, 110, 100, 32, 100, 101, 102, 105, 110, 101, 32, 121, 111, 117, 46]
        620c6e940        168 (something else)    (somewhere else)               (something else)
        620c6e9e8         16 model.Frase         .elementData[17]               (object)
        620c6e9f8         48 (something else)    (somewhere else)               (something else)
        620c6ea28         24 java.lang.String    .elementData[17].q             (object)
        620c6ea40        104 [B                  .elementData[17].q.value       [73, 110, 116, 101, 103, 114, 105, 116, 121, 32, 105, 115, 32, 116, 101, 108, 108, 105, 110, 103, 32, 109, 121, 115, 101, 108, 102, 32, 116, 104, 101, 32, 116, 114, 117, 116, 104, 46, 32, 65, 110, 100, 32, 104, 111, 110, 101, 115, 116, 121, 32, 105, 115, 32, 116, 101, 108, 108, 105, 110, 103, 32, 116, 104, 101, 32, 116, 114, 117, 116, 104, 32, 116, 111, 32, 111, 116, 104, 101, 114, 32, 112, 101, 111, 112, 108, 101, 46]
        620c6eaa8        168 (something else)    (somewhere else)               (something else)
        620c6eb50         16 model.Frase         .elementData[18]               (object)
        620c6eb60         48 (something else)    (somewhere else)               (something else)
        620c6eb90         24 java.lang.String    .elementData[18].q             (object)
        620c6eba8         80 [B                  .elementData[18].q.value       [66, 101, 32, 116, 114, 117, 101, 32, 116, 111, 32, 121, 111, 117, 114, 115, 101, 108, 102, 44, 32, 104, 101, 108, 112, 32, 111, 116, 104, 101, 114, 115, 44, 32, 109, 97, 107, 101, 32, 101, 97, 99, 104, 32, 100, 97, 121, 32, 121, 111, 117, 114, 32, 109, 97, 115, 116, 101, 114, 112, 105, 101, 99, 101]
        620c6ebf8        168 (something else)    (somewhere else)               (something else)
        620c6eca0         16 model.Frase         .elementData[19]               (object)
        620c6ecb0         48 (something else)    (somewhere else)               (something else)
        620c6ece0         24 java.lang.String    .elementData[19].q             (object)
        620c6ecf8         88 [B                  .elementData[19].q.value       [89, 111, 117, 32, 99, 97, 110, 44, 32, 121, 111, 117, 32, 115, 104, 111, 117, 108, 100, 44, 32, 97, 110, 100, 32, 105, 102, 32, 121, 111, 117, 39, 114, 101, 32, 98, 114, 97, 118, 101, 32, 101, 110, 111, 117, 103, 104, 32, 116, 111, 32, 115, 116, 97, 114, 116, 44, 32, 121, 111, 117, 32, 119, 105, 108, 108, 46]
        620c6ed50        168 (something else)    (somewhere else)               (something else)
        620c6edf8         16 model.Frase         .elementData[20]               (object)
        620c6ee08         48 (something else)    (somewhere else)               (something else)
        620c6ee38         24 java.lang.String    .elementData[20].q             (object)
        620c6ee50        112 [B                  .elementData[20].q.value       [84, 104, 105, 115, 32, 105, 115, 32, 116, 104, 101, 32, 109, 111, 115, 116, 32, 115, 105, 109, 112, 108, 101, 32, 97, 110, 100, 32, 98, 97, 115, 105, 99, 32, 99, 111, 109, 112, 111, 110, 101, 110, 116, 32, 111, 102, 32, 108, 105, 102, 101, 58, 32, 111, 117, 114, 32, 115, 116, 114, 117, 103, 103, 108, 101, 115, 32, 100, 101, 116, 101, 114, 109, 105, 110, 101, 32, 111, 117, 114, 32, 115, 117, 99, 99, 101, 115, 115, 101, 115, 46]
        620c6eec0        168 (something else)    (somewhere else)               (something else)
        620c6ef68         16 model.Frase         .elementData[21]               (object)
        620c6ef78         48 (something else)    (somewhere else)               (something else)
        620c6efa8         24 java.lang.String    .elementData[21].q             (object)
        620c6efc0        112 [B                  .elementData[21].q.value       [73, 102, 32, 121, 111, 117, 32, 97, 114, 101, 110, 39, 116, 32, 115, 117, 114, 101, 32, 119, 104, 105, 99, 104, 32, 119, 97, 121, 32, 116, 111, 32, 100, 111, 32, 115, 111, 109, 101, 116, 104, 105, 110, 103, 44, 32, 100, 111, 32, 105, 116, 32, 98, 111, 116, 104, 32, 119, 97, 121, 115, 32, 97, 110, 100, 32, 115, 101, 101, 32, 119, 104, 105, 99, 104, 32, 119, 111, 114, 107, 115, 32, 98, 101, 116, 116, 101, 114, 46]
        620c6f030        168 (something else)    (somewhere else)               (something else)
        620c6f0d8         16 model.Frase         .elementData[22]               (object)
        620c6f0e8         48 (something else)    (somewhere else)               (something else)
        620c6f118         24 java.lang.String    .elementData[22].q             (object)
        620c6f130         48 [B                  .elementData[22].q.value       [66, 108, 111, 111, 109, 32, 119, 104, 101, 114, 101, 32, 121, 111, 117, 32, 97, 114, 101, 32, 112, 108, 97, 110, 116, 101, 100, 33]
        620c6f160        320 (something else)    (somewhere else)               (something else)
        620c6f2a0         16 model.Frase         .elementData[23]               (object)
        620c6f2b0         48 (something else)    (somewhere else)               (something else)
        620c6f2e0         24 java.lang.String    .elementData[23].q             (object)
        620c6f2f8         40 [B                  .elementData[23].q.value       [71, 101, 110, 105, 117, 115, 32, 105, 115, 32, 112, 97, 116, 105, 101, 110, 99, 101, 46]
        620c6f320        168 (something else)    (somewhere else)               (something else)
        620c6f3c8         16 model.Frase         .elementData[24]               (object)
        620c6f3d8         48 (something else)    (somewhere else)               (something else)
        620c6f408         24 java.lang.String    .elementData[24].q             (object)
        620c6f420         64 [B                  .elementData[24].q.value       [69, 110, 108, 105, 103, 104, 116, 101, 110, 109, 101, 110, 116, 32, 105, 115, 32, 105, 110, 116, 105, 109, 97, 99, 121, 32, 119, 105, 116, 104, 32, 97, 108, 108, 32, 116, 104, 105, 110, 103, 115, 46]
        620c6f460        168 (something else)    (somewhere else)               (something else)
        620c6f508         16 model.Frase         .elementData[25]               (object)
        620c6f518         48 (something else)    (somewhere else)               (something else)
        620c6f548         24 java.lang.String    .elementData[25].q             (object)
        620c6f560         80 [B                  .elementData[25].q.value       [83, 111, 109, 101, 116, 105, 109, 101, 115, 32, 111, 117, 116, 32, 111, 102, 32, 121, 111, 117, 114, 32, 98, 105, 103, 103, 101, 115, 116, 32, 109, 105, 115, 101, 114, 121, 44, 32, 99, 111, 109, 101, 115, 32, 121, 111, 117, 114, 32, 103, 114, 101, 97, 116, 101, 115, 116, 32, 103, 97, 105, 110, 46]
        620c6f5b0        168 (something else)    (somewhere else)               (something else)
        620c6f658         16 model.Frase         .elementData[26]               (object)
        620c6f668         48 (something else)    (somewhere else)               (something else)
        620c6f698         24 java.lang.String    .elementData[26].q             (object)
        620c6f6b0         96 [B                  .elementData[26].q.value       [65, 32, 112, 111, 101, 116, 32, 115, 104, 111, 117, 108, 100, 32, 98, 101, 32, 115, 111, 32, 99, 114, 97, 102, 116, 121, 32, 119, 105, 116, 104, 32, 119, 111, 114, 100, 115, 32, 116, 104, 97, 116, 32, 104, 101, 32, 105, 115, 32, 101, 110, 118, 105, 101, 100, 32, 101, 118, 101, 110, 32, 102, 111, 114, 32, 104, 105, 115, 32, 112, 97, 105, 110, 115, 46]
        620c6f710        168 (something else)    (somewhere else)               (something else)
        620c6f7b8         16 model.Frase         .elementData[27]               (object)
        620c6f7c8         48 (something else)    (somewhere else)               (something else)
        620c6f7f8         24 java.lang.String    .elementData[27].q             (object)
        620c6f810         64 [B                  .elementData[27].q.value       [76, 105, 102, 101, 32, 105, 115, 32, 101, 105, 116, 104, 101, 114, 32, 97, 32, 100, 97, 114, 105, 110, 103, 32, 97, 100, 118, 101, 110, 116, 117, 114, 101, 44, 32, 111, 114, 32, 110, 111, 116, 104, 105, 110, 103, 46]
        620c6f850        168 (something else)    (somewhere else)               (something else)
        620c6f8f8         16 model.Frase         .elementData[28]               (object)
        620c6f908         48 (something else)    (somewhere else)               (something else)
        620c6f938         24 java.lang.String    .elementData[28].q             (object)
        620c6f950         96 [B                  .elementData[28].q.value       [87, 104, 101, 114, 101, 32, 121, 111, 117, 114, 32, 116, 97, 108, 101, 110, 116, 115, 32, 97, 110, 100, 32, 116, 104, 101, 32, 110, 101, 101, 100, 115, 32, 111, 102, 32, 116, 104, 101, 32, 119, 111, 114, 108, 100, 32, 99, 114, 111, 115, 115, 44, 32, 116, 104, 101, 114, 101, 32, 108, 105, 101, 115, 32, 121, 111, 117, 114, 32, 118, 111, 99, 97, 116, 105, 111, 110, 46]
        620c6f9b0        168 (something else)    (somewhere else)               (something else)
        620c6fa58         16 model.Frase         .elementData[29]               (object)
        620c6fa68         48 (something else)    (somewhere else)               (something else)
        620c6fa98         24 java.lang.String    .elementData[29].q             (object)
        620c6fab0         72 [B                  .elementData[29].q.value       [84, 104, 101, 32, 113, 117, 101, 115, 116, 105, 111, 110, 32, 105, 115, 32, 110, 111, 116, 32, 119, 104, 97, 116, 32, 121, 111, 117, 32, 108, 111, 111, 107, 32, 97, 116, 44, 32, 98, 117, 116, 32, 119, 104, 97, 116, 32, 121, 111, 117, 32, 115, 101, 101, 46]
        620c6faf8        168 (something else)    (somewhere else)               (something else)
        620c6fba0         16 model.Frase         .elementData[30]               (object)
        620c6fbb0         48 (something else)    (somewhere else)               (something else)
        620c6fbe0         24 java.lang.String    .elementData[30].q             (object)
        620c6fbf8         64 [B                  .elementData[30].q.value       [73, 116, 32, 105, 115, 32, 98, 101, 116, 116, 101, 114, 32, 116, 111, 32, 98, 101, 32, 108, 111, 111, 107, 101, 100, 32, 111, 118, 101, 114, 32, 116, 104, 97, 110, 32, 111, 118, 101, 114, 108, 111, 111, 107, 101, 100, 46]
        620c6fc38        168 (something else)    (somewhere else)               (something else)
        620c6fce0         16 model.Frase         .elementData[31]               (object)
        620c6fcf0         48 (something else)    (somewhere else)               (something else)
        620c6fd20         24 java.lang.String    .elementData[31].q             (object)
        620c6fd38        104 [B                  .elementData[31].q.value       [67, 111, 110, 102, 105, 100, 101, 110, 99, 101, 32, 105, 115, 32, 108, 105, 107, 101, 32, 97, 32, 100, 114, 97, 103, 111, 110, 32, 119, 104, 101, 114, 101, 44, 32, 102, 111, 114, 32, 101, 118, 101, 114, 121, 32, 104, 101, 97, 100, 32, 99, 117, 116, 32, 111, 102, 102, 44, 32, 116, 119, 111, 32, 109, 111, 114, 101, 32, 104, 101, 97, 100, 115, 32, 103, 114, 111, 119, 32, 98, 97, 99, 107, 46]
        620c6fda0        168 (something else)    (somewhere else)               (something else)
        620c6fe48         16 model.Frase         .elementData[32]               (object)
        620c6fe58         48 (something else)    (somewhere else)               (something else)
        620c6fe88         24 java.lang.String    .elementData[32].q             (object)
        620c6fea0        144 [B                  .elementData[32].q.value       [73, 116, 39, 115, 32, 110, 111, 116, 32, 119, 104, 97, 116, 32, 121, 111, 117, 32, 115, 97, 121, 32, 111, 117, 116, 32, 111, 102, 32, 121, 111, 117, 114, 32, 109, 111, 117, 116, 104, 32, 116, 104, 97, 116, 32, 100, 101, 116, 101, 114, 109, 105, 110, 101, 115, 32, 121, 111, 117, 114, 32, 108, 105, 102, 101, 44, 32, 105, 116, 39, 115, 32, 119, 104, 97, 116, 32, 121, 111, 117, 32, 119, 104, 105, 115, 112, 101, 114, 32, 116, 111, 32, 121, 111, 117, 114, 115, 101, 108, 102, 32, 116, 104, 97, 116, 32, 104, 97, 115, 32, 116, 104, 101, 32, 109, 111, 115, 116, 32, 112, 111, 119, 101, 114, 33]
        620c6ff30        168 (something else)    (somewhere else)               (something else)
        620c6ffd8         16 model.Frase         .elementData[33]               (object)
        620c6ffe8         48 (something else)    (somewhere else)               (something else)
        620c70018         24 java.lang.String    .elementData[33].q             (object)
        620c70030         56 [B                  .elementData[33].q.value       [89, 111, 117, 32, 99, 104, 97, 110, 103, 101, 32, 116, 104, 101, 32, 119, 111, 114, 108, 100, 32, 98, 121, 32, 98, 101, 105, 110, 103, 32, 121, 111, 117, 114, 115, 101, 108, 102, 46]
        620c70068        384 (something else)    (somewhere else)               (something else)
        620c701e8         16 model.Frase         .elementData[34]               (object)
        620c701f8         48 (something else)    (somewhere else)               (something else)
        620c70228         24 java.lang.String    .elementData[34].q             (object)
        620c70240         64 [B                  .elementData[34].q.value       [65, 99, 116, 105, 111, 110, 32, 105, 115, 32, 116, 104, 101, 32, 102, 111, 117, 110, 100, 97, 116, 105, 111, 110, 97, 108, 32, 107, 101, 121, 32, 116, 111, 32, 97, 108, 108, 32, 115, 117, 99, 99, 101, 115, 115, 46]
        620c70280        168 (something else)    (somewhere else)               (something else)
        620c70328         16 model.Frase         .elementData[35]               (object)
        620c70338         48 (something else)    (somewhere else)               (something else)
        620c70368         24 java.lang.String    .elementData[35].q             (object)
        620c70380         64 [B                  .elementData[35].q.value       [79, 117, 114, 32, 116, 114, 117, 101, 115, 116, 32, 108, 105, 102, 101, 32, 105, 115, 32, 119, 104, 101, 110, 32, 119, 101, 32, 97, 114, 101, 32, 105, 110, 32, 100, 114, 101, 97, 109, 115, 32, 97, 119, 97, 107, 101, 46]
        620c703c0        168 (something else)    (somewhere else)               (something else)
        620c70468         16 model.Frase         .elementData[36]               (object)
        620c70478         48 (something else)    (somewhere else)               (something else)
        620c704a8         24 java.lang.String    .elementData[36].q             (object)
        620c704c0        128 [B                  .elementData[36].q.value       [73, 116, 39, 115, 32, 121, 111, 117, 114, 32, 108, 105, 102, 101, 59, 32, 121, 111, 117, 32, 100, 111, 110, 39, 116, 32, 110, 101, 101, 100, 32, 115, 111, 109, 101, 111, 110, 101, 39, 115, 32, 112, 101, 114, 109, 105, 115, 115, 105, 111, 110, 32, 116, 111, 32, 108, 105, 118, 101, 32, 116, 104, 101, 32, 108, 105, 102, 101, 32, 121, 111, 117, 32, 119, 97, 110, 116, 46, 32, 66, 101, 32, 98, 114, 97, 118, 101, 32, 116, 111, 32, 108, 105, 118, 101, 32, 102, 114, 111, 109, 32, 121, 111, 117, 114, 32, 104, 101, 97, 114, 116, 46]
        620c70540        168 (something else)    (somewhere else)               (something else)
        620c705e8         16 model.Frase         .elementData[37]               (object)
        620c705f8         48 (something else)    (somewhere else)               (something else)
        620c70628         24 java.lang.String    .elementData[37].q             (object)
        620c70640        104 [B                  .elementData[37].q.value       [84, 104, 101, 32, 109, 101, 97, 110, 105, 110, 103, 32, 111, 102, 32, 108, 105, 102, 101, 32, 105, 115, 32, 106, 117, 115, 116, 32, 116, 111, 32, 98, 101, 32, 97, 108, 105, 118, 101, 46, 32, 73, 116, 32, 105, 115, 32, 115, 111, 32, 112, 108, 97, 105, 110, 32, 97, 110, 100, 32, 115, 111, 32, 111, 98, 118, 105, 111, 117, 115, 32, 97, 110, 100, 32, 115, 111, 32, 115, 105, 109, 112, 108, 101, 46]
        620c706a8        168 (something else)    (somewhere else)               (something else)
        620c70750         16 model.Frase         .elementData[38]               (object)
        620c70760         48 (something else)    (somewhere else)               (something else)
        620c70790         24 java.lang.String    .elementData[38].q             (object)
        620c707a8         64 [B                  .elementData[38].q.value       [65, 32, 103, 111, 111, 100, 32, 115, 121, 115, 116, 101, 109, 32, 115, 104, 111, 114, 116, 101, 110, 115, 32, 116, 104, 101, 32, 114, 111, 97, 100, 32, 116, 111, 32, 116, 104, 101, 32, 103, 111, 97, 108, 46, 32]
        620c707e8        168 (something else)    (somewhere else)               (something else)
        620c70890         16 model.Frase         .elementData[39]               (object)
        620c708a0         48 (something else)    (somewhere else)               (something else)
        620c708d0         24 java.lang.String    .elementData[39].q             (object)
        620c708e8        104 [B                  .elementData[39].q.value       [68, 111, 110, 39, 116, 32, 98, 101, 32, 112, 117, 115, 104, 101, 100, 32, 97, 114, 111, 117, 110, 100, 32, 98, 121, 32, 116, 104, 101, 32, 102, 101, 97, 114, 115, 32, 105, 110, 32, 121, 111, 117, 114, 32, 109, 105, 110, 100, 46, 32, 66, 101, 32, 108, 101, 100, 32, 98, 121, 32, 116, 104, 101, 32, 100, 114, 101, 97, 109, 115, 32, 105, 110, 32, 121, 111, 117, 114, 32, 104, 101, 97, 114, 116, 46]
        620c70950        168 (something else)    (somewhere else)               (something else)
        620c709f8         16 model.Frase         .elementData[40]               (object)
        620c70a08         48 (something else)    (somewhere else)               (something else)
        620c70a38         24 java.lang.String    .elementData[40].q             (object)
        620c70a50         56 [B                  .elementData[40].q.value       [65, 108, 108, 32, 119, 101, 97, 108, 116, 104, 32, 105, 115, 32, 116, 104, 101, 32, 112, 114, 111, 100, 117, 99, 116, 32, 111, 102, 32, 108, 97, 98, 111, 114, 46]
        620c70a88        168 (something else)    (somewhere else)               (something else)
        620c70b30         16 model.Frase         .elementData[41]               (object)
        620c70b40         48 (something else)    (somewhere else)               (something else)
        620c70b70         24 java.lang.String    .elementData[41].q             (object)
        620c70b88         64 [B                  .elementData[41].q.value       [76, 105, 103, 104, 116, 32, 97, 32, 99, 97, 110, 100, 108, 101, 32, 105, 110, 115, 116, 101, 97, 100, 32, 111, 102, 32, 99, 117, 114, 115, 105, 110, 103, 32, 116, 104, 101, 32, 100, 97, 114, 107, 110, 101, 115, 115, 46]
        620c70bc8        168 (something else)    (somewhere else)               (something else)
        620c70c70         16 model.Frase         .elementData[42]               (object)
        620c70c80         48 (something else)    (somewhere else)               (something else)
        620c70cb0         24 java.lang.String    .elementData[42].q             (object)
        620c70cc8        104 [B                  .elementData[42].q.value       [77, 105, 110, 100, 32, 105, 115, 32, 116, 104, 101, 32, 99, 114, 101, 97, 116, 111, 114, 32, 111, 102, 32, 101, 118, 101, 114, 121, 116, 104, 105, 110, 103, 46, 32, 89, 111, 117, 32, 115, 104, 111, 117, 108, 100, 32, 116, 104, 101, 114, 101, 102, 111, 114, 101, 32, 103, 117, 105, 100, 101, 32, 105, 116, 32, 116, 111, 32, 99, 114, 101, 97, 116, 101, 32, 111, 110, 108, 121, 32, 103, 111, 111, 100, 46]
        620c70d30        168 (something else)    (somewhere else)               (something else)
        620c70dd8         16 model.Frase         .elementData[43]               (object)
        620c70de8         48 (something else)    (somewhere else)               (something else)
        620c70e18         24 java.lang.String    .elementData[43].q             (object)
        620c70e30        112 [B                  .elementData[43].q.value       [84, 111, 32, 115, 117, 99, 99, 101, 101, 100, 32, 116, 97, 107, 101, 115, 32, 109, 111, 114, 101, 32, 116, 104, 97, 110, 32, 116, 104, 101, 32, 100, 101, 115, 105, 114, 101, 32, 116, 111, 32, 119, 105, 110, 46, 32, 73, 116, 32, 97, 108, 115, 111, 32, 116, 97, 107, 101, 115, 32, 116, 104, 101, 32, 97, 99, 99, 101, 112, 116, 97, 110, 99, 101, 32, 116, 104, 97, 116, 32, 119, 101, 32, 99, 111, 117, 108, 100, 32, 102, 97, 105, 108, 46]
        620c70ea0        168 (something else)    (somewhere else)               (something else)
        620c70f48         16 model.Frase         .elementData[44]               (object)
        620c70f58        232 (something else)    (somewhere else)               (something else)
        620c71040         24 java.lang.String    .elementData[44].q             (object)
        620c71058        112 [B                  .elementData[44].q.value       [83, 117, 99, 99, 101, 115, 115, 32, 105, 115, 32, 110, 111, 116, 32, 104, 111, 119, 32, 104, 105, 103, 104, 32, 121, 111, 117, 32, 104, 97, 118, 101, 32, 99, 108, 105, 109, 98, 101, 100, 44, 32, 98, 117, 116, 32, 104, 111, 119, 32, 121, 111, 117, 32, 109, 97, 107, 101, 32, 97, 32, 112, 111, 115, 105, 116, 105, 118, 101, 32, 100, 105, 102, 102, 101, 114, 101, 110, 99, 101, 32, 116, 111, 32, 116, 104, 101, 32, 119, 111, 114, 108, 100, 46]
        620c710c8        168 (something else)    (somewhere else)               (something else)
        620c71170         16 model.Frase         .elementData[45]               (object)
        620c71180         48 (something else)    (somewhere else)               (something else)
        620c711b0         24 java.lang.String    .elementData[45].q             (object)
        620c711c8         80 [B                  .elementData[45].q.value       [89, 111, 117, 114, 32, 119, 111, 114, 116, 104, 32, 99, 111, 110, 115, 105, 115, 116, 115, 32, 105, 110, 32, 119, 104, 97, 116, 32, 121, 111, 117, 32, 97, 114, 101, 32, 97, 110, 100, 32, 110, 111, 116, 32, 105, 110, 32, 119, 104, 97, 116, 32, 121, 111, 117, 32, 104, 97, 118, 101, 46]
        620c71218        168 (something else)    (somewhere else)               (something else)
        620c712c0         16 model.Frase         .elementData[46]               (object)
        620c712d0         48 (something else)    (somewhere else)               (something else)
        620c71300         24 java.lang.String    .elementData[46].q             (object)
        620c71318        104 [B                  .elementData[46].q.value       [87, 104, 97, 116, 39, 115, 32, 116, 104, 101, 32, 112, 111, 105, 110, 116, 32, 105, 110, 32, 98, 101, 105, 110, 103, 32, 115, 109, 97, 114, 116, 32, 101, 110, 111, 117, 103, 104, 32, 116, 111, 32, 114, 101, 97, 100, 44, 32, 105, 102, 32, 101, 118, 101, 114, 121, 116, 104, 105, 110, 103, 32, 121, 111, 117, 32, 114, 101, 97, 100, 32, 109, 97, 107, 101, 115, 32, 121, 111, 117, 32, 100, 117, 109, 98, 63]
        620c71380        168 (something else)    (somewhere else)               (something else)
        620c71428         16 model.Frase         .elementData[47]               (object)
        620c71438         48 (something else)    (somewhere else)               (something else)
        620c71468         24 java.lang.String    .elementData[47].q             (object)
        620c71480         96 [B                  .elementData[47].q.value       [65, 32, 100, 114, 101, 97, 109, 32, 121, 111, 117, 32, 100, 114, 101, 97, 109, 32, 97, 108, 111, 110, 101, 32, 105, 115, 32, 111, 110, 108, 121, 32, 97, 32, 100, 114, 101, 97, 109, 46, 32, 65, 32, 100, 114, 101, 97, 109, 32, 121, 111, 117, 32, 100, 114, 101, 97, 109, 32, 116, 111, 103, 101, 116, 104, 101, 114, 32, 105, 115, 32, 114, 101, 97, 108, 105, 116, 121, 46]
        620c714e0        168 (something else)    (somewhere else)               (something else)
        620c71588         16 model.Frase         .elementData[48]               (object)
        620c71598         48 (something else)    (somewhere else)               (something else)
        620c715c8         24 java.lang.String    .elementData[48].q             (object)
        620c715e0        104 [B                  .elementData[48].q.value       [68, 111, 110, 39, 116, 32, 101, 118, 101, 114, 32, 115, 97, 118, 101, 32, 97, 110, 121, 116, 104, 105, 110, 103, 32, 102, 111, 114, 32, 97, 32, 115, 112, 101, 99, 105, 97, 108, 32, 111, 99, 99, 97, 115, 105, 111, 110, 46, 32, 66, 101, 105, 110, 103, 32, 97, 108, 105, 118, 101, 32, 105, 115, 32, 116, 104, 101, 32, 115, 112, 101, 99, 105, 97, 108, 32, 111, 99, 99, 97, 115, 105, 111, 110, 46]
        620c71648        168 (something else)    (somewhere else)               (something else)
        620c716f0         16 model.Frase         .elementData[49]               (object)
        620c71700         48 (something else)    (somewhere else)               (something else)
        620c71730         24 java.lang.String    .elementData[49].q             (object)
        620c71748         88 [B                  .elementData[49].q.value       [73, 110, 32, 116, 104, 101, 32, 108, 111, 110, 103, 32, 114, 117, 110, 44, 32, 116, 104, 101, 32, 115, 104, 97, 114, 112, 101, 115, 116, 32, 119, 101, 97, 112, 111, 110, 32, 111, 102, 32, 97, 108, 108, 32, 105, 115, 32, 97, 32, 107, 105, 110, 100, 32, 97, 110, 100, 32, 103, 101, 110, 116, 108, 101, 32, 115, 112, 105, 114, 105, 116, 46]
        620c717a0        144 (something else)    (somewhere else)               (something else)
        620c71830        312 [Ljava.lang.Object; .elementData                   [(object), (object), (object), (object), (object), (object), (object), (object), (object), (object), (object), (object), (object), (object), (object), (object), (object), (object), (object), (object), (object), (object), (object), (object), (object), (object), (object), (object), (object), (object), (object), (object), (object), (object), (object), (object), (object), (object), (object), (object), (object), (object), (object), (object), (object), (object), (object), (object), (object), (object), null, null, null, null, null, null, null, null, null, null, null, null, null, null, null, null, null, null, null, null, null, null, null]

Addresses are stable after 1 tries.


|====== Tamanio total en memoria ======|
6640 bytes
2025-09-10 18:54:49 [main] INFO  performance - Peso de fraseEncriptada: 
|====== Layout Interno ======|
java.util.ArrayDeque object internals:
OFF  SZ                 TYPE DESCRIPTION               VALUE
  0   8                      (object header: mark)     0x0000001af1347d01 (hash: 0x1af1347d; age: 0)
  8   4                      (object header: class)    0x0020cf90
 12   4                  int ArrayDeque.head           0
 16   4                  int ArrayDeque.tail           15
 20   4   java.lang.Object[] ArrayDeque.elements       [(object), (object), (object), (object), (object), (object), (object), (object), (object), (object), (object), (object), (object), (object), (object), null, null]
Instance size: 24 bytes
Space losses: 0 bytes internal + 0 bytes external = 0 bytes total

|====== Layout con Referencias ======|
java.util.ArrayDeque@1af1347dd object externals:
          ADDRESS       SIZE TYPE                 PATH                           VALUE
        601d73828         16 java.lang.Integer    .elements[0].cabeza.valor      74
        601d73838        224 (something else)     (somewhere else)               (something else)
        601d73918         16 java.lang.Integer    .elements[14].cabeza.referencia.referencia.referencia.referencia.referencia.referencia.valor 59
        601d73928        112 (something else)     (somewhere else)               (something else)
        601d73998         16 java.lang.Integer    .elements[3].cabeza.referencia.referencia.referencia.valor 51
        601d739a8        368 (something else)     (somewhere else)               (something else)
        601d73b18         16 java.lang.Integer    .elements[14].cabeza.referencia.referencia.referencia.referencia.referencia.valor 127
        601d73b28         48 (something else)     (somewhere else)               (something else)
        601d73b58         16 java.lang.Integer    .elements[13].cabeza.referencia.referencia.referencia.valor 123
        601d73b68         16 (something else)     (somewhere else)               (something else)
        601d73b78         16 java.lang.Integer    .elements[14].cabeza.referencia.referencia.referencia.valor 121
        601d73b88         16 java.lang.Integer    .elements[6].cabeza.valor      120
        601d73b98         16 java.lang.Integer    .elements[6].cabeza.referencia.referencia.referencia.valor 119
        601d73ba8         16 java.lang.Integer    .elements[9].cabeza.referencia.valor 118
        601d73bb8         16 java.lang.Integer    .elements[13].cabeza.referencia.referencia.referencia.referencia.valor 117
        601d73bc8         16 java.lang.Integer    .elements[14].cabeza.valor     116
        601d73bd8         16 java.lang.Integer    .elements[14].cabeza.referencia.valor 115
        601d73be8         16 java.lang.Integer    .elements[14].cabeza.referencia.referencia.referencia.referencia.valor 114
        601d73bf8         16 java.lang.Integer    .elements[12].cabeza.referencia.valor 113
        601d73c08         16 java.lang.Integer    .elements[13].cabeza.referencia.referencia.referencia.referencia.referencia.valor 112
        601d73c18         16 java.lang.Integer    .elements[8].cabeza.referencia.valor 111
        601d73c28         16 java.lang.Integer    .elements[14].cabeza.referencia.referencia.valor 110
        601d73c38         16 java.lang.Integer    .elements[2].cabeza.valor      109
        601d73c48         16 java.lang.Integer    .elements[11].cabeza.valor     108
        601d73c58         16 java.lang.Integer    .elements[11].cabeza.referencia.referencia.referencia.valor 107
        601d73c68         16 java.lang.Integer    .elements[9].cabeza.valor      106
        601d73c78         16 java.lang.Integer    .elements[12].cabeza.referencia.referencia.valor 105
        601d73c88         16 java.lang.Integer    .elements[13].cabeza.valor     104
        601d73c98         16 (something else)     (somewhere else)               (something else)
        601d73ca8         16 java.lang.Integer    .elements[6].cabeza.referencia.referencia.valor 102
        601d73cb8         48 (something else)     (somewhere else)               (something else)
        601d73ce8         16 java.lang.Integer    .elements[12].cabeza.valor     98
        601d73cf8  517130656 (something else)     (somewhere else)               (something else)
        620aa0698         24 java.util.ArrayDeque                                (object)
        620aa06b0         88 [Ljava.lang.Object;  .elements                      [(object), (object), (object), (object), (object), (object), (object), (object), (object), (object), (object), (object), (object), (object), (object), null, null]
        620aa0708       1040 (something else)     (somewhere else)               (something else)
        620aa0b18         24 model.LinkedList     .elements[0]                   (object)
        620aa0b30         72 (something else)     (somewhere else)               (something else)
        620aa0b78         24 model.Nodo           .elements[0].cabeza            (object)
        620aa0b90         96 (something else)     (somewhere else)               (something else)
        620aa0bf0         24 model.Nodo           .elements[0].cabeza.referencia (object)
        620aa0c08        360 (something else)     (somewhere else)               (something else)
        620aa0d70         24 model.LinkedList     .elements[1]                   (object)
        620aa0d88         72 (something else)     (somewhere else)               (something else)
        620aa0dd0         24 model.Nodo           .elements[1].cabeza            (object)
        620aa0de8         96 (something else)     (somewhere else)               (something else)
        620aa0e48         24 model.Nodo           .elements[1].cabeza.referencia (object)
        620aa0e60        144 (something else)     (somewhere else)               (something else)
        620aa0ef0         24 model.Nodo           .elements[1].cabeza.referencia.referencia (object)
        620aa0f08        360 (something else)     (somewhere else)               (something else)
        620aa1070         24 model.LinkedList     .elements[2]                   (object)
        620aa1088         72 (something else)     (somewhere else)               (something else)
        620aa10d0         24 model.Nodo           .elements[2].cabeza            (object)
        620aa10e8         96 (something else)     (somewhere else)               (something else)
        620aa1148         24 model.Nodo           .elements[2].cabeza.referencia (object)
        620aa1160        144 (something else)     (somewhere else)               (something else)
        620aa11f0         24 model.Nodo           .elements[2].cabeza.referencia.referencia (object)
        620aa1208        144 (something else)     (somewhere else)               (something else)
        620aa1298         24 model.Nodo           .elements[2].cabeza.referencia.referencia.referencia (object)
        620aa12b0        504 (something else)     (somewhere else)               (something else)
        620aa14a8         24 model.LinkedList     .elements[3]                   (object)
        620aa14c0         72 (something else)     (somewhere else)               (something else)
        620aa1508         24 model.Nodo           .elements[3].cabeza            (object)
        620aa1520         96 (something else)     (somewhere else)               (something else)
        620aa1580         24 model.Nodo           .elements[3].cabeza.referencia (object)
        620aa1598        144 (something else)     (somewhere else)               (something else)
        620aa1628         24 model.Nodo           .elements[3].cabeza.referencia.referencia (object)
        620aa1640        144 (something else)     (somewhere else)               (something else)
        620aa16d0         24 model.Nodo           .elements[3].cabeza.referencia.referencia.referencia (object)
        620aa16e8        504 (something else)     (somewhere else)               (something else)
        620aa18e0         24 model.LinkedList     .elements[4]                   (object)
        620aa18f8         72 (something else)     (somewhere else)               (something else)
        620aa1940         24 model.Nodo           .elements[4].cabeza            (object)
        620aa1958         96 (something else)     (somewhere else)               (something else)
        620aa19b8         24 model.Nodo           .elements[4].cabeza.referencia (object)
        620aa19d0        144 (something else)     (somewhere else)               (something else)
        620aa1a60         24 model.Nodo           .elements[4].cabeza.referencia.referencia (object)
        620aa1a78        360 (something else)     (somewhere else)               (something else)
        620aa1be0         24 model.LinkedList     .elements[5]                   (object)
        620aa1bf8         80 (something else)     (somewhere else)               (something else)
        620aa1c48         24 model.Nodo           .elements[5].cabeza            (object)
        620aa1c60         96 (something else)     (somewhere else)               (something else)
        620aa1cc0         24 model.Nodo           .elements[5].cabeza.referencia (object)
        620aa1cd8        144 (something else)     (somewhere else)               (something else)
        620aa1d68         24 model.Nodo           .elements[5].cabeza.referencia.referencia (object)
        620aa1d80        144 (something else)     (somewhere else)               (something else)
        620aa1e10         24 model.Nodo           .elements[5].cabeza.referencia.referencia.referencia (object)
        620aa1e28        144 (something else)     (somewhere else)               (something else)
        620aa1eb8         24 model.Nodo           .elements[5].cabeza.referencia.referencia.referencia.referencia (object)
        620aa1ed0        144 (something else)     (somewhere else)               (something else)
        620aa1f60         24 model.Nodo           .elements[5].cabeza.referencia.referencia.referencia.referencia.referencia (object)
        620aa1f78        144 (something else)     (somewhere else)               (something else)
        620aa2008         16 java.lang.Integer    .elements[5].cabeza.referencia.referencia.referencia.referencia.referencia.referencia.valor 128
        620aa2018         24 model.Nodo           .elements[5].cabeza.referencia.referencia.referencia.referencia.referencia.referencia (object)
        620aa2030        144 (something else)     (somewhere else)               (something else)
        620aa20c0         16 java.lang.Integer    .elements[5].cabeza.referencia.referencia.referencia.referencia.referencia.referencia.referencia.valor 131
        620aa20d0         24 model.Nodo           .elements[5].cabeza.referencia.referencia.referencia.referencia.referencia.referencia.referencia (object)
        620aa20e8        792 (something else)     (somewhere else)               (something else)
        620aa2400         24 model.LinkedList     .elements[6]                   (object)
        620aa2418         80 (something else)     (somewhere else)               (something else)
        620aa2468         24 model.Nodo           .elements[6].cabeza            (object)
        620aa2480         96 (something else)     (somewhere else)               (something else)
        620aa24e0         24 model.Nodo           .elements[6].cabeza.referencia (object)
        620aa24f8        144 (something else)     (somewhere else)               (something else)
        620aa2588         24 model.Nodo           .elements[6].cabeza.referencia.referencia (object)
        620aa25a0        144 (something else)     (somewhere else)               (something else)
        620aa2630         24 model.Nodo           .elements[6].cabeza.referencia.referencia.referencia (object)
        620aa2648        144 (something else)     (somewhere else)               (something else)
        620aa26d8         24 model.Nodo           .elements[6].cabeza.referencia.referencia.referencia.referencia (object)
        620aa26f0        144 (something else)     (somewhere else)               (something else)
        620aa2780         24 model.Nodo           .elements[6].cabeza.referencia.referencia.referencia.referencia.referencia (object)
        620aa2798        648 (something else)     (somewhere else)               (something else)
        620aa2a20         24 model.LinkedList     .elements[7]                   (object)
        620aa2a38         72 (something else)     (somewhere else)               (something else)
        620aa2a80         24 model.Nodo           .elements[7].cabeza            (object)
        620aa2a98         96 (something else)     (somewhere else)               (something else)
        620aa2af8         24 model.Nodo           .elements[7].cabeza.referencia (object)
        620aa2b10        360 (something else)     (somewhere else)               (something else)
        620aa2c78         24 model.LinkedList     .elements[8]                   (object)
        620aa2c90         72 (something else)     (somewhere else)               (something else)
        620aa2cd8         24 model.Nodo           .elements[8].cabeza            (object)
        620aa2cf0         96 (something else)     (somewhere else)               (something else)
        620aa2d50         24 model.Nodo           .elements[8].cabeza.referencia (object)
        620aa2d68        144 (something else)     (somewhere else)               (something else)
        620aa2df8         24 model.Nodo           .elements[8].cabeza.referencia.referencia (object)
        620aa2e10        360 (something else)     (somewhere else)               (something else)
        620aa2f78         24 model.LinkedList     .elements[9]                   (object)
        620aa2f90         72 (something else)     (somewhere else)               (something else)
        620aa2fd8         24 model.Nodo           .elements[9].cabeza            (object)
        620aa2ff0         96 (something else)     (somewhere else)               (something else)
        620aa3050         24 model.Nodo           .elements[9].cabeza.referencia (object)
        620aa3068        360 (something else)     (somewhere else)               (something else)
        620aa31d0         24 model.LinkedList     .elements[10]                  (object)
        620aa31e8         72 (something else)     (somewhere else)               (something else)
        620aa3230         24 model.Nodo           .elements[10].cabeza           (object)
        620aa3248        264 (something else)     (somewhere else)               (something else)
        620aa3350         24 model.LinkedList     .elements[11]                  (object)
        620aa3368         72 (something else)     (somewhere else)               (something else)
        620aa33b0         24 model.Nodo           .elements[11].cabeza           (object)
        620aa33c8         96 (something else)     (somewhere else)               (something else)
        620aa3428         24 model.Nodo           .elements[11].cabeza.referencia (object)
        620aa3440        144 (something else)     (somewhere else)               (something else)
        620aa34d0         24 model.Nodo           .elements[11].cabeza.referencia.referencia (object)
        620aa34e8        144 (something else)     (somewhere else)               (something else)
        620aa3578         24 model.Nodo           .elements[11].cabeza.referencia.referencia.referencia (object)
        620aa3590        504 (something else)     (somewhere else)               (something else)
        620aa3788         24 model.LinkedList     .elements[12]                  (object)
        620aa37a0         72 (something else)     (somewhere else)               (something else)
        620aa37e8         24 model.Nodo           .elements[12].cabeza           (object)
        620aa3800         96 (something else)     (somewhere else)               (something else)
        620aa3860         24 model.Nodo           .elements[12].cabeza.referencia (object)
        620aa3878        144 (something else)     (somewhere else)               (something else)
        620aa3908         24 model.Nodo           .elements[12].cabeza.referencia.referencia (object)
        620aa3920        360 (something else)     (somewhere else)               (something else)
        620aa3a88         24 model.LinkedList     .elements[13]                  (object)
        620aa3aa0         80 (something else)     (somewhere else)               (something else)
        620aa3af0         24 model.Nodo           .elements[13].cabeza           (object)
        620aa3b08         96 (something else)     (somewhere else)               (something else)
        620aa3b68         24 model.Nodo           .elements[13].cabeza.referencia (object)
        620aa3b80        144 (something else)     (somewhere else)               (something else)
        620aa3c10         24 model.Nodo           .elements[13].cabeza.referencia.referencia (object)
        620aa3c28        144 (something else)     (somewhere else)               (something else)
        620aa3cb8         24 model.Nodo           .elements[13].cabeza.referencia.referencia.referencia (object)
        620aa3cd0        144 (something else)     (somewhere else)               (something else)
        620aa3d60         24 model.Nodo           .elements[13].cabeza.referencia.referencia.referencia.referencia (object)
        620aa3d78        144 (something else)     (somewhere else)               (something else)
        620aa3e08         24 model.Nodo           .elements[13].cabeza.referencia.referencia.referencia.referencia.referencia (object)
        620aa3e20        648 (something else)     (somewhere else)               (something else)
        620aa40a8         24 model.LinkedList     .elements[14]                  (object)
        620aa40c0         80 (something else)     (somewhere else)               (something else)
        620aa4110         24 model.Nodo           .elements[14].cabeza           (object)
        620aa4128         96 (something else)     (somewhere else)               (something else)
        620aa4188         24 model.Nodo           .elements[14].cabeza.referencia (object)
        620aa41a0        144 (something else)     (somewhere else)               (something else)
        620aa4230         24 model.Nodo           .elements[14].cabeza.referencia.referencia (object)
        620aa4248        144 (something else)     (somewhere else)               (something else)
        620aa42d8         24 model.Nodo           .elements[14].cabeza.referencia.referencia.referencia (object)
        620aa42f0        144 (something else)     (somewhere else)               (something else)
        620aa4380         24 model.Nodo           .elements[14].cabeza.referencia.referencia.referencia.referencia (object)
        620aa4398        144 (something else)     (somewhere else)               (something else)
        620aa4428         24 model.Nodo           .elements[14].cabeza.referencia.referencia.referencia.referencia.referencia (object)
        620aa4440        144 (something else)     (somewhere else)               (something else)
        620aa44d0         24 model.Nodo           .elements[14].cabeza.referencia.referencia.referencia.referencia.referencia.referencia (object)

Addresses are stable after 1 tries.


|====== Tamanio total en memoria ======|
2296 bytes
2025-09-10 18:54:49 [main] INFO  performance - 
 === PROCESO [ Programa ] === 
 - Uso Memoria Inicio : 19 MB
 - Consumo CPU Inicio : 0.00 %
 - Uso Memoria Final : 29 MB
 - Consumo CPU Final : 18.17 %
 - Incremento Memoria : 10 MB
 - Incremento CPU : 18.17 %
 - Tiempo Ejecucion : 3069 ms
 - Memoria Disponible JVM : 480 MB
 - Incremento CPU del Proceso: 85.41 %
 =============================== 

 - Memoria Física Total: 32654 MB
 - Memoria Física Usada: 15757 MB
 - Número de Hilos Activos: 37
 - Tiempo de CPU Usado por el Proceso: 4640 ms 


