2025-09-10 18:45:20 [main] INFO  tiempos - Duracion del proceso intercambiarReferencias: 511900 ns
2025-09-10 18:45:20 [main] INFO  tiempos - Duracion del proceso intercambiarReferencias: 134200 ns
2025-09-10 18:45:20 [main] INFO  tiempos - Duracion del proceso intercambiarReferencias: 126000 ns
2025-09-10 18:45:20 [main] INFO  tiempos - Duracion del proceso intercambiarReferencias: 587000 ns
2025-09-10 18:45:20 [main] INFO  tiempos - Duracion del proceso intercambiarReferencias: 104200 ns
2025-09-10 18:45:20 [main] INFO  tiempos - Duracion del proceso intercambiarReferencias: 179400 ns
2025-09-10 18:45:20 [main] INFO  tiempos - Duracion del proceso intercambiarReferencias: 282200 ns
2025-09-10 18:45:20 [main] INFO  tiempos - Duracion de encriptarFrase: 7836500 ns
2025-09-10 18:45:20 [main] INFO  tiempos - Duracion del proceso intercambiarReferencias: 455700 ns
2025-09-10 18:45:20 [main] INFO  tiempos - Duracion del proceso intercambiarReferencias: 144500 ns
2025-09-10 18:45:20 [main] INFO  tiempos - Duracion del proceso intercambiarReferencias: 156400 ns
2025-09-10 18:45:20 [main] INFO  tiempos - Duracion del proceso intercambiarReferencias: 548700 ns
2025-09-10 18:45:20 [main] INFO  tiempos - Duracion del proceso intercambiarReferencias: 89500 ns
2025-09-10 18:45:20 [main] INFO  tiempos - Duracion del proceso intercambiarReferencias: 190800 ns
2025-09-10 18:45:20 [main] INFO  tiempos - Duracion del proceso intercambiarReferencias: 307700 ns
2025-09-10 18:45:20 [main] INFO  tiempos - Duracion de desencriptarFrase: 2320800 ns
2025-09-10 18:45:20 [main] INFO  tiempos - Duracion del proceso intercambiarReferencias: 146600 ns
2025-09-10 18:45:20 [main] INFO  tiempos - Duracion del proceso intercambiarReferencias: 132400 ns
2025-09-10 18:45:20 [main] INFO  tiempos - Duracion del proceso intercambiarReferencias: 123000 ns
2025-09-10 18:45:20 [main] INFO  tiempos - Duracion del proceso intercambiarReferencias: 186200 ns
2025-09-10 18:45:20 [main] INFO  tiempos - Duracion del proceso intercambiarReferencias: 240500 ns
2025-09-10 18:45:20 [main] INFO  tiempos - Duracion del proceso intercambiarReferencias: 169100 ns
2025-09-10 18:45:20 [main] INFO  tiempos - Duracion del proceso intercambiarReferencias: 86200 ns
2025-09-10 18:45:20 [main] INFO  tiempos - Duracion del proceso intercambiarReferencias: 354000 ns
2025-09-10 18:45:20 [main] INFO  tiempos - Duracion del proceso intercambiarReferencias: 185400 ns
2025-09-10 18:45:20 [main] INFO  tiempos - Duracion de encriptarFrase: 5948000 ns
2025-09-10 18:45:20 [main] INFO  tiempos - Duracion del proceso intercambiarReferencias: 108400 ns
2025-09-10 18:45:20 [main] INFO  tiempos - Duracion del proceso intercambiarReferencias: 77600 ns
2025-09-10 18:45:20 [main] INFO  tiempos - Duracion del proceso intercambiarReferencias: 92100 ns
2025-09-10 18:45:20 [main] INFO  tiempos - Duracion del proceso intercambiarReferencias: 162300 ns
2025-09-10 18:45:20 [main] INFO  tiempos - Duracion del proceso intercambiarReferencias: 296800 ns
2025-09-10 18:45:20 [main] INFO  tiempos - Duracion del proceso intercambiarReferencias: 166000 ns
2025-09-10 18:45:20 [main] INFO  tiempos - Duracion del proceso intercambiarReferencias: 78000 ns
2025-09-10 18:45:20 [main] INFO  tiempos - Duracion del proceso intercambiarReferencias: 212100 ns
2025-09-10 18:45:20 [main] INFO  tiempos - Duracion del proceso intercambiarReferencias: 149700 ns
2025-09-10 18:45:20 [main] INFO  tiempos - Duracion de desencriptarFrase: 1724700 ns
2025-09-10 18:45:20 [main] INFO  tiempos - Duracion del proceso intercambiarReferencias: 166500 ns
2025-09-10 18:45:20 [main] INFO  tiempos - Duracion del proceso intercambiarReferencias: 71900 ns
2025-09-10 18:45:20 [main] INFO  tiempos - intercambiarReferencias duration: 0 ms
2025-09-10 18:45:20 [main] INFO  tiempos - Duracion del proceso intercambiarReferencias: 58400 ns
2025-09-10 18:45:20 [main] INFO  tiempos - Duracion del proceso intercambiarReferencias: 354600 ns
2025-09-10 18:45:20 [main] INFO  tiempos - Duracion del proceso intercambiarReferencias: 198700 ns
2025-09-10 18:45:20 [main] INFO  tiempos - Duracion del proceso intercambiarReferencias: 70400 ns
2025-09-10 18:45:20 [main] INFO  tiempos - Duracion del proceso intercambiarReferencias: 461300 ns
2025-09-10 18:45:20 [main] INFO  tiempos - Duracion de encriptarFrase: 4943900 ns
2025-09-10 18:45:20 [main] INFO  tiempos - Duracion del proceso intercambiarReferencias: 178400 ns
2025-09-10 18:45:20 [main] INFO  tiempos - Duracion del proceso intercambiarReferencias: 78200 ns
2025-09-10 18:45:20 [main] INFO  tiempos - intercambiarReferencias duration: 0 ms
2025-09-10 18:45:20 [main] INFO  tiempos - Duracion del proceso intercambiarReferencias: 52900 ns
2025-09-10 18:45:20 [main] INFO  tiempos - Duracion del proceso intercambiarReferencias: 281200 ns
2025-09-10 18:45:20 [main] INFO  tiempos - Duracion del proceso intercambiarReferencias: 230200 ns
2025-09-10 18:45:20 [main] INFO  tiempos - Duracion del proceso intercambiarReferencias: 57700 ns
2025-09-10 18:45:20 [main] INFO  tiempos - Duracion del proceso intercambiarReferencias: 685600 ns
2025-09-10 18:45:20 [main] INFO  tiempos - Duracion de desencriptarFrase: 1901200 ns
2025-09-10 18:45:20 [main] INFO  tiempos - Duracion del proceso intercambiarReferencias: 56700 ns
2025-09-10 18:45:20 [main] INFO  tiempos - Duracion del proceso intercambiarReferencias: 201100 ns
2025-09-10 18:45:20 [main] INFO  tiempos - Duracion del proceso intercambiarReferencias: 106300 ns
2025-09-10 18:45:20 [main] INFO  tiempos - Duracion del proceso intercambiarReferencias: 101800 ns
2025-09-10 18:45:20 [main] INFO  tiempos - Duracion del proceso intercambiarReferencias: 95000 ns
2025-09-10 18:45:20 [main] INFO  tiempos - Duracion del proceso intercambiarReferencias: 155400 ns
2025-09-10 18:45:20 [main] INFO  tiempos - Duracion del proceso intercambiarReferencias: 66900 ns
2025-09-10 18:45:20 [main] INFO  tiempos - Duracion del proceso intercambiarReferencias: 47900 ns
2025-09-10 18:45:20 [main] INFO  tiempos - intercambiarReferencias duration: 0 ms
2025-09-10 18:45:20 [main] INFO  tiempos - Duracion del proceso intercambiarReferencias: 32500 ns
2025-09-10 18:45:20 [main] INFO  tiempos - Duracion del proceso intercambiarReferencias: 82800 ns
2025-09-10 18:45:20 [main] INFO  tiempos - Duracion del proceso intercambiarReferencias: 80900 ns
2025-09-10 18:45:20 [main] INFO  tiempos - Duracion del proceso intercambiarReferencias: 84400 ns
2025-09-10 18:45:20 [main] INFO  tiempos - Duracion del proceso intercambiarReferencias: 112700 ns
2025-09-10 18:45:20 [main] INFO  tiempos - Duracion del proceso intercambiarReferencias: 103000 ns
2025-09-10 18:45:20 [main] INFO  tiempos - Duracion de encriptarFrase: 4918800 ns
2025-09-10 18:45:20 [main] INFO  tiempos - Duracion del proceso intercambiarReferencias: 95800 ns
2025-09-10 18:45:20 [main] INFO  tiempos - Duracion del proceso intercambiarReferencias: 123900 ns
2025-09-10 18:45:20 [main] INFO  tiempos - Duracion del proceso intercambiarReferencias: 71500 ns
2025-09-10 18:45:20 [main] INFO  tiempos - Duracion del proceso intercambiarReferencias: 69600 ns
2025-09-10 18:45:20 [main] INFO  tiempos - Duracion del proceso intercambiarReferencias: 97700 ns
2025-09-10 18:45:20 [main] INFO  tiempos - Duracion del proceso intercambiarReferencias: 145800 ns
2025-09-10 18:45:20 [main] INFO  tiempos - Duracion del proceso intercambiarReferencias: 38300 ns
2025-09-10 18:45:20 [main] INFO  tiempos - Duracion del proceso intercambiarReferencias: 37300 ns
2025-09-10 18:45:20 [main] INFO  tiempos - intercambiarReferencias duration: 0 ms
2025-09-10 18:45:20 [main] INFO  tiempos - Duracion del proceso intercambiarReferencias: 42100 ns
2025-09-10 18:45:20 [main] INFO  tiempos - Duracion del proceso intercambiarReferencias: 107600 ns
2025-09-10 18:45:20 [main] INFO  tiempos - Duracion del proceso intercambiarReferencias: 72500 ns
2025-09-10 18:45:20 [main] INFO  tiempos - Duracion del proceso intercambiarReferencias: 84000 ns
2025-09-10 18:45:20 [main] INFO  tiempos - Duracion del proceso intercambiarReferencias: 119800 ns
2025-09-10 18:45:20 [main] INFO  tiempos - Duracion del proceso intercambiarReferencias: 88500 ns
2025-09-10 18:45:20 [main] INFO  tiempos - Duracion de desencriptarFrase: 1581700 ns
2025-09-10 18:45:20 [main] INFO  tiempos - Duracion del proceso intercambiarReferencias: 68800 ns
2025-09-10 18:45:20 [main] INFO  tiempos - Duracion del proceso intercambiarReferencias: 78900 ns
2025-09-10 18:45:20 [main] INFO  tiempos - Duracion del proceso intercambiarReferencias: 134500 ns
2025-09-10 18:45:20 [main] INFO  tiempos - Duracion del proceso intercambiarReferencias: 31900 ns
2025-09-10 18:45:20 [main] INFO  tiempos - Duracion del proceso intercambiarReferencias: 64000 ns
2025-09-10 18:45:20 [main] INFO  tiempos - Duracion del proceso intercambiarReferencias: 77200 ns
2025-09-10 18:45:20 [main] INFO  tiempos - Duracion del proceso intercambiarReferencias: 31700 ns
2025-09-10 18:45:20 [main] INFO  tiempos - Duracion del proceso intercambiarReferencias: 32700 ns
2025-09-10 18:45:20 [main] INFO  tiempos - Duracion del proceso intercambiarReferencias: 34800 ns
2025-09-10 18:45:20 [main] INFO  tiempos - Duracion del proceso intercambiarReferencias: 195500 ns
2025-09-10 18:45:20 [main] INFO  tiempos - Duracion del proceso intercambiarReferencias: 28500 ns
2025-09-10 18:45:20 [main] INFO  tiempos - Duracion del proceso intercambiarReferencias: 129000 ns
2025-09-10 18:45:20 [main] INFO  tiempos - Duracion del proceso intercambiarReferencias: 55000 ns
2025-09-10 18:45:20 [main] INFO  tiempos - Duracion de encriptarFrase: 3500600 ns
2025-09-10 18:45:20 [main] INFO  tiempos - Duracion del proceso intercambiarReferencias: 175800 ns
2025-09-10 18:45:20 [main] INFO  tiempos - Duracion del proceso intercambiarReferencias: 114200 ns
2025-09-10 18:45:20 [main] INFO  tiempos - Duracion del proceso intercambiarReferencias: 70600 ns
2025-09-10 18:45:20 [main] INFO  tiempos - Duracion del proceso intercambiarReferencias: 25100 ns
2025-09-10 18:45:20 [main] INFO  tiempos - Duracion del proceso intercambiarReferencias: 49900 ns
2025-09-10 18:45:20 [main] INFO  tiempos - Duracion del proceso intercambiarReferencias: 56900 ns
2025-09-10 18:45:20 [main] INFO  tiempos - Duracion del proceso intercambiarReferencias: 42800 ns
2025-09-10 18:45:20 [main] INFO  tiempos - Duracion del proceso intercambiarReferencias: 25200 ns
2025-09-10 18:45:20 [main] INFO  tiempos - Duracion del proceso intercambiarReferencias: 28500 ns
2025-09-10 18:45:20 [main] INFO  tiempos - Duracion del proceso intercambiarReferencias: 136400 ns
2025-09-10 18:45:20 [main] INFO  tiempos - Duracion del proceso intercambiarReferencias: 23200 ns
2025-09-10 18:45:20 [main] INFO  tiempos - Duracion del proceso intercambiarReferencias: 85000 ns
2025-09-10 18:45:20 [main] INFO  tiempos - Duracion del proceso intercambiarReferencias: 50000 ns
2025-09-10 18:45:20 [main] INFO  tiempos - Duracion de desencriptarFrase: 1236100 ns
2025-09-10 18:45:20 [main] INFO  tiempos - Duracion del proceso intercambiarReferencias: 87000 ns
2025-09-10 18:45:20 [main] INFO  tiempos - Duracion del proceso intercambiarReferencias: 60500 ns
2025-09-10 18:45:20 [main] INFO  tiempos - Duracion del proceso intercambiarReferencias: 90300 ns
2025-09-10 18:45:20 [main] INFO  tiempos - intercambiarReferencias duration: 0 ms
2025-09-10 18:45:20 [main] INFO  tiempos - Duracion del proceso intercambiarReferencias: 19400 ns
2025-09-10 18:45:20 [main] INFO  tiempos - Duracion del proceso intercambiarReferencias: 25100 ns
2025-09-10 18:45:20 [main] INFO  tiempos - Duracion del proceso intercambiarReferencias: 49000 ns
2025-09-10 18:45:20 [main] INFO  tiempos - Duracion del proceso intercambiarReferencias: 42500 ns
2025-09-10 18:45:20 [main] INFO  tiempos - Duracion del proceso intercambiarReferencias: 41700 ns
2025-09-10 18:45:20 [main] INFO  tiempos - Duracion del proceso intercambiarReferencias: 21200 ns
2025-09-10 18:45:20 [main] INFO  tiempos - Duracion del proceso intercambiarReferencias: 45300 ns
2025-09-10 18:45:20 [main] INFO  tiempos - Duracion del proceso intercambiarReferencias: 22200 ns
2025-09-10 18:45:20 [main] INFO  tiempos - Duracion del proceso intercambiarReferencias: 22800 ns
2025-09-10 18:45:20 [main] INFO  tiempos - Duracion del proceso intercambiarReferencias: 67500 ns
2025-09-10 18:45:20 [main] INFO  tiempos - Duracion del proceso intercambiarReferencias: 22300 ns
2025-09-10 18:45:20 [main] INFO  tiempos - Duracion del proceso intercambiarReferencias: 41200 ns
2025-09-10 18:45:20 [main] INFO  tiempos - Duracion del proceso intercambiarReferencias: 49100 ns
2025-09-10 18:45:20 [main] INFO  tiempos - Duracion del proceso intercambiarReferencias: 21300 ns
2025-09-10 18:45:20 [main] INFO  tiempos - Duracion del proceso intercambiarReferencias: 21700 ns
2025-09-10 18:45:20 [main] INFO  tiempos - Duracion del proceso intercambiarReferencias: 80400 ns
2025-09-10 18:45:20 [main] INFO  tiempos - Duracion de encriptarFrase: 3024600 ns
2025-09-10 18:45:20 [main] INFO  tiempos - Duracion del proceso intercambiarReferencias: 123800 ns
2025-09-10 18:45:20 [main] INFO  tiempos - Duracion del proceso intercambiarReferencias: 51100 ns
2025-09-10 18:45:20 [main] INFO  tiempos - Duracion del proceso intercambiarReferencias: 43300 ns
2025-09-10 18:45:20 [main] INFO  tiempos - intercambiarReferencias duration: 0 ms
2025-09-10 18:45:20 [main] INFO  tiempos - Duracion del proceso intercambiarReferencias: 17200 ns
2025-09-10 18:45:20 [main] INFO  tiempos - Duracion del proceso intercambiarReferencias: 22600 ns
2025-09-10 18:45:20 [main] INFO  tiempos - Duracion del proceso intercambiarReferencias: 23500 ns
2025-09-10 18:45:20 [main] INFO  tiempos - Duracion del proceso intercambiarReferencias: 41800 ns
2025-09-10 18:45:20 [main] INFO  tiempos - Duracion del proceso intercambiarReferencias: 41200 ns
2025-09-10 18:45:20 [main] INFO  tiempos - Duracion del proceso intercambiarReferencias: 23000 ns
2025-09-10 18:45:20 [main] INFO  tiempos - Duracion del proceso intercambiarReferencias: 52900 ns
2025-09-10 18:45:20 [main] INFO  tiempos - Duracion del proceso intercambiarReferencias: 22200 ns
2025-09-10 18:45:20 [main] INFO  tiempos - Duracion del proceso intercambiarReferencias: 24300 ns
2025-09-10 18:45:20 [main] INFO  tiempos - Duracion del proceso intercambiarReferencias: 63800 ns
2025-09-10 18:45:20 [main] INFO  tiempos - Duracion del proceso intercambiarReferencias: 22000 ns
2025-09-10 18:45:20 [main] INFO  tiempos - Duracion del proceso intercambiarReferencias: 43600 ns
2025-09-10 18:45:20 [main] INFO  tiempos - Duracion del proceso intercambiarReferencias: 42700 ns
2025-09-10 18:45:20 [main] INFO  tiempos - Duracion del proceso intercambiarReferencias: 21800 ns
2025-09-10 18:45:20 [main] INFO  tiempos - Duracion del proceso intercambiarReferencias: 22000 ns
2025-09-10 18:45:20 [main] INFO  tiempos - Duracion del proceso intercambiarReferencias: 86700 ns
2025-09-10 18:45:20 [main] INFO  tiempos - Duracion de desencriptarFrase: 1046600 ns
2025-09-10 18:45:20 [main] INFO  tiempos - Duracion del proceso intercambiarReferencias: 54000 ns
2025-09-10 18:45:20 [main] INFO  tiempos - Duracion del proceso intercambiarReferencias: 152300 ns
2025-09-10 18:45:20 [main] INFO  tiempos - Duracion del proceso intercambiarReferencias: 103600 ns
2025-09-10 18:45:20 [main] INFO  tiempos - Duracion del proceso intercambiarReferencias: 27600 ns
2025-09-10 18:45:20 [main] INFO  tiempos - Duracion del proceso intercambiarReferencias: 77700 ns
2025-09-10 18:45:20 [main] INFO  tiempos - Duracion del proceso intercambiarReferencias: 27200 ns
2025-09-10 18:45:20 [main] INFO  tiempos - Duracion del proceso intercambiarReferencias: 50500 ns
2025-09-10 18:45:20 [main] INFO  tiempos - Duracion de encriptarFrase: 2077200 ns
2025-09-10 18:45:20 [main] INFO  tiempos - Duracion del proceso intercambiarReferencias: 53300 ns
2025-09-10 18:45:20 [main] INFO  tiempos - Duracion del proceso intercambiarReferencias: 163700 ns
2025-09-10 18:45:20 [main] INFO  tiempos - Duracion del proceso intercambiarReferencias: 135300 ns
2025-09-10 18:45:20 [main] INFO  tiempos - Duracion del proceso intercambiarReferencias: 39700 ns
2025-09-10 18:45:20 [main] INFO  tiempos - Duracion del proceso intercambiarReferencias: 133100 ns
2025-09-10 18:45:20 [main] INFO  tiempos - Duracion del proceso intercambiarReferencias: 50900 ns
2025-09-10 18:45:20 [main] INFO  tiempos - Duracion del proceso intercambiarReferencias: 82600 ns
2025-09-10 18:45:20 [main] INFO  tiempos - Duracion de desencriptarFrase: 890500 ns
2025-09-10 18:45:20 [main] INFO  tiempos - Duracion del proceso intercambiarReferencias: 68500 ns
2025-09-10 18:45:20 [main] INFO  tiempos - Duracion del proceso intercambiarReferencias: 34500 ns
2025-09-10 18:45:20 [main] INFO  tiempos - Duracion del proceso intercambiarReferencias: 33700 ns
2025-09-10 18:45:20 [main] INFO  tiempos - Duracion del proceso intercambiarReferencias: 144700 ns
2025-09-10 18:45:20 [main] INFO  tiempos - Duracion del proceso intercambiarReferencias: 120000 ns
2025-09-10 18:45:20 [main] INFO  tiempos - Duracion del proceso intercambiarReferencias: 36300 ns
2025-09-10 18:45:20 [main] INFO  tiempos - Duracion del proceso intercambiarReferencias: 119000 ns
2025-09-10 18:45:20 [main] INFO  tiempos - Duracion del proceso intercambiarReferencias: 96500 ns
2025-09-10 18:45:20 [main] INFO  tiempos - Duracion de encriptarFrase: 2189000 ns
2025-09-10 18:45:20 [main] INFO  tiempos - Duracion del proceso intercambiarReferencias: 60700 ns
2025-09-10 18:45:20 [main] INFO  tiempos - Duracion del proceso intercambiarReferencias: 23700 ns
2025-09-10 18:45:20 [main] INFO  tiempos - Duracion del proceso intercambiarReferencias: 22600 ns
2025-09-10 18:45:20 [main] INFO  tiempos - Duracion del proceso intercambiarReferencias: 41600 ns
2025-09-10 18:45:20 [main] INFO  tiempos - Duracion del proceso intercambiarReferencias: 65700 ns
2025-09-10 18:45:20 [main] INFO  tiempos - Duracion del proceso intercambiarReferencias: 56700 ns
2025-09-10 18:45:20 [main] INFO  tiempos - Duracion del proceso intercambiarReferencias: 166300 ns
2025-09-10 18:45:20 [main] INFO  tiempos - Duracion del proceso intercambiarReferencias: 138100 ns
2025-09-10 18:45:20 [main] INFO  tiempos - Duracion de desencriptarFrase: 751800 ns
2025-09-10 18:45:20 [main] INFO  tiempos - Duracion del proceso intercambiarReferencias: 93100 ns
2025-09-10 18:45:20 [main] INFO  tiempos - Duracion del proceso intercambiarReferencias: 85800 ns
2025-09-10 18:45:20 [main] INFO  tiempos - Duracion del proceso intercambiarReferencias: 46400 ns
2025-09-10 18:45:20 [main] INFO  tiempos - Duracion del proceso intercambiarReferencias: 43600 ns
2025-09-10 18:45:20 [main] INFO  tiempos - Duracion del proceso intercambiarReferencias: 63000 ns
2025-09-10 18:45:20 [main] INFO  tiempos - Duracion del proceso intercambiarReferencias: 48700 ns
2025-09-10 18:45:20 [main] INFO  tiempos - Duracion del proceso intercambiarReferencias: 42200 ns
2025-09-10 18:45:20 [main] INFO  tiempos - Duracion de encriptarFrase: 1404700 ns
2025-09-10 18:45:20 [main] INFO  tiempos - Duracion del proceso intercambiarReferencias: 54900 ns
2025-09-10 18:45:20 [main] INFO  tiempos - Duracion del proceso intercambiarReferencias: 44600 ns
2025-09-10 18:45:20 [main] INFO  tiempos - Duracion del proceso intercambiarReferencias: 43600 ns
2025-09-10 18:45:20 [main] INFO  tiempos - Duracion del proceso intercambiarReferencias: 28000 ns
2025-09-10 18:45:20 [main] INFO  tiempos - Duracion del proceso intercambiarReferencias: 90900 ns
2025-09-10 18:45:20 [main] INFO  tiempos - Duracion del proceso intercambiarReferencias: 43300 ns
2025-09-10 18:45:20 [main] INFO  tiempos - Duracion del proceso intercambiarReferencias: 45900 ns
2025-09-10 18:45:20 [main] INFO  tiempos - Duracion de desencriptarFrase: 478700 ns
2025-09-10 18:45:20 [main] INFO  tiempos - Duracion del proceso intercambiarReferencias: 65700 ns
2025-09-10 18:45:20 [main] INFO  tiempos - Duracion del proceso intercambiarReferencias: 64400 ns
2025-09-10 18:45:20 [main] INFO  tiempos - Duracion del proceso intercambiarReferencias: 41600 ns
2025-09-10 18:45:20 [main] INFO  tiempos - Duracion del proceso intercambiarReferencias: 61100 ns
2025-09-10 18:45:20 [main] INFO  tiempos - Duracion del proceso intercambiarReferencias: 23900 ns
2025-09-10 18:45:20 [main] INFO  tiempos - Duracion del proceso intercambiarReferencias: 83500 ns
2025-09-10 18:45:20 [main] INFO  tiempos - Duracion del proceso intercambiarReferencias: 31400 ns
2025-09-10 18:45:20 [main] INFO  tiempos - Duracion del proceso intercambiarReferencias: 40000 ns
2025-09-10 18:45:20 [main] INFO  tiempos - Duracion del proceso intercambiarReferencias: 58700 ns
2025-09-10 18:45:20 [main] INFO  tiempos - Duracion del proceso intercambiarReferencias: 228900 ns
2025-09-10 18:45:20 [main] INFO  tiempos - Duracion del proceso intercambiarReferencias: 62700 ns
2025-09-10 18:45:20 [main] INFO  tiempos - Duracion del proceso intercambiarReferencias: 60800 ns
2025-09-10 18:45:20 [main] INFO  tiempos - Duracion del proceso intercambiarReferencias: 40400 ns
2025-09-10 18:45:20 [main] INFO  tiempos - Duracion del proceso intercambiarReferencias: 42200 ns
2025-09-10 18:45:20 [main] INFO  tiempos - Duracion del proceso intercambiarReferencias: 100100 ns
2025-09-10 18:45:20 [main] INFO  tiempos - Duracion del proceso intercambiarReferencias: 136900 ns
2025-09-10 18:45:20 [main] INFO  tiempos - Duracion del proceso intercambiarReferencias: 79100 ns
2025-09-10 18:45:20 [main] INFO  tiempos - Duracion del proceso intercambiarReferencias: 26200 ns
2025-09-10 18:45:20 [main] INFO  tiempos - Duracion del proceso intercambiarReferencias: 39000 ns
2025-09-10 18:45:20 [main] INFO  tiempos - Duracion del proceso intercambiarReferencias: 38500 ns
2025-09-10 18:45:20 [main] INFO  tiempos - Duracion del proceso intercambiarReferencias: 37800 ns
2025-09-10 18:45:20 [main] INFO  tiempos - Duracion del proceso intercambiarReferencias: 55800 ns
2025-09-10 18:45:20 [main] INFO  tiempos - Duracion de encriptarFrase: 4858500 ns
2025-09-10 18:45:20 [main] INFO  tiempos - Duracion del proceso intercambiarReferencias: 69300 ns
2025-09-10 18:45:20 [main] INFO  tiempos - Duracion del proceso intercambiarReferencias: 60900 ns
2025-09-10 18:45:20 [main] INFO  tiempos - Duracion del proceso intercambiarReferencias: 42300 ns
2025-09-10 18:45:20 [main] INFO  tiempos - Duracion del proceso intercambiarReferencias: 61100 ns
2025-09-10 18:45:20 [main] INFO  tiempos - Duracion del proceso intercambiarReferencias: 20900 ns
2025-09-10 18:45:20 [main] INFO  tiempos - Duracion del proceso intercambiarReferencias: 78800 ns
2025-09-10 18:45:20 [main] INFO  tiempos - Duracion del proceso intercambiarReferencias: 20200 ns
2025-09-10 18:45:20 [main] INFO  tiempos - Duracion del proceso intercambiarReferencias: 56800 ns
2025-09-10 18:45:20 [main] INFO  tiempos - Duracion del proceso intercambiarReferencias: 40500 ns
2025-09-10 18:45:20 [main] INFO  tiempos - Duracion del proceso intercambiarReferencias: 102900 ns
2025-09-10 18:45:20 [main] INFO  tiempos - Duracion del proceso intercambiarReferencias: 62800 ns
2025-09-10 18:45:20 [main] INFO  tiempos - Duracion del proceso intercambiarReferencias: 106300 ns
2025-09-10 18:45:20 [main] INFO  tiempos - Duracion del proceso intercambiarReferencias: 86400 ns
2025-09-10 18:45:20 [main] INFO  tiempos - Duracion del proceso intercambiarReferencias: 111000 ns
2025-09-10 18:45:20 [main] INFO  tiempos - Duracion del proceso intercambiarReferencias: 150100 ns
2025-09-10 18:45:20 [main] INFO  tiempos - Duracion del proceso intercambiarReferencias: 62500 ns
2025-09-10 18:45:20 [main] INFO  tiempos - Duracion del proceso intercambiarReferencias: 39100 ns
2025-09-10 18:45:20 [main] INFO  tiempos - Duracion del proceso intercambiarReferencias: 45300 ns
2025-09-10 18:45:20 [main] INFO  tiempos - Duracion del proceso intercambiarReferencias: 86300 ns
2025-09-10 18:45:20 [main] INFO  tiempos - Duracion del proceso intercambiarReferencias: 61200 ns
2025-09-10 18:45:20 [main] INFO  tiempos - Duracion del proceso intercambiarReferencias: 61700 ns
2025-09-10 18:45:20 [main] INFO  tiempos - Duracion del proceso intercambiarReferencias: 61800 ns
2025-09-10 18:45:20 [main] INFO  tiempos - Duracion de desencriptarFrase: 1880000 ns
2025-09-10 18:45:20 [main] INFO  tiempos - Duracion del proceso intercambiarReferencias: 125900 ns
2025-09-10 18:45:20 [main] INFO  tiempos - Duracion del proceso intercambiarReferencias: 33900 ns
2025-09-10 18:45:20 [main] INFO  tiempos - Duracion del proceso intercambiarReferencias: 62400 ns
2025-09-10 18:45:20 [main] INFO  tiempos - Duracion del proceso intercambiarReferencias: 36200 ns
2025-09-10 18:45:20 [main] INFO  tiempos - Duracion del proceso intercambiarReferencias: 38300 ns
2025-09-10 18:45:20 [main] INFO  tiempos - Duracion del proceso intercambiarReferencias: 46300 ns
2025-09-10 18:45:20 [main] INFO  tiempos - Duracion del proceso intercambiarReferencias: 32500 ns
2025-09-10 18:45:20 [main] INFO  tiempos - Duracion del proceso intercambiarReferencias: 79900 ns
2025-09-10 18:45:20 [main] INFO  tiempos - Duracion del proceso intercambiarReferencias: 118000 ns
2025-09-10 18:45:20 [main] INFO  tiempos - Duracion del proceso intercambiarReferencias: 67000 ns
2025-09-10 18:45:20 [main] INFO  tiempos - Duracion del proceso intercambiarReferencias: 33100 ns
2025-09-10 18:45:20 [main] INFO  tiempos - Duracion del proceso intercambiarReferencias: 59700 ns
2025-09-10 18:45:20 [main] INFO  tiempos - Duracion del proceso intercambiarReferencias: 31700 ns
2025-09-10 18:45:20 [main] INFO  tiempos - Duracion del proceso intercambiarReferencias: 58900 ns
2025-09-10 18:45:20 [main] INFO  tiempos - Duracion del proceso intercambiarReferencias: 90800 ns
2025-09-10 18:45:20 [main] INFO  tiempos - Duracion de encriptarFrase: 3179000 ns
2025-09-10 18:45:20 [main] INFO  tiempos - Duracion del proceso intercambiarReferencias: 86900 ns
2025-09-10 18:45:20 [main] INFO  tiempos - Duracion del proceso intercambiarReferencias: 21900 ns
2025-09-10 18:45:20 [main] INFO  tiempos - Duracion del proceso intercambiarReferencias: 40200 ns
2025-09-10 18:45:20 [main] INFO  tiempos - Duracion del proceso intercambiarReferencias: 20600 ns
2025-09-10 18:45:20 [main] INFO  tiempos - Duracion del proceso intercambiarReferencias: 22100 ns
2025-09-10 18:45:20 [main] INFO  tiempos - Duracion del proceso intercambiarReferencias: 20500 ns
2025-09-10 18:45:20 [main] INFO  tiempos - Duracion del proceso intercambiarReferencias: 20400 ns
2025-09-10 18:45:20 [main] INFO  tiempos - Duracion del proceso intercambiarReferencias: 38700 ns
2025-09-10 18:45:20 [main] INFO  tiempos - Duracion del proceso intercambiarReferencias: 56500 ns
2025-09-10 18:45:20 [main] INFO  tiempos - Duracion del proceso intercambiarReferencias: 38200 ns
2025-09-10 18:45:20 [main] INFO  tiempos - Duracion del proceso intercambiarReferencias: 19600 ns
2025-09-10 18:45:20 [main] INFO  tiempos - Duracion del proceso intercambiarReferencias: 38400 ns
2025-09-10 18:45:20 [main] INFO  tiempos - Duracion del proceso intercambiarReferencias: 19500 ns
2025-09-10 18:45:20 [main] INFO  tiempos - Duracion del proceso intercambiarReferencias: 39400 ns
2025-09-10 18:45:20 [main] INFO  tiempos - Duracion del proceso intercambiarReferencias: 43300 ns
2025-09-10 18:45:20 [main] INFO  tiempos - Duracion de desencriptarFrase: 709300 ns
2025-09-10 18:45:20 [main] INFO  tiempos - Duracion del proceso intercambiarReferencias: 38100 ns
2025-09-10 18:45:20 [main] INFO  tiempos - Duracion del proceso intercambiarReferencias: 100400 ns
2025-09-10 18:45:20 [main] INFO  tiempos - Duracion del proceso intercambiarReferencias: 38400 ns
2025-09-10 18:45:20 [main] INFO  tiempos - Duracion del proceso intercambiarReferencias: 259100 ns
2025-09-10 18:45:20 [main] INFO  tiempos - Duracion del proceso intercambiarReferencias: 33200 ns
2025-09-10 18:45:20 [main] INFO  tiempos - Duracion del proceso intercambiarReferencias: 65600 ns
2025-09-10 18:45:20 [main] INFO  tiempos - Duracion del proceso intercambiarReferencias: 35300 ns
2025-09-10 18:45:20 [main] INFO  tiempos - Duracion del proceso intercambiarReferencias: 95300 ns
2025-09-10 18:45:20 [main] INFO  tiempos - Duracion del proceso intercambiarReferencias: 70800 ns
2025-09-10 18:45:20 [main] INFO  tiempos - Duracion del proceso intercambiarReferencias: 175700 ns
2025-09-10 18:45:20 [main] INFO  tiempos - Duracion del proceso intercambiarReferencias: 36900 ns
2025-09-10 18:45:20 [main] INFO  tiempos - Duracion del proceso intercambiarReferencias: 39300 ns
2025-09-10 18:45:20 [main] INFO  tiempos - Duracion del proceso intercambiarReferencias: 57800 ns
2025-09-10 18:45:20 [main] INFO  tiempos - Duracion del proceso intercambiarReferencias: 19400 ns
2025-09-10 18:45:20 [main] INFO  tiempos - Duracion del proceso intercambiarReferencias: 18800 ns
2025-09-10 18:45:20 [main] INFO  tiempos - Duracion del proceso intercambiarReferencias: 58200 ns
2025-09-10 18:45:20 [main] INFO  tiempos - Duracion del proceso intercambiarReferencias: 19100 ns
2025-09-10 18:45:20 [main] INFO  tiempos - Duracion del proceso intercambiarReferencias: 19300 ns
2025-09-10 18:45:20 [main] INFO  tiempos - Duracion de encriptarFrase: 4340200 ns
2025-09-10 18:45:20 [main] INFO  tiempos - Duracion del proceso intercambiarReferencias: 27100 ns
2025-09-10 18:45:20 [main] INFO  tiempos - Duracion del proceso intercambiarReferencias: 58900 ns
2025-09-10 18:45:20 [main] INFO  tiempos - Duracion del proceso intercambiarReferencias: 20000 ns
2025-09-10 18:45:20 [main] INFO  tiempos - Duracion del proceso intercambiarReferencias: 135100 ns
2025-09-10 18:45:20 [main] INFO  tiempos - Duracion del proceso intercambiarReferencias: 19800 ns
2025-09-10 18:45:20 [main] INFO  tiempos - Duracion del proceso intercambiarReferencias: 37400 ns
2025-09-10 18:45:20 [main] INFO  tiempos - Duracion del proceso intercambiarReferencias: 19200 ns
2025-09-10 18:45:20 [main] INFO  tiempos - Duracion del proceso intercambiarReferencias: 37500 ns
2025-09-10 18:45:20 [main] INFO  tiempos - Duracion del proceso intercambiarReferencias: 41600 ns
2025-09-10 18:45:20 [main] INFO  tiempos - Duracion del proceso intercambiarReferencias: 91400 ns
2025-09-10 18:45:20 [main] INFO  tiempos - Duracion del proceso intercambiarReferencias: 19500 ns
2025-09-10 18:45:20 [main] INFO  tiempos - Duracion del proceso intercambiarReferencias: 37400 ns
2025-09-10 18:45:20 [main] INFO  tiempos - Duracion del proceso intercambiarReferencias: 55800 ns
2025-09-10 18:45:20 [main] INFO  tiempos - Duracion del proceso intercambiarReferencias: 19200 ns
2025-09-10 18:45:20 [main] INFO  tiempos - Duracion del proceso intercambiarReferencias: 21300 ns
2025-09-10 18:45:20 [main] INFO  tiempos - Duracion del proceso intercambiarReferencias: 56800 ns
2025-09-10 18:45:20 [main] INFO  tiempos - Duracion del proceso intercambiarReferencias: 19000 ns
2025-09-10 18:45:20 [main] INFO  tiempos - Duracion del proceso intercambiarReferencias: 19400 ns
2025-09-10 18:45:20 [main] INFO  tiempos - Duracion de desencriptarFrase: 915400 ns
2025-09-10 18:45:20 [main] INFO  tiempos - Duracion del proceso intercambiarReferencias: 38600 ns
2025-09-10 18:45:20 [main] INFO  tiempos - Duracion del proceso intercambiarReferencias: 82800 ns
2025-09-10 18:45:20 [main] INFO  tiempos - Duracion del proceso intercambiarReferencias: 20300 ns
2025-09-10 18:45:20 [main] INFO  tiempos - Duracion del proceso intercambiarReferencias: 38000 ns
2025-09-10 18:45:20 [main] INFO  tiempos - Duracion del proceso intercambiarReferencias: 18900 ns
2025-09-10 18:45:20 [main] INFO  tiempos - Duracion del proceso intercambiarReferencias: 37800 ns
2025-09-10 18:45:20 [main] INFO  tiempos - Duracion del proceso intercambiarReferencias: 38400 ns
2025-09-10 18:45:20 [main] INFO  tiempos - Duracion del proceso intercambiarReferencias: 22400 ns
2025-09-10 18:45:20 [main] INFO  tiempos - Duracion del proceso intercambiarReferencias: 19600 ns
2025-09-10 18:45:20 [main] INFO  tiempos - Duracion del proceso intercambiarReferencias: 201700 ns
2025-09-10 18:45:20 [main] INFO  tiempos - intercambiarReferencias duration: 0 ms
2025-09-10 18:45:20 [main] INFO  tiempos - Duracion del proceso intercambiarReferencias: 15500 ns
2025-09-10 18:45:20 [main] INFO  tiempos - Duracion del proceso intercambiarReferencias: 21400 ns
2025-09-10 18:45:20 [main] INFO  tiempos - Duracion del proceso intercambiarReferencias: 56600 ns
2025-09-10 18:45:20 [main] INFO  tiempos - Duracion del proceso intercambiarReferencias: 24700 ns
2025-09-10 18:45:20 [main] INFO  tiempos - Duracion del proceso intercambiarReferencias: 240400 ns
2025-09-10 18:45:20 [main] INFO  tiempos - Duracion del proceso intercambiarReferencias: 123100 ns
2025-09-10 18:45:20 [main] INFO  tiempos - Duracion de encriptarFrase: 2929100 ns
2025-09-10 18:45:21 [main] INFO  tiempos - Duracion del proceso intercambiarReferencias: 52900 ns
2025-09-10 18:45:21 [main] INFO  tiempos - Duracion del proceso intercambiarReferencias: 45100 ns
2025-09-10 18:45:21 [main] INFO  tiempos - Duracion del proceso intercambiarReferencias: 20800 ns
2025-09-10 18:45:21 [main] INFO  tiempos - Duracion del proceso intercambiarReferencias: 96800 ns
2025-09-10 18:45:21 [main] INFO  tiempos - Duracion del proceso intercambiarReferencias: 37000 ns
2025-09-10 18:45:21 [main] INFO  tiempos - Duracion del proceso intercambiarReferencias: 96200 ns
2025-09-10 18:45:21 [main] INFO  tiempos - Duracion del proceso intercambiarReferencias: 94300 ns
2025-09-10 18:45:21 [main] INFO  tiempos - Duracion del proceso intercambiarReferencias: 51100 ns
2025-09-10 18:45:21 [main] INFO  tiempos - Duracion del proceso intercambiarReferencias: 39800 ns
2025-09-10 18:45:21 [main] INFO  tiempos - Duracion del proceso intercambiarReferencias: 52900 ns
2025-09-10 18:45:21 [main] INFO  tiempos - intercambiarReferencias duration: 0 ms
2025-09-10 18:45:21 [main] INFO  tiempos - Duracion del proceso intercambiarReferencias: 15900 ns
2025-09-10 18:45:21 [main] INFO  tiempos - Duracion del proceso intercambiarReferencias: 20100 ns
2025-09-10 18:45:21 [main] INFO  tiempos - Duracion del proceso intercambiarReferencias: 84600 ns
2025-09-10 18:45:21 [main] INFO  tiempos - Duracion del proceso intercambiarReferencias: 22000 ns
2025-09-10 18:45:21 [main] INFO  tiempos - Duracion del proceso intercambiarReferencias: 165000 ns
2025-09-10 18:45:21 [main] INFO  tiempos - Duracion del proceso intercambiarReferencias: 111200 ns
2025-09-10 18:45:21 [main] INFO  tiempos - Duracion de desencriptarFrase: 1350600 ns
2025-09-10 18:45:21 [main] INFO  tiempos - Duracion del proceso intercambiarReferencias: 38000 ns
2025-09-10 18:45:21 [main] INFO  tiempos - Duracion del proceso intercambiarReferencias: 58400 ns
2025-09-10 18:45:21 [main] INFO  tiempos - Duracion del proceso intercambiarReferencias: 82100 ns
2025-09-10 18:45:21 [main] INFO  tiempos - Duracion del proceso intercambiarReferencias: 19800 ns
2025-09-10 18:45:21 [main] INFO  tiempos - Duracion del proceso intercambiarReferencias: 19100 ns
2025-09-10 18:45:21 [main] INFO  tiempos - Duracion del proceso intercambiarReferencias: 43700 ns
2025-09-10 18:45:21 [main] INFO  tiempos - Duracion del proceso intercambiarReferencias: 138600 ns
2025-09-10 18:45:21 [main] INFO  tiempos - Duracion del proceso intercambiarReferencias: 38900 ns
2025-09-10 18:45:21 [main] INFO  tiempos - Duracion del proceso intercambiarReferencias: 51500 ns
2025-09-10 18:45:21 [main] INFO  tiempos - Duracion del proceso intercambiarReferencias: 27100 ns
2025-09-10 18:45:21 [main] INFO  tiempos - Duracion del proceso intercambiarReferencias: 18400 ns
2025-09-10 18:45:21 [main] INFO  tiempos - Duracion del proceso intercambiarReferencias: 21400 ns
2025-09-10 18:45:21 [main] INFO  tiempos - Duracion del proceso intercambiarReferencias: 54700 ns
2025-09-10 18:45:21 [main] INFO  tiempos - Duracion del proceso intercambiarReferencias: 41200 ns
2025-09-10 18:45:21 [main] INFO  tiempos - Duracion del proceso intercambiarReferencias: 18300 ns
2025-09-10 18:45:21 [main] INFO  tiempos - Duracion del proceso intercambiarReferencias: 118200 ns
2025-09-10 18:45:21 [main] INFO  tiempos - Duracion del proceso intercambiarReferencias: 29400 ns
2025-09-10 18:45:21 [main] INFO  tiempos - Duracion del proceso intercambiarReferencias: 169000 ns
2025-09-10 18:45:21 [main] INFO  tiempos - Duracion de encriptarFrase: 3331800 ns
2025-09-10 18:45:21 [main] INFO  tiempos - Duracion del proceso intercambiarReferencias: 45900 ns
2025-09-10 18:45:21 [main] INFO  tiempos - Duracion del proceso intercambiarReferencias: 31100 ns
2025-09-10 18:45:21 [main] INFO  tiempos - Duracion del proceso intercambiarReferencias: 93300 ns
2025-09-10 18:45:21 [main] INFO  tiempos - Duracion del proceso intercambiarReferencias: 31200 ns
2025-09-10 18:45:21 [main] INFO  tiempos - Duracion del proceso intercambiarReferencias: 31700 ns
2025-09-10 18:45:21 [main] INFO  tiempos - Duracion del proceso intercambiarReferencias: 30600 ns
2025-09-10 18:45:21 [main] INFO  tiempos - Duracion del proceso intercambiarReferencias: 136800 ns
2025-09-10 18:45:21 [main] INFO  tiempos - Duracion del proceso intercambiarReferencias: 61600 ns
2025-09-10 18:45:21 [main] INFO  tiempos - Duracion del proceso intercambiarReferencias: 61700 ns
2025-09-10 18:45:21 [main] INFO  tiempos - Duracion del proceso intercambiarReferencias: 36200 ns
2025-09-10 18:45:21 [main] INFO  tiempos - Duracion del proceso intercambiarReferencias: 35200 ns
2025-09-10 18:45:21 [main] INFO  tiempos - Duracion del proceso intercambiarReferencias: 32600 ns
2025-09-10 18:45:21 [main] INFO  tiempos - Duracion del proceso intercambiarReferencias: 90800 ns
2025-09-10 18:45:21 [main] INFO  tiempos - Duracion del proceso intercambiarReferencias: 64700 ns
2025-09-10 18:45:21 [main] INFO  tiempos - Duracion del proceso intercambiarReferencias: 29300 ns
2025-09-10 18:45:21 [main] INFO  tiempos - Duracion del proceso intercambiarReferencias: 120100 ns
2025-09-10 18:45:21 [main] INFO  tiempos - Duracion del proceso intercambiarReferencias: 30000 ns
2025-09-10 18:45:21 [main] INFO  tiempos - Duracion del proceso intercambiarReferencias: 176400 ns
2025-09-10 18:45:21 [main] INFO  tiempos - Duracion de desencriptarFrase: 1501500 ns
2025-09-10 18:45:21 [main] INFO  tiempos - Duracion del proceso intercambiarReferencias: 105300 ns
2025-09-10 18:45:21 [main] INFO  tiempos - Duracion del proceso intercambiarReferencias: 46900 ns
2025-09-10 18:45:21 [main] INFO  tiempos - Duracion del proceso intercambiarReferencias: 30400 ns
2025-09-10 18:45:21 [main] INFO  tiempos - Duracion del proceso intercambiarReferencias: 157800 ns
2025-09-10 18:45:21 [main] INFO  tiempos - Duracion del proceso intercambiarReferencias: 122800 ns
2025-09-10 18:45:21 [main] INFO  tiempos - Duracion del proceso intercambiarReferencias: 92900 ns
2025-09-10 18:45:21 [main] INFO  tiempos - Duracion del proceso intercambiarReferencias: 42900 ns
2025-09-10 18:45:21 [main] INFO  tiempos - Duracion de encriptarFrase: 2501900 ns
2025-09-10 18:45:21 [main] INFO  tiempos - Duracion del proceso intercambiarReferencias: 131200 ns
2025-09-10 18:45:21 [main] INFO  tiempos - Duracion del proceso intercambiarReferencias: 32700 ns
2025-09-10 18:45:21 [main] INFO  tiempos - Duracion del proceso intercambiarReferencias: 31900 ns
2025-09-10 18:45:21 [main] INFO  tiempos - Duracion del proceso intercambiarReferencias: 60200 ns
2025-09-10 18:45:21 [main] INFO  tiempos - Duracion del proceso intercambiarReferencias: 50400 ns
2025-09-10 18:45:21 [main] INFO  tiempos - Duracion del proceso intercambiarReferencias: 211400 ns
2025-09-10 18:45:21 [main] INFO  tiempos - Duracion del proceso intercambiarReferencias: 35200 ns
2025-09-10 18:45:21 [main] INFO  tiempos - Duracion de desencriptarFrase: 757100 ns
2025-09-10 18:45:21 [main] INFO  tiempos - Duracion del proceso intercambiarReferencias: 69200 ns
2025-09-10 18:45:21 [main] INFO  tiempos - Duracion del proceso intercambiarReferencias: 222600 ns
2025-09-10 18:45:21 [main] INFO  tiempos - Duracion del proceso intercambiarReferencias: 115800 ns
2025-09-10 18:45:21 [main] INFO  tiempos - Duracion del proceso intercambiarReferencias: 66800 ns
2025-09-10 18:45:21 [main] INFO  tiempos - Duracion del proceso intercambiarReferencias: 91500 ns
2025-09-10 18:45:21 [main] INFO  tiempos - Duracion del proceso intercambiarReferencias: 119600 ns
2025-09-10 18:45:21 [main] INFO  tiempos - Duracion del proceso intercambiarReferencias: 94500 ns
2025-09-10 18:45:21 [main] INFO  tiempos - Duracion del proceso intercambiarReferencias: 32600 ns
2025-09-10 18:45:21 [main] INFO  tiempos - Duracion del proceso intercambiarReferencias: 114100 ns
2025-09-10 18:45:21 [main] INFO  tiempos - Duracion del proceso intercambiarReferencias: 135700 ns
2025-09-10 18:45:21 [main] INFO  tiempos - Duracion del proceso intercambiarReferencias: 433700 ns
2025-09-10 18:45:21 [main] INFO  tiempos - Duracion del proceso intercambiarReferencias: 75200 ns
2025-09-10 18:45:21 [main] INFO  tiempos - Duracion del proceso intercambiarReferencias: 28300 ns
2025-09-10 18:45:21 [main] INFO  tiempos - Duracion de encriptarFrase: 6041300 ns
2025-09-10 18:45:21 [main] INFO  tiempos - Duracion del proceso intercambiarReferencias: 189300 ns
2025-09-10 18:45:21 [main] INFO  tiempos - Duracion del proceso intercambiarReferencias: 100900 ns
2025-09-10 18:45:21 [main] INFO  tiempos - Duracion del proceso intercambiarReferencias: 68800 ns
2025-09-10 18:45:21 [main] INFO  tiempos - Duracion del proceso intercambiarReferencias: 56900 ns
2025-09-10 18:45:21 [main] INFO  tiempos - Duracion del proceso intercambiarReferencias: 83900 ns
2025-09-10 18:45:21 [main] INFO  tiempos - Duracion del proceso intercambiarReferencias: 86300 ns
2025-09-10 18:45:21 [main] INFO  tiempos - Duracion del proceso intercambiarReferencias: 29800 ns
2025-09-10 18:45:21 [main] INFO  tiempos - Duracion del proceso intercambiarReferencias: 34300 ns
2025-09-10 18:45:21 [main] INFO  tiempos - Duracion del proceso intercambiarReferencias: 35200 ns
2025-09-10 18:45:21 [main] INFO  tiempos - Duracion del proceso intercambiarReferencias: 88700 ns
2025-09-10 18:45:21 [main] INFO  tiempos - Duracion del proceso intercambiarReferencias: 56600 ns
2025-09-10 18:45:21 [main] INFO  tiempos - Duracion del proceso intercambiarReferencias: 74700 ns
2025-09-10 18:45:21 [main] INFO  tiempos - Duracion del proceso intercambiarReferencias: 93700 ns
2025-09-10 18:45:21 [main] INFO  tiempos - Duracion de desencriptarFrase: 1254300 ns
2025-09-10 18:45:21 [main] INFO  tiempos - Duracion del proceso intercambiarReferencias: 27900 ns
2025-09-10 18:45:21 [main] INFO  tiempos - Duracion del proceso intercambiarReferencias: 62600 ns
2025-09-10 18:45:21 [main] INFO  tiempos - Duracion del proceso intercambiarReferencias: 28200 ns
2025-09-10 18:45:21 [main] INFO  tiempos - Duracion del proceso intercambiarReferencias: 27800 ns
2025-09-10 18:45:21 [main] INFO  tiempos - Duracion del proceso intercambiarReferencias: 29300 ns
2025-09-10 18:45:21 [main] INFO  tiempos - Duracion del proceso intercambiarReferencias: 54600 ns
2025-09-10 18:45:21 [main] INFO  tiempos - Duracion del proceso intercambiarReferencias: 30200 ns
2025-09-10 18:45:21 [main] INFO  tiempos - Duracion del proceso intercambiarReferencias: 57200 ns
2025-09-10 18:45:21 [main] INFO  tiempos - Duracion del proceso intercambiarReferencias: 86000 ns
2025-09-10 18:45:21 [main] INFO  tiempos - Duracion del proceso intercambiarReferencias: 366800 ns
2025-09-10 18:45:21 [main] INFO  tiempos - Duracion del proceso intercambiarReferencias: 59000 ns
2025-09-10 18:45:21 [main] INFO  tiempos - Duracion del proceso intercambiarReferencias: 106600 ns
2025-09-10 18:45:21 [main] INFO  tiempos - Duracion de encriptarFrase: 2766600 ns
2025-09-10 18:45:21 [main] INFO  tiempos - Duracion del proceso intercambiarReferencias: 44000 ns
2025-09-10 18:45:21 [main] INFO  tiempos - Duracion del proceso intercambiarReferencias: 61500 ns
2025-09-10 18:45:21 [main] INFO  tiempos - Duracion del proceso intercambiarReferencias: 26200 ns
2025-09-10 18:45:21 [main] INFO  tiempos - Duracion del proceso intercambiarReferencias: 26000 ns
2025-09-10 18:45:21 [main] INFO  tiempos - Duracion del proceso intercambiarReferencias: 28000 ns
2025-09-10 18:45:21 [main] INFO  tiempos - Duracion del proceso intercambiarReferencias: 54800 ns
2025-09-10 18:45:21 [main] INFO  tiempos - Duracion del proceso intercambiarReferencias: 26800 ns
2025-09-10 18:45:21 [main] INFO  tiempos - Duracion del proceso intercambiarReferencias: 54400 ns
2025-09-10 18:45:21 [main] INFO  tiempos - Duracion del proceso intercambiarReferencias: 84200 ns
2025-09-10 18:45:21 [main] INFO  tiempos - Duracion del proceso intercambiarReferencias: 85900 ns
2025-09-10 18:45:21 [main] INFO  tiempos - Duracion del proceso intercambiarReferencias: 56300 ns
2025-09-10 18:45:21 [main] INFO  tiempos - Duracion del proceso intercambiarReferencias: 107900 ns
2025-09-10 18:45:21 [main] INFO  tiempos - Duracion de desencriptarFrase: 865900 ns
2025-09-10 18:45:21 [main] INFO  tiempos - Duracion del proceso intercambiarReferencias: 111200 ns
2025-09-10 18:45:21 [main] INFO  tiempos - Duracion del proceso intercambiarReferencias: 27100 ns
2025-09-10 18:45:21 [main] INFO  tiempos - Duracion del proceso intercambiarReferencias: 82900 ns
2025-09-10 18:45:21 [main] INFO  tiempos - Duracion del proceso intercambiarReferencias: 81600 ns
2025-09-10 18:45:21 [main] INFO  tiempos - Duracion del proceso intercambiarReferencias: 84800 ns
2025-09-10 18:45:21 [main] INFO  tiempos - Duracion del proceso intercambiarReferencias: 26500 ns
2025-09-10 18:45:21 [main] INFO  tiempos - Duracion del proceso intercambiarReferencias: 28300 ns
2025-09-10 18:45:21 [main] INFO  tiempos - Duracion del proceso intercambiarReferencias: 88200 ns
2025-09-10 18:45:21 [main] INFO  tiempos - Duracion del proceso intercambiarReferencias: 78800 ns
2025-09-10 18:45:21 [main] INFO  tiempos - Duracion del proceso intercambiarReferencias: 51200 ns
2025-09-10 18:45:21 [main] INFO  tiempos - Duracion del proceso intercambiarReferencias: 51900 ns
2025-09-10 18:45:21 [main] INFO  tiempos - Duracion del proceso intercambiarReferencias: 29800 ns
2025-09-10 18:45:21 [main] INFO  tiempos - Duracion del proceso intercambiarReferencias: 102900 ns
2025-09-10 18:45:21 [main] INFO  tiempos - Duracion del proceso intercambiarReferencias: 25000 ns
2025-09-10 18:45:21 [main] INFO  tiempos - Duracion del proceso intercambiarReferencias: 28700 ns
2025-09-10 18:45:21 [main] INFO  tiempos - Duracion del proceso intercambiarReferencias: 120000 ns
2025-09-10 18:45:21 [main] INFO  tiempos - Duracion del proceso intercambiarReferencias: 25400 ns
2025-09-10 18:45:21 [main] INFO  tiempos - Duracion del proceso intercambiarReferencias: 83800 ns
2025-09-10 18:45:21 [main] INFO  tiempos - Duracion de encriptarFrase: 4238900 ns
2025-09-10 18:45:21 [main] INFO  tiempos - Duracion del proceso intercambiarReferencias: 27200 ns
2025-09-10 18:45:21 [main] INFO  tiempos - Duracion del proceso intercambiarReferencias: 17900 ns
2025-09-10 18:45:21 [main] INFO  tiempos - Duracion del proceso intercambiarReferencias: 49500 ns
2025-09-10 18:45:21 [main] INFO  tiempos - Duracion del proceso intercambiarReferencias: 49500 ns
2025-09-10 18:45:21 [main] INFO  tiempos - Duracion del proceso intercambiarReferencias: 49700 ns
2025-09-10 18:45:21 [main] INFO  tiempos - Duracion del proceso intercambiarReferencias: 19600 ns
2025-09-10 18:45:21 [main] INFO  tiempos - Duracion del proceso intercambiarReferencias: 16700 ns
2025-09-10 18:45:21 [main] INFO  tiempos - Duracion del proceso intercambiarReferencias: 49100 ns
2025-09-10 18:45:21 [main] INFO  tiempos - Duracion del proceso intercambiarReferencias: 49000 ns
2025-09-10 18:45:21 [main] INFO  tiempos - Duracion del proceso intercambiarReferencias: 59400 ns
2025-09-10 18:45:21 [main] INFO  tiempos - Duracion del proceso intercambiarReferencias: 48500 ns
2025-09-10 18:45:21 [main] INFO  tiempos - Duracion del proceso intercambiarReferencias: 30400 ns
2025-09-10 18:45:21 [main] INFO  tiempos - Duracion del proceso intercambiarReferencias: 79200 ns
2025-09-10 18:45:21 [main] INFO  tiempos - Duracion del proceso intercambiarReferencias: 23100 ns
2025-09-10 18:45:21 [main] INFO  tiempos - Duracion del proceso intercambiarReferencias: 21800 ns
2025-09-10 18:45:21 [main] INFO  tiempos - Duracion del proceso intercambiarReferencias: 71600 ns
2025-09-10 18:45:21 [main] INFO  tiempos - Duracion del proceso intercambiarReferencias: 16300 ns
2025-09-10 18:45:21 [main] INFO  tiempos - Duracion del proceso intercambiarReferencias: 67400 ns
2025-09-10 18:45:21 [main] INFO  tiempos - Duracion de desencriptarFrase: 955900 ns
2025-09-10 18:45:21 [main] INFO  tiempos - Duracion del proceso intercambiarReferencias: 35800 ns
2025-09-10 18:45:21 [main] INFO  tiempos - Duracion del proceso intercambiarReferencias: 110000 ns
2025-09-10 18:45:21 [main] INFO  tiempos - Duracion del proceso intercambiarReferencias: 35600 ns
2025-09-10 18:45:21 [main] INFO  tiempos - Duracion del proceso intercambiarReferencias: 109100 ns
2025-09-10 18:45:21 [main] INFO  tiempos - Duracion del proceso intercambiarReferencias: 35600 ns
2025-09-10 18:45:21 [main] INFO  tiempos - Duracion del proceso intercambiarReferencias: 32400 ns
2025-09-10 18:45:21 [main] INFO  tiempos - Duracion del proceso intercambiarReferencias: 66800 ns
2025-09-10 18:45:21 [main] INFO  tiempos - Duracion del proceso intercambiarReferencias: 34700 ns
2025-09-10 18:45:21 [main] INFO  tiempos - Duracion del proceso intercambiarReferencias: 70900 ns
2025-09-10 18:45:21 [main] INFO  tiempos - Duracion del proceso intercambiarReferencias: 103100 ns
2025-09-10 18:45:21 [main] INFO  tiempos - Duracion del proceso intercambiarReferencias: 34800 ns
2025-09-10 18:45:21 [main] INFO  tiempos - Duracion del proceso intercambiarReferencias: 33400 ns
2025-09-10 18:45:21 [main] INFO  tiempos - Duracion del proceso intercambiarReferencias: 144100 ns
2025-09-10 18:45:21 [main] INFO  tiempos - Duracion del proceso intercambiarReferencias: 15700 ns
2025-09-10 18:45:21 [main] INFO  tiempos - Duracion del proceso intercambiarReferencias: 31400 ns
2025-09-10 18:45:21 [main] INFO  tiempos - Duracion del proceso intercambiarReferencias: 17300 ns
2025-09-10 18:45:21 [main] INFO  tiempos - Duracion del proceso intercambiarReferencias: 17200 ns
2025-09-10 18:45:21 [main] INFO  tiempos - Duracion del proceso intercambiarReferencias: 105900 ns
2025-09-10 18:45:21 [main] INFO  tiempos - Duracion del proceso intercambiarReferencias: 16700 ns
2025-09-10 18:45:21 [main] INFO  tiempos - Duracion del proceso intercambiarReferencias: 31600 ns
2025-09-10 18:45:21 [main] INFO  tiempos - Duracion de encriptarFrase: 4116900 ns
2025-09-10 18:45:21 [main] INFO  tiempos - Duracion del proceso intercambiarReferencias: 34100 ns
2025-09-10 18:45:21 [main] INFO  tiempos - Duracion del proceso intercambiarReferencias: 70600 ns
2025-09-10 18:45:21 [main] INFO  tiempos - Duracion del proceso intercambiarReferencias: 16600 ns
2025-09-10 18:45:21 [main] INFO  tiempos - Duracion del proceso intercambiarReferencias: 47400 ns
2025-09-10 18:45:21 [main] INFO  tiempos - Duracion del proceso intercambiarReferencias: 15800 ns
2025-09-10 18:45:21 [main] INFO  tiempos - Duracion del proceso intercambiarReferencias: 15700 ns
2025-09-10 18:45:21 [main] INFO  tiempos - Duracion del proceso intercambiarReferencias: 30900 ns
2025-09-10 18:45:21 [main] INFO  tiempos - Duracion del proceso intercambiarReferencias: 15800 ns
2025-09-10 18:45:21 [main] INFO  tiempos - Duracion del proceso intercambiarReferencias: 32200 ns
2025-09-10 18:45:21 [main] INFO  tiempos - Duracion del proceso intercambiarReferencias: 50700 ns
2025-09-10 18:45:21 [main] INFO  tiempos - Duracion del proceso intercambiarReferencias: 16100 ns
2025-09-10 18:45:21 [main] INFO  tiempos - Duracion del proceso intercambiarReferencias: 15700 ns
2025-09-10 18:45:21 [main] INFO  tiempos - Duracion del proceso intercambiarReferencias: 62600 ns
2025-09-10 18:45:21 [main] INFO  tiempos - Duracion del proceso intercambiarReferencias: 15800 ns
2025-09-10 18:45:21 [main] INFO  tiempos - Duracion del proceso intercambiarReferencias: 31300 ns
2025-09-10 18:45:21 [main] INFO  tiempos - Duracion del proceso intercambiarReferencias: 16000 ns
2025-09-10 18:45:21 [main] INFO  tiempos - Duracion del proceso intercambiarReferencias: 16000 ns
2025-09-10 18:45:21 [main] INFO  tiempos - Duracion del proceso intercambiarReferencias: 65300 ns
2025-09-10 18:45:21 [main] INFO  tiempos - Duracion del proceso intercambiarReferencias: 16100 ns
2025-09-10 18:45:21 [main] INFO  tiempos - Duracion del proceso intercambiarReferencias: 53900 ns
2025-09-10 18:45:21 [main] INFO  tiempos - Duracion de desencriptarFrase: 835000 ns
2025-09-10 18:45:21 [main] INFO  tiempos - Duracion del proceso intercambiarReferencias: 28100 ns
2025-09-10 18:45:21 [main] INFO  tiempos - Duracion del proceso intercambiarReferencias: 76700 ns
2025-09-10 18:45:21 [main] INFO  tiempos - Duracion del proceso intercambiarReferencias: 26400 ns
2025-09-10 18:45:21 [main] INFO  tiempos - Duracion del proceso intercambiarReferencias: 52700 ns
2025-09-10 18:45:21 [main] INFO  tiempos - Duracion del proceso intercambiarReferencias: 27200 ns
2025-09-10 18:45:21 [main] INFO  tiempos - intercambiarReferencias duration: 0 ms
2025-09-10 18:45:21 [main] INFO  tiempos - Duracion del proceso intercambiarReferencias: 71200 ns
2025-09-10 18:45:21 [main] INFO  tiempos - Duracion del proceso intercambiarReferencias: 102700 ns
2025-09-10 18:45:21 [main] INFO  tiempos - Duracion del proceso intercambiarReferencias: 47600 ns
2025-09-10 18:45:21 [main] INFO  tiempos - Duracion del proceso intercambiarReferencias: 27700 ns
2025-09-10 18:45:21 [main] INFO  tiempos - Duracion del proceso intercambiarReferencias: 70400 ns
2025-09-10 18:45:21 [main] INFO  tiempos - Duracion del proceso intercambiarReferencias: 24100 ns
2025-09-10 18:45:21 [main] INFO  tiempos - Duracion del proceso intercambiarReferencias: 46900 ns
2025-09-10 18:45:21 [main] INFO  tiempos - Duracion del proceso intercambiarReferencias: 47500 ns
2025-09-10 18:45:21 [main] INFO  tiempos - Duracion de encriptarFrase: 2415300 ns
2025-09-10 18:45:21 [main] INFO  tiempos - Duracion del proceso intercambiarReferencias: 48500 ns
2025-09-10 18:45:21 [main] INFO  tiempos - Duracion del proceso intercambiarReferencias: 166800 ns
2025-09-10 18:45:21 [main] INFO  tiempos - Duracion del proceso intercambiarReferencias: 26200 ns
2025-09-10 18:45:21 [main] INFO  tiempos - Duracion del proceso intercambiarReferencias: 50800 ns
2025-09-10 18:45:21 [main] INFO  tiempos - Duracion del proceso intercambiarReferencias: 24100 ns
2025-09-10 18:45:21 [main] INFO  tiempos - intercambiarReferencias duration: 0 ms
2025-09-10 18:45:21 [main] INFO  tiempos - Duracion del proceso intercambiarReferencias: 20000 ns
2025-09-10 18:45:21 [main] INFO  tiempos - Duracion del proceso intercambiarReferencias: 109800 ns
2025-09-10 18:45:21 [main] INFO  tiempos - Duracion del proceso intercambiarReferencias: 53600 ns
2025-09-10 18:45:21 [main] INFO  tiempos - Duracion del proceso intercambiarReferencias: 25500 ns
2025-09-10 18:45:21 [main] INFO  tiempos - Duracion del proceso intercambiarReferencias: 82600 ns
2025-09-10 18:45:21 [main] INFO  tiempos - Duracion del proceso intercambiarReferencias: 29000 ns
2025-09-10 18:45:21 [main] INFO  tiempos - Duracion del proceso intercambiarReferencias: 61200 ns
2025-09-10 18:45:21 [main] INFO  tiempos - Duracion del proceso intercambiarReferencias: 59800 ns
2025-09-10 18:45:21 [main] INFO  tiempos - Duracion de desencriptarFrase: 1274400 ns
2025-09-10 18:45:21 [main] INFO  tiempos - Duracion del proceso intercambiarReferencias: 26300 ns
2025-09-10 18:45:21 [main] INFO  tiempos - intercambiarReferencias duration: 0 ms
2025-09-10 18:45:21 [main] INFO  tiempos - Duracion del proceso intercambiarReferencias: 24000 ns
2025-09-10 18:45:21 [main] INFO  tiempos - Duracion del proceso intercambiarReferencias: 56200 ns
2025-09-10 18:45:21 [main] INFO  tiempos - Duracion del proceso intercambiarReferencias: 49000 ns
2025-09-10 18:45:21 [main] INFO  tiempos - Duracion del proceso intercambiarReferencias: 23600 ns
2025-09-10 18:45:21 [main] INFO  tiempos - Duracion del proceso intercambiarReferencias: 80700 ns
2025-09-10 18:45:21 [main] INFO  tiempos - Duracion del proceso intercambiarReferencias: 63300 ns
2025-09-10 18:45:21 [main] INFO  tiempos - Duracion del proceso intercambiarReferencias: 76100 ns
2025-09-10 18:45:21 [main] INFO  tiempos - Duracion del proceso intercambiarReferencias: 100400 ns
2025-09-10 18:45:21 [main] INFO  tiempos - Duracion del proceso intercambiarReferencias: 227900 ns
2025-09-10 18:45:21 [main] INFO  tiempos - Duracion de encriptarFrase: 2456400 ns
2025-09-10 18:45:21 [main] INFO  tiempos - Duracion del proceso intercambiarReferencias: 44700 ns
2025-09-10 18:45:21 [main] INFO  tiempos - intercambiarReferencias duration: 0 ms
2025-09-10 18:45:21 [main] INFO  tiempos - Duracion del proceso intercambiarReferencias: 15100 ns
2025-09-10 18:45:21 [main] INFO  tiempos - Duracion del proceso intercambiarReferencias: 42200 ns
2025-09-10 18:45:21 [main] INFO  tiempos - Duracion del proceso intercambiarReferencias: 44300 ns
2025-09-10 18:45:21 [main] INFO  tiempos - Duracion del proceso intercambiarReferencias: 17200 ns
2025-09-10 18:45:21 [main] INFO  tiempos - Duracion del proceso intercambiarReferencias: 66400 ns
2025-09-10 18:45:21 [main] INFO  tiempos - Duracion del proceso intercambiarReferencias: 17500 ns
2025-09-10 18:45:21 [main] INFO  tiempos - Duracion del proceso intercambiarReferencias: 50200 ns
2025-09-10 18:45:21 [main] INFO  tiempos - Duracion del proceso intercambiarReferencias: 65300 ns
2025-09-10 18:45:21 [main] INFO  tiempos - Duracion del proceso intercambiarReferencias: 142000 ns
2025-09-10 18:45:21 [main] INFO  tiempos - Duracion de desencriptarFrase: 642700 ns
2025-09-10 18:45:21 [main] INFO  tiempos - Duracion del proceso intercambiarReferencias: 78800 ns
2025-09-10 18:45:21 [main] INFO  tiempos - Duracion del proceso intercambiarReferencias: 29700 ns
2025-09-10 18:45:21 [main] INFO  tiempos - Duracion del proceso intercambiarReferencias: 81600 ns
2025-09-10 18:45:21 [main] INFO  tiempos - Duracion del proceso intercambiarReferencias: 98600 ns
2025-09-10 18:45:21 [main] INFO  tiempos - Duracion del proceso intercambiarReferencias: 25700 ns
2025-09-10 18:45:21 [main] INFO  tiempos - Duracion del proceso intercambiarReferencias: 25900 ns
2025-09-10 18:45:21 [main] INFO  tiempos - Duracion del proceso intercambiarReferencias: 81900 ns
2025-09-10 18:45:21 [main] INFO  tiempos - Duracion del proceso intercambiarReferencias: 27200 ns
2025-09-10 18:45:21 [main] INFO  tiempos - Duracion del proceso intercambiarReferencias: 80300 ns
2025-09-10 18:45:21 [main] INFO  tiempos - Duracion del proceso intercambiarReferencias: 26600 ns
2025-09-10 18:45:21 [main] INFO  tiempos - Duracion del proceso intercambiarReferencias: 55400 ns
2025-09-10 18:45:21 [main] INFO  tiempos - Duracion del proceso intercambiarReferencias: 105500 ns
2025-09-10 18:45:21 [main] INFO  tiempos - Duracion de encriptarFrase: 2719200 ns
2025-09-10 18:45:21 [main] INFO  tiempos - Duracion del proceso intercambiarReferencias: 117400 ns
2025-09-10 18:45:21 [main] INFO  tiempos - Duracion del proceso intercambiarReferencias: 38700 ns
2025-09-10 18:45:21 [main] INFO  tiempos - Duracion del proceso intercambiarReferencias: 106800 ns
2025-09-10 18:45:21 [main] INFO  tiempos - Duracion del proceso intercambiarReferencias: 242900 ns
2025-09-10 18:45:21 [main] INFO  tiempos - Duracion del proceso intercambiarReferencias: 37400 ns
2025-09-10 18:45:21 [main] INFO  tiempos - Duracion del proceso intercambiarReferencias: 39800 ns
2025-09-10 18:45:21 [main] INFO  tiempos - Duracion del proceso intercambiarReferencias: 128200 ns
2025-09-10 18:45:21 [main] INFO  tiempos - Duracion del proceso intercambiarReferencias: 35700 ns
2025-09-10 18:45:21 [main] INFO  tiempos - Duracion del proceso intercambiarReferencias: 105500 ns
2025-09-10 18:45:21 [main] INFO  tiempos - Duracion del proceso intercambiarReferencias: 36700 ns
2025-09-10 18:45:21 [main] INFO  tiempos - Duracion del proceso intercambiarReferencias: 72800 ns
2025-09-10 18:45:21 [main] INFO  tiempos - Duracion del proceso intercambiarReferencias: 150800 ns
2025-09-10 18:45:21 [main] INFO  tiempos - Duracion de desencriptarFrase: 1372500 ns
2025-09-10 18:45:21 [main] INFO  tiempos - Duracion del proceso intercambiarReferencias: 36300 ns
2025-09-10 18:45:21 [main] INFO  tiempos - Duracion del proceso intercambiarReferencias: 36700 ns
2025-09-10 18:45:21 [main] INFO  tiempos - Duracion del proceso intercambiarReferencias: 101100 ns
2025-09-10 18:45:21 [main] INFO  tiempos - Duracion del proceso intercambiarReferencias: 69900 ns
2025-09-10 18:45:21 [main] INFO  tiempos - Duracion del proceso intercambiarReferencias: 35500 ns
2025-09-10 18:45:21 [main] INFO  tiempos - Duracion del proceso intercambiarReferencias: 56500 ns
2025-09-10 18:45:21 [main] INFO  tiempos - Duracion del proceso intercambiarReferencias: 54800 ns
2025-09-10 18:45:21 [main] INFO  tiempos - Duracion del proceso intercambiarReferencias: 31300 ns
2025-09-10 18:45:21 [main] INFO  tiempos - Duracion del proceso intercambiarReferencias: 83500 ns
2025-09-10 18:45:21 [main] INFO  tiempos - Duracion del proceso intercambiarReferencias: 47900 ns
2025-09-10 18:45:21 [main] INFO  tiempos - Duracion del proceso intercambiarReferencias: 47000 ns
2025-09-10 18:45:21 [main] INFO  tiempos - Duracion del proceso intercambiarReferencias: 15400 ns
2025-09-10 18:45:21 [main] INFO  tiempos - Duracion del proceso intercambiarReferencias: 46500 ns
2025-09-10 18:45:21 [main] INFO  tiempos - Duracion de encriptarFrase: 2558200 ns
2025-09-10 18:45:21 [main] INFO  tiempos - Duracion del proceso intercambiarReferencias: 35700 ns
2025-09-10 18:45:21 [main] INFO  tiempos - Duracion del proceso intercambiarReferencias: 17900 ns
2025-09-10 18:45:21 [main] INFO  tiempos - Duracion del proceso intercambiarReferencias: 49400 ns
2025-09-10 18:45:21 [main] INFO  tiempos - Duracion del proceso intercambiarReferencias: 49700 ns
2025-09-10 18:45:21 [main] INFO  tiempos - Duracion del proceso intercambiarReferencias: 21700 ns
2025-09-10 18:45:21 [main] INFO  tiempos - Duracion del proceso intercambiarReferencias: 32700 ns
2025-09-10 18:45:21 [main] INFO  tiempos - Duracion del proceso intercambiarReferencias: 32400 ns
2025-09-10 18:45:21 [main] INFO  tiempos - Duracion del proceso intercambiarReferencias: 32300 ns
2025-09-10 18:45:21 [main] INFO  tiempos - Duracion del proceso intercambiarReferencias: 106800 ns
2025-09-10 18:45:21 [main] INFO  tiempos - Duracion del proceso intercambiarReferencias: 59100 ns
2025-09-10 18:45:21 [main] INFO  tiempos - Duracion del proceso intercambiarReferencias: 48500 ns
2025-09-10 18:45:21 [main] INFO  tiempos - Duracion del proceso intercambiarReferencias: 16100 ns
2025-09-10 18:45:21 [main] INFO  tiempos - Duracion del proceso intercambiarReferencias: 48700 ns
2025-09-10 18:45:21 [main] INFO  tiempos - Duracion de desencriptarFrase: 696300 ns
2025-09-10 18:45:21 [main] INFO  tiempos - Duracion del proceso intercambiarReferencias: 17300 ns
2025-09-10 18:45:21 [main] INFO  tiempos - Duracion del proceso intercambiarReferencias: 31100 ns
2025-09-10 18:45:21 [main] INFO  tiempos - Duracion del proceso intercambiarReferencias: 31100 ns
2025-09-10 18:45:21 [main] INFO  tiempos - Duracion del proceso intercambiarReferencias: 46200 ns
2025-09-10 18:45:21 [main] INFO  tiempos - Duracion del proceso intercambiarReferencias: 15800 ns
2025-09-10 18:45:21 [main] INFO  tiempos - Duracion del proceso intercambiarReferencias: 30800 ns
2025-09-10 18:45:21 [main] INFO  tiempos - Duracion del proceso intercambiarReferencias: 31100 ns
2025-09-10 18:45:21 [main] INFO  tiempos - Duracion del proceso intercambiarReferencias: 15500 ns
2025-09-10 18:45:21 [main] INFO  tiempos - Duracion del proceso intercambiarReferencias: 15200 ns
2025-09-10 18:45:21 [main] INFO  tiempos - Duracion del proceso intercambiarReferencias: 34800 ns
2025-09-10 18:45:21 [main] INFO  tiempos - Duracion del proceso intercambiarReferencias: 15300 ns
2025-09-10 18:45:21 [main] INFO  tiempos - Duracion del proceso intercambiarReferencias: 18100 ns
2025-09-10 18:45:21 [main] INFO  tiempos - Duracion del proceso intercambiarReferencias: 15300 ns
2025-09-10 18:45:21 [main] INFO  tiempos - Duracion del proceso intercambiarReferencias: 15200 ns
2025-09-10 18:45:21 [main] INFO  tiempos - Duracion del proceso intercambiarReferencias: 15400 ns
2025-09-10 18:45:21 [main] INFO  tiempos - Duracion del proceso intercambiarReferencias: 31400 ns
2025-09-10 18:45:21 [main] INFO  tiempos - Duracion del proceso intercambiarReferencias: 15100 ns
2025-09-10 18:45:21 [main] INFO  tiempos - Duracion del proceso intercambiarReferencias: 15600 ns
2025-09-10 18:45:21 [main] INFO  tiempos - Duracion del proceso intercambiarReferencias: 41600 ns
2025-09-10 18:45:21 [main] INFO  tiempos - Duracion de encriptarFrase: 1754300 ns
2025-09-10 18:45:21 [main] INFO  tiempos - Duracion del proceso intercambiarReferencias: 25100 ns
2025-09-10 18:45:21 [main] INFO  tiempos - Duracion del proceso intercambiarReferencias: 34000 ns
2025-09-10 18:45:21 [main] INFO  tiempos - Duracion del proceso intercambiarReferencias: 32600 ns
2025-09-10 18:45:21 [main] INFO  tiempos - Duracion del proceso intercambiarReferencias: 48400 ns
2025-09-10 18:45:21 [main] INFO  tiempos - Duracion del proceso intercambiarReferencias: 16300 ns
2025-09-10 18:45:21 [main] INFO  tiempos - Duracion del proceso intercambiarReferencias: 31800 ns
2025-09-10 18:45:21 [main] INFO  tiempos - Duracion del proceso intercambiarReferencias: 37700 ns
2025-09-10 18:45:21 [main] INFO  tiempos - Duracion del proceso intercambiarReferencias: 16800 ns
2025-09-10 18:45:21 [main] INFO  tiempos - Duracion del proceso intercambiarReferencias: 16400 ns
2025-09-10 18:45:21 [main] INFO  tiempos - Duracion del proceso intercambiarReferencias: 32400 ns
2025-09-10 18:45:21 [main] INFO  tiempos - Duracion del proceso intercambiarReferencias: 20400 ns
2025-09-10 18:45:21 [main] INFO  tiempos - Duracion del proceso intercambiarReferencias: 16300 ns
2025-09-10 18:45:21 [main] INFO  tiempos - Duracion del proceso intercambiarReferencias: 16800 ns
2025-09-10 18:45:21 [main] INFO  tiempos - Duracion del proceso intercambiarReferencias: 16200 ns
2025-09-10 18:45:21 [main] INFO  tiempos - Duracion del proceso intercambiarReferencias: 16000 ns
2025-09-10 18:45:21 [main] INFO  tiempos - Duracion del proceso intercambiarReferencias: 32000 ns
2025-09-10 18:45:21 [main] INFO  tiempos - Duracion del proceso intercambiarReferencias: 16300 ns
2025-09-10 18:45:21 [main] INFO  tiempos - Duracion del proceso intercambiarReferencias: 19100 ns
2025-09-10 18:45:21 [main] INFO  tiempos - Duracion del proceso intercambiarReferencias: 32700 ns
2025-09-10 18:45:21 [main] INFO  tiempos - Duracion de desencriptarFrase: 636600 ns
2025-09-10 18:45:21 [main] INFO  tiempos - Duracion del proceso intercambiarReferencias: 64200 ns
2025-09-10 18:45:21 [main] INFO  tiempos - Duracion del proceso intercambiarReferencias: 29500 ns
2025-09-10 18:45:21 [main] INFO  tiempos - Duracion del proceso intercambiarReferencias: 17700 ns
2025-09-10 18:45:21 [main] INFO  tiempos - Duracion del proceso intercambiarReferencias: 32000 ns
2025-09-10 18:45:21 [main] INFO  tiempos - Duracion del proceso intercambiarReferencias: 32000 ns
2025-09-10 18:45:21 [main] INFO  tiempos - Duracion del proceso intercambiarReferencias: 31500 ns
2025-09-10 18:45:21 [main] INFO  tiempos - Duracion del proceso intercambiarReferencias: 91600 ns
2025-09-10 18:45:21 [main] INFO  tiempos - Duracion del proceso intercambiarReferencias: 68400 ns
2025-09-10 18:45:21 [main] INFO  tiempos - Duracion del proceso intercambiarReferencias: 16500 ns
2025-09-10 18:45:21 [main] INFO  tiempos - Duracion del proceso intercambiarReferencias: 15800 ns
2025-09-10 18:45:21 [main] INFO  tiempos - Duracion del proceso intercambiarReferencias: 127400 ns
2025-09-10 18:45:21 [main] INFO  tiempos - Duracion del proceso intercambiarReferencias: 16200 ns
2025-09-10 18:45:21 [main] INFO  tiempos - Duracion del proceso intercambiarReferencias: 16200 ns
2025-09-10 18:45:21 [main] INFO  tiempos - Duracion del proceso intercambiarReferencias: 32600 ns
2025-09-10 18:45:21 [main] INFO  tiempos - Duracion del proceso intercambiarReferencias: 44500 ns
2025-09-10 18:45:21 [main] INFO  tiempos - Duracion del proceso intercambiarReferencias: 16000 ns
2025-09-10 18:45:21 [main] INFO  tiempos - Duracion del proceso intercambiarReferencias: 31900 ns
2025-09-10 18:45:21 [main] INFO  tiempos - Duracion del proceso intercambiarReferencias: 48900 ns
2025-09-10 18:45:21 [main] INFO  tiempos - Duracion de encriptarFrase: 2278600 ns
2025-09-10 18:45:21 [main] INFO  tiempos - Duracion del proceso intercambiarReferencias: 54300 ns
2025-09-10 18:45:21 [main] INFO  tiempos - Duracion del proceso intercambiarReferencias: 18100 ns
2025-09-10 18:45:21 [main] INFO  tiempos - Duracion del proceso intercambiarReferencias: 17200 ns
2025-09-10 18:45:21 [main] INFO  tiempos - Duracion del proceso intercambiarReferencias: 33600 ns
2025-09-10 18:45:21 [main] INFO  tiempos - Duracion del proceso intercambiarReferencias: 88900 ns
2025-09-10 18:45:21 [main] INFO  tiempos - Duracion del proceso intercambiarReferencias: 36400 ns
2025-09-10 18:45:21 [main] INFO  tiempos - Duracion del proceso intercambiarReferencias: 66700 ns
2025-09-10 18:45:21 [main] INFO  tiempos - Duracion del proceso intercambiarReferencias: 65700 ns
2025-09-10 18:45:21 [main] INFO  tiempos - Duracion del proceso intercambiarReferencias: 16700 ns
2025-09-10 18:45:21 [main] INFO  tiempos - Duracion del proceso intercambiarReferencias: 16200 ns
2025-09-10 18:45:21 [main] INFO  tiempos - Duracion del proceso intercambiarReferencias: 69100 ns
2025-09-10 18:45:21 [main] INFO  tiempos - Duracion del proceso intercambiarReferencias: 18400 ns
2025-09-10 18:45:21 [main] INFO  tiempos - Duracion del proceso intercambiarReferencias: 16900 ns
2025-09-10 18:45:21 [main] INFO  tiempos - Duracion del proceso intercambiarReferencias: 33300 ns
2025-09-10 18:45:21 [main] INFO  tiempos - Duracion del proceso intercambiarReferencias: 16300 ns
2025-09-10 18:45:21 [main] INFO  tiempos - Duracion del proceso intercambiarReferencias: 16400 ns
2025-09-10 18:45:21 [main] INFO  tiempos - Duracion del proceso intercambiarReferencias: 32400 ns
2025-09-10 18:45:21 [main] INFO  tiempos - Duracion del proceso intercambiarReferencias: 48900 ns
2025-09-10 18:45:21 [main] INFO  tiempos - Duracion de desencriptarFrase: 884500 ns
2025-09-10 18:45:21 [main] INFO  tiempos - Duracion del proceso intercambiarReferencias: 54000 ns
2025-09-10 18:45:21 [main] INFO  tiempos - Duracion del proceso intercambiarReferencias: 24300 ns
2025-09-10 18:45:21 [main] INFO  tiempos - Duracion del proceso intercambiarReferencias: 49600 ns
2025-09-10 18:45:21 [main] INFO  tiempos - Duracion del proceso intercambiarReferencias: 24100 ns
2025-09-10 18:45:21 [main] INFO  tiempos - Duracion del proceso intercambiarReferencias: 97100 ns
2025-09-10 18:45:21 [main] INFO  tiempos - Duracion de encriptarFrase: 922600 ns
2025-09-10 18:45:21 [main] INFO  tiempos - Duracion del proceso intercambiarReferencias: 39400 ns
2025-09-10 18:45:21 [main] INFO  tiempos - Duracion del proceso intercambiarReferencias: 17000 ns
2025-09-10 18:45:21 [main] INFO  tiempos - Duracion del proceso intercambiarReferencias: 35000 ns
2025-09-10 18:45:21 [main] INFO  tiempos - Duracion del proceso intercambiarReferencias: 16500 ns
2025-09-10 18:45:21 [main] INFO  tiempos - Duracion del proceso intercambiarReferencias: 64300 ns
2025-09-10 18:45:21 [main] INFO  tiempos - Duracion de desencriptarFrase: 236900 ns
2025-09-10 18:45:21 [main] INFO  tiempos - Duracion del proceso intercambiarReferencias: 82900 ns
2025-09-10 18:45:21 [main] INFO  tiempos - Duracion del proceso intercambiarReferencias: 23900 ns
2025-09-10 18:45:21 [main] INFO  tiempos - Duracion del proceso intercambiarReferencias: 31000 ns
2025-09-10 18:45:21 [main] INFO  tiempos - Duracion del proceso intercambiarReferencias: 70900 ns
2025-09-10 18:45:21 [main] INFO  tiempos - Duracion del proceso intercambiarReferencias: 16300 ns
2025-09-10 18:45:21 [main] INFO  tiempos - Duracion del proceso intercambiarReferencias: 63800 ns
2025-09-10 18:45:21 [main] INFO  tiempos - Duracion de encriptarFrase: 1169000 ns
2025-09-10 18:45:21 [main] INFO  tiempos - Duracion del proceso intercambiarReferencias: 53200 ns
2025-09-10 18:45:21 [main] INFO  tiempos - Duracion del proceso intercambiarReferencias: 16200 ns
2025-09-10 18:45:21 [main] INFO  tiempos - Duracion del proceso intercambiarReferencias: 16200 ns
2025-09-10 18:45:21 [main] INFO  tiempos - Duracion del proceso intercambiarReferencias: 64400 ns
2025-09-10 18:45:21 [main] INFO  tiempos - Duracion del proceso intercambiarReferencias: 16900 ns
2025-09-10 18:45:21 [main] INFO  tiempos - Duracion del proceso intercambiarReferencias: 68400 ns
2025-09-10 18:45:21 [main] INFO  tiempos - Duracion de desencriptarFrase: 310400 ns
2025-09-10 18:45:21 [main] INFO  tiempos - Duracion del proceso intercambiarReferencias: 109000 ns
2025-09-10 18:45:21 [main] INFO  tiempos - Duracion del proceso intercambiarReferencias: 25600 ns
2025-09-10 18:45:21 [main] INFO  tiempos - Duracion del proceso intercambiarReferencias: 134200 ns
2025-09-10 18:45:21 [main] INFO  tiempos - Duracion del proceso intercambiarReferencias: 101400 ns
2025-09-10 18:45:21 [main] INFO  tiempos - Duracion del proceso intercambiarReferencias: 47200 ns
2025-09-10 18:45:21 [main] INFO  tiempos - Duracion del proceso intercambiarReferencias: 15800 ns
2025-09-10 18:45:21 [main] INFO  tiempos - Duracion del proceso intercambiarReferencias: 32000 ns
2025-09-10 18:45:21 [main] INFO  tiempos - Duracion del proceso intercambiarReferencias: 15900 ns
2025-09-10 18:45:21 [main] INFO  tiempos - Duracion del proceso intercambiarReferencias: 48900 ns
2025-09-10 18:45:21 [main] INFO  tiempos - Duracion del proceso intercambiarReferencias: 46700 ns
2025-09-10 18:45:21 [main] INFO  tiempos - Duracion del proceso intercambiarReferencias: 31300 ns
2025-09-10 18:45:21 [main] INFO  tiempos - Duracion del proceso intercambiarReferencias: 31100 ns
2025-09-10 18:45:21 [main] INFO  tiempos - Duracion del proceso intercambiarReferencias: 46800 ns
2025-09-10 18:45:21 [main] INFO  tiempos - Duracion del proceso intercambiarReferencias: 47700 ns
2025-09-10 18:45:21 [main] INFO  tiempos - Duracion del proceso intercambiarReferencias: 61800 ns
2025-09-10 18:45:21 [main] INFO  tiempos - Duracion de encriptarFrase: 2776300 ns
2025-09-10 18:45:21 [main] INFO  tiempos - Duracion del proceso intercambiarReferencias: 77500 ns
2025-09-10 18:45:21 [main] INFO  tiempos - Duracion del proceso intercambiarReferencias: 17300 ns
2025-09-10 18:45:21 [main] INFO  tiempos - Duracion del proceso intercambiarReferencias: 79800 ns
2025-09-10 18:45:21 [main] INFO  tiempos - Duracion del proceso intercambiarReferencias: 48000 ns
2025-09-10 18:45:21 [main] INFO  tiempos - Duracion del proceso intercambiarReferencias: 50600 ns
2025-09-10 18:45:21 [main] INFO  tiempos - Duracion del proceso intercambiarReferencias: 16400 ns
2025-09-10 18:45:21 [main] INFO  tiempos - Duracion del proceso intercambiarReferencias: 31500 ns
2025-09-10 18:45:21 [main] INFO  tiempos - Duracion del proceso intercambiarReferencias: 15800 ns
2025-09-10 18:45:21 [main] INFO  tiempos - Duracion del proceso intercambiarReferencias: 47300 ns
2025-09-10 18:45:21 [main] INFO  tiempos - Duracion del proceso intercambiarReferencias: 47600 ns
2025-09-10 18:45:21 [main] INFO  tiempos - Duracion del proceso intercambiarReferencias: 31500 ns
2025-09-10 18:45:21 [main] INFO  tiempos - Duracion del proceso intercambiarReferencias: 34400 ns
2025-09-10 18:45:21 [main] INFO  tiempos - Duracion del proceso intercambiarReferencias: 46300 ns
2025-09-10 18:45:21 [main] INFO  tiempos - Duracion del proceso intercambiarReferencias: 81900 ns
2025-09-10 18:45:21 [main] INFO  tiempos - Duracion del proceso intercambiarReferencias: 64400 ns
2025-09-10 18:45:21 [main] INFO  tiempos - Duracion de desencriptarFrase: 824700 ns
2025-09-10 18:45:21 [main] INFO  tiempos - Duracion del proceso intercambiarReferencias: 23700 ns
2025-09-10 18:45:21 [main] INFO  tiempos - Duracion del proceso intercambiarReferencias: 30100 ns
2025-09-10 18:45:21 [main] INFO  tiempos - Duracion del proceso intercambiarReferencias: 26000 ns
2025-09-10 18:45:21 [main] INFO  tiempos - Duracion del proceso intercambiarReferencias: 15400 ns
2025-09-10 18:45:21 [main] INFO  tiempos - Duracion del proceso intercambiarReferencias: 31600 ns
2025-09-10 18:45:21 [main] INFO  tiempos - Duracion del proceso intercambiarReferencias: 15000 ns
2025-09-10 18:45:21 [main] INFO  tiempos - Duracion del proceso intercambiarReferencias: 15300 ns
2025-09-10 18:45:21 [main] INFO  tiempos - Duracion del proceso intercambiarReferencias: 61900 ns
2025-09-10 18:45:21 [main] INFO  tiempos - Duracion del proceso intercambiarReferencias: 30900 ns
2025-09-10 18:45:21 [main] INFO  tiempos - Duracion del proceso intercambiarReferencias: 15100 ns
2025-09-10 18:45:21 [main] INFO  tiempos - Duracion del proceso intercambiarReferencias: 15400 ns
2025-09-10 18:45:21 [main] INFO  tiempos - Duracion del proceso intercambiarReferencias: 60600 ns
2025-09-10 18:45:21 [main] INFO  tiempos - Duracion del proceso intercambiarReferencias: 15100 ns
2025-09-10 18:45:21 [main] INFO  tiempos - Duracion del proceso intercambiarReferencias: 30800 ns
2025-09-10 18:45:21 [main] INFO  tiempos - Duracion de encriptarFrase: 1516200 ns
2025-09-10 18:45:21 [main] INFO  tiempos - Duracion del proceso intercambiarReferencias: 35700 ns
2025-09-10 18:45:21 [main] INFO  tiempos - Duracion del proceso intercambiarReferencias: 26100 ns
2025-09-10 18:45:21 [main] INFO  tiempos - Duracion del proceso intercambiarReferencias: 24800 ns
2025-09-10 18:45:21 [main] INFO  tiempos - Duracion del proceso intercambiarReferencias: 29300 ns
2025-09-10 18:45:21 [main] INFO  tiempos - Duracion del proceso intercambiarReferencias: 49000 ns
2025-09-10 18:45:21 [main] INFO  tiempos - Duracion del proceso intercambiarReferencias: 25000 ns
2025-09-10 18:45:21 [main] INFO  tiempos - Duracion del proceso intercambiarReferencias: 86800 ns
2025-09-10 18:45:21 [main] INFO  tiempos - Duracion del proceso intercambiarReferencias: 199600 ns
2025-09-10 18:45:21 [main] INFO  tiempos - Duracion del proceso intercambiarReferencias: 50200 ns
2025-09-10 18:45:21 [main] INFO  tiempos - Duracion del proceso intercambiarReferencias: 17200 ns
2025-09-10 18:45:21 [main] INFO  tiempos - Duracion del proceso intercambiarReferencias: 16700 ns
2025-09-10 18:45:21 [main] INFO  tiempos - Duracion del proceso intercambiarReferencias: 72600 ns
2025-09-10 18:45:21 [main] INFO  tiempos - Duracion del proceso intercambiarReferencias: 16200 ns
2025-09-10 18:45:21 [main] INFO  tiempos - Duracion del proceso intercambiarReferencias: 31900 ns
2025-09-10 18:45:21 [main] INFO  tiempos - Duracion de desencriptarFrase: 869400 ns
2025-09-10 18:45:21 [main] INFO  tiempos - Duracion del proceso intercambiarReferencias: 109000 ns
2025-09-10 18:45:21 [main] INFO  tiempos - Duracion del proceso intercambiarReferencias: 28900 ns
2025-09-10 18:45:21 [main] INFO  tiempos - Duracion del proceso intercambiarReferencias: 27500 ns
2025-09-10 18:45:21 [main] INFO  tiempos - Duracion del proceso intercambiarReferencias: 57700 ns
2025-09-10 18:45:21 [main] INFO  tiempos - Duracion del proceso intercambiarReferencias: 108400 ns
2025-09-10 18:45:21 [main] INFO  tiempos - Duracion del proceso intercambiarReferencias: 26600 ns
2025-09-10 18:45:21 [main] INFO  tiempos - Duracion del proceso intercambiarReferencias: 133100 ns
2025-09-10 18:45:21 [main] INFO  tiempos - Duracion del proceso intercambiarReferencias: 51500 ns
2025-09-10 18:45:21 [main] INFO  tiempos - Duracion del proceso intercambiarReferencias: 19800 ns
2025-09-10 18:45:21 [main] INFO  tiempos - Duracion del proceso intercambiarReferencias: 58300 ns
2025-09-10 18:45:21 [main] INFO  tiempos - Duracion del proceso intercambiarReferencias: 22500 ns
2025-09-10 18:45:21 [main] INFO  tiempos - Duracion del proceso intercambiarReferencias: 38700 ns
2025-09-10 18:45:21 [main] INFO  tiempos - Duracion del proceso intercambiarReferencias: 43100 ns
2025-09-10 18:45:21 [main] INFO  tiempos - Duracion del proceso intercambiarReferencias: 19500 ns
2025-09-10 18:45:21 [main] INFO  tiempos - Duracion del proceso intercambiarReferencias: 19100 ns
2025-09-10 18:45:21 [main] INFO  tiempos - Duracion del proceso intercambiarReferencias: 19500 ns
2025-09-10 18:45:21 [main] INFO  tiempos - Duracion de encriptarFrase: 2899300 ns
2025-09-10 18:45:21 [main] INFO  tiempos - Duracion del proceso intercambiarReferencias: 77300 ns
2025-09-10 18:45:21 [main] INFO  tiempos - Duracion del proceso intercambiarReferencias: 17900 ns
2025-09-10 18:45:21 [main] INFO  tiempos - Duracion del proceso intercambiarReferencias: 16300 ns
2025-09-10 18:45:21 [main] INFO  tiempos - Duracion del proceso intercambiarReferencias: 31800 ns
2025-09-10 18:45:21 [main] INFO  tiempos - Duracion del proceso intercambiarReferencias: 63800 ns
2025-09-10 18:45:21 [main] INFO  tiempos - Duracion del proceso intercambiarReferencias: 16500 ns
2025-09-10 18:45:21 [main] INFO  tiempos - Duracion del proceso intercambiarReferencias: 66200 ns
2025-09-10 18:45:21 [main] INFO  tiempos - Duracion del proceso intercambiarReferencias: 31500 ns
2025-09-10 18:45:21 [main] INFO  tiempos - Duracion del proceso intercambiarReferencias: 15700 ns
2025-09-10 18:45:21 [main] INFO  tiempos - Duracion del proceso intercambiarReferencias: 47500 ns
2025-09-10 18:45:21 [main] INFO  tiempos - Duracion del proceso intercambiarReferencias: 16300 ns
2025-09-10 18:45:21 [main] INFO  tiempos - Duracion del proceso intercambiarReferencias: 31800 ns
2025-09-10 18:45:21 [main] INFO  tiempos - Duracion del proceso intercambiarReferencias: 31600 ns
2025-09-10 18:45:21 [main] INFO  tiempos - Duracion del proceso intercambiarReferencias: 18100 ns
2025-09-10 18:45:21 [main] INFO  tiempos - Duracion del proceso intercambiarReferencias: 17000 ns
2025-09-10 18:45:21 [main] INFO  tiempos - Duracion del proceso intercambiarReferencias: 16000 ns
2025-09-10 18:45:21 [main] INFO  tiempos - Duracion de desencriptarFrase: 659700 ns
2025-09-10 18:45:21 [main] INFO  tiempos - Duracion del proceso intercambiarReferencias: 54500 ns
2025-09-10 18:45:21 [main] INFO  tiempos - Duracion del proceso intercambiarReferencias: 30100 ns
2025-09-10 18:45:21 [main] INFO  tiempos - Duracion del proceso intercambiarReferencias: 27500 ns
2025-09-10 18:45:21 [main] INFO  tiempos - Duracion del proceso intercambiarReferencias: 27300 ns
2025-09-10 18:45:21 [main] INFO  tiempos - Duracion del proceso intercambiarReferencias: 89000 ns
2025-09-10 18:45:21 [main] INFO  tiempos - Duracion del proceso intercambiarReferencias: 50200 ns
2025-09-10 18:45:21 [main] INFO  tiempos - Duracion del proceso intercambiarReferencias: 56700 ns
2025-09-10 18:45:21 [main] INFO  tiempos - Duracion del proceso intercambiarReferencias: 60000 ns
2025-09-10 18:45:21 [main] INFO  tiempos - Duracion del proceso intercambiarReferencias: 27600 ns
2025-09-10 18:45:21 [main] INFO  tiempos - Duracion del proceso intercambiarReferencias: 87600 ns
2025-09-10 18:45:21 [main] INFO  tiempos - Duracion del proceso intercambiarReferencias: 47300 ns
2025-09-10 18:45:21 [main] INFO  tiempos - Duracion del proceso intercambiarReferencias: 48900 ns
2025-09-10 18:45:21 [main] INFO  tiempos - Duracion del proceso intercambiarReferencias: 24300 ns
2025-09-10 18:45:21 [main] INFO  tiempos - Duracion del proceso intercambiarReferencias: 69100 ns
2025-09-10 18:45:21 [main] INFO  tiempos - Duracion del proceso intercambiarReferencias: 25800 ns
2025-09-10 18:45:21 [main] INFO  tiempos - Duracion del proceso intercambiarReferencias: 53900 ns
2025-09-10 18:45:21 [main] INFO  tiempos - Duracion del proceso intercambiarReferencias: 86100 ns
2025-09-10 18:45:21 [main] INFO  tiempos - Duracion del proceso intercambiarReferencias: 82900 ns
2025-09-10 18:45:21 [main] INFO  tiempos - Duracion del proceso intercambiarReferencias: 61600 ns
2025-09-10 18:45:21 [main] INFO  tiempos - Duracion del proceso intercambiarReferencias: 61400 ns
2025-09-10 18:45:21 [main] INFO  tiempos - Duracion del proceso intercambiarReferencias: 15200 ns
2025-09-10 18:45:21 [main] INFO  tiempos - Duracion del proceso intercambiarReferencias: 45600 ns
2025-09-10 18:45:21 [main] INFO  tiempos - Duracion de encriptarFrase: 4391100 ns
2025-09-10 18:45:21 [main] INFO  tiempos - Duracion del proceso intercambiarReferencias: 51300 ns
2025-09-10 18:45:21 [main] INFO  tiempos - Duracion del proceso intercambiarReferencias: 26400 ns
2025-09-10 18:45:21 [main] INFO  tiempos - Duracion del proceso intercambiarReferencias: 27700 ns
2025-09-10 18:45:21 [main] INFO  tiempos - Duracion del proceso intercambiarReferencias: 17400 ns
2025-09-10 18:45:21 [main] INFO  tiempos - Duracion del proceso intercambiarReferencias: 49800 ns
2025-09-10 18:45:21 [main] INFO  tiempos - Duracion del proceso intercambiarReferencias: 40100 ns
2025-09-10 18:45:21 [main] INFO  tiempos - Duracion del proceso intercambiarReferencias: 38900 ns
2025-09-10 18:45:21 [main] INFO  tiempos - Duracion del proceso intercambiarReferencias: 32900 ns
2025-09-10 18:45:21 [main] INFO  tiempos - Duracion del proceso intercambiarReferencias: 16000 ns
2025-09-10 18:45:21 [main] INFO  tiempos - Duracion del proceso intercambiarReferencias: 59500 ns
2025-09-10 18:45:21 [main] INFO  tiempos - Duracion del proceso intercambiarReferencias: 32300 ns
2025-09-10 18:45:21 [main] INFO  tiempos - Duracion del proceso intercambiarReferencias: 34100 ns
2025-09-10 18:45:21 [main] INFO  tiempos - Duracion del proceso intercambiarReferencias: 17500 ns
2025-09-10 18:45:21 [main] INFO  tiempos - Duracion del proceso intercambiarReferencias: 48000 ns
2025-09-10 18:45:21 [main] INFO  tiempos - Duracion del proceso intercambiarReferencias: 16100 ns
2025-09-10 18:45:21 [main] INFO  tiempos - Duracion del proceso intercambiarReferencias: 31800 ns
2025-09-10 18:45:21 [main] INFO  tiempos - Duracion del proceso intercambiarReferencias: 63900 ns
2025-09-10 18:45:21 [main] INFO  tiempos - Duracion del proceso intercambiarReferencias: 48200 ns
2025-09-10 18:45:21 [main] INFO  tiempos - Duracion del proceso intercambiarReferencias: 80300 ns
2025-09-10 18:45:21 [main] INFO  tiempos - Duracion del proceso intercambiarReferencias: 64400 ns
2025-09-10 18:45:21 [main] INFO  tiempos - Duracion del proceso intercambiarReferencias: 16200 ns
2025-09-10 18:45:21 [main] INFO  tiempos - Duracion del proceso intercambiarReferencias: 48400 ns
2025-09-10 18:45:21 [main] INFO  tiempos - Duracion de desencriptarFrase: 1078900 ns
2025-09-10 18:45:21 [main] INFO  tiempos - Duracion del proceso intercambiarReferencias: 85000 ns
2025-09-10 18:45:21 [main] INFO  tiempos - Duracion del proceso intercambiarReferencias: 57200 ns
2025-09-10 18:45:21 [main] INFO  tiempos - Duracion del proceso intercambiarReferencias: 37600 ns
2025-09-10 18:45:21 [main] INFO  tiempos - Duracion del proceso intercambiarReferencias: 141800 ns
2025-09-10 18:45:21 [main] INFO  tiempos - Duracion del proceso intercambiarReferencias: 32500 ns
2025-09-10 18:45:21 [main] INFO  tiempos - Duracion del proceso intercambiarReferencias: 15900 ns
2025-09-10 18:45:21 [main] INFO  tiempos - Duracion del proceso intercambiarReferencias: 49900 ns
2025-09-10 18:45:21 [main] INFO  tiempos - Duracion del proceso intercambiarReferencias: 26200 ns
2025-09-10 18:45:21 [main] INFO  tiempos - Duracion del proceso intercambiarReferencias: 26600 ns
2025-09-10 18:45:21 [main] INFO  tiempos - Duracion del proceso intercambiarReferencias: 83100 ns
2025-09-10 18:45:21 [main] INFO  tiempos - Duracion del proceso intercambiarReferencias: 80500 ns
2025-09-10 18:45:21 [main] INFO  tiempos - Duracion del proceso intercambiarReferencias: 81500 ns
2025-09-10 18:45:21 [main] INFO  tiempos - Duracion del proceso intercambiarReferencias: 130500 ns
2025-09-10 18:45:21 [main] INFO  tiempos - Duracion del proceso intercambiarReferencias: 87000 ns
2025-09-10 18:45:21 [main] INFO  tiempos - Duracion de encriptarFrase: 3570900 ns
2025-09-10 18:45:21 [main] INFO  tiempos - Duracion del proceso intercambiarReferencias: 71200 ns
2025-09-10 18:45:21 [main] INFO  tiempos - Duracion del proceso intercambiarReferencias: 43600 ns
2025-09-10 18:45:21 [main] INFO  tiempos - Duracion del proceso intercambiarReferencias: 17000 ns
2025-09-10 18:45:21 [main] INFO  tiempos - Duracion del proceso intercambiarReferencias: 78800 ns
2025-09-10 18:45:21 [main] INFO  tiempos - Duracion del proceso intercambiarReferencias: 32100 ns
2025-09-10 18:45:21 [main] INFO  tiempos - Duracion del proceso intercambiarReferencias: 15900 ns
2025-09-10 18:45:21 [main] INFO  tiempos - Duracion del proceso intercambiarReferencias: 50000 ns
2025-09-10 18:45:21 [main] INFO  tiempos - Duracion del proceso intercambiarReferencias: 17300 ns
2025-09-10 18:45:21 [main] INFO  tiempos - Duracion del proceso intercambiarReferencias: 16700 ns
2025-09-10 18:45:21 [main] INFO  tiempos - Duracion del proceso intercambiarReferencias: 48200 ns
2025-09-10 18:45:21 [main] INFO  tiempos - Duracion del proceso intercambiarReferencias: 48500 ns
2025-09-10 18:45:21 [main] INFO  tiempos - Duracion del proceso intercambiarReferencias: 47600 ns
2025-09-10 18:45:21 [main] INFO  tiempos - Duracion del proceso intercambiarReferencias: 208100 ns
2025-09-10 18:45:21 [main] INFO  tiempos - Duracion del proceso intercambiarReferencias: 48200 ns
2025-09-10 18:45:21 [main] INFO  tiempos - Duracion de desencriptarFrase: 906600 ns
2025-09-10 18:45:21 [main] INFO  tiempos - Duracion del proceso intercambiarReferencias: 20900 ns
2025-09-10 18:45:21 [main] INFO  tiempos - Duracion del proceso intercambiarReferencias: 20600 ns
2025-09-10 18:45:21 [main] INFO  tiempos - Duracion del proceso intercambiarReferencias: 15700 ns
2025-09-10 18:45:21 [main] INFO  tiempos - Duracion del proceso intercambiarReferencias: 31400 ns
2025-09-10 18:45:21 [main] INFO  tiempos - Duracion del proceso intercambiarReferencias: 20200 ns
2025-09-10 18:45:21 [main] INFO  tiempos - Duracion del proceso intercambiarReferencias: 31000 ns
2025-09-10 18:45:21 [main] INFO  tiempos - Duracion del proceso intercambiarReferencias: 15400 ns
2025-09-10 18:45:21 [main] INFO  tiempos - Duracion del proceso intercambiarReferencias: 15600 ns
2025-09-10 18:45:21 [main] INFO  tiempos - Duracion del proceso intercambiarReferencias: 15500 ns
2025-09-10 18:45:21 [main] INFO  tiempos - Duracion del proceso intercambiarReferencias: 15900 ns
2025-09-10 18:45:21 [main] INFO  tiempos - Duracion del proceso intercambiarReferencias: 31000 ns
2025-09-10 18:45:21 [main] INFO  tiempos - Duracion de encriptarFrase: 902500 ns
2025-09-10 18:45:21 [main] INFO  tiempos - Duracion del proceso intercambiarReferencias: 24200 ns
2025-09-10 18:45:21 [main] INFO  tiempos - Duracion del proceso intercambiarReferencias: 17400 ns
2025-09-10 18:45:21 [main] INFO  tiempos - Duracion del proceso intercambiarReferencias: 16500 ns
2025-09-10 18:45:21 [main] INFO  tiempos - Duracion del proceso intercambiarReferencias: 34700 ns
2025-09-10 18:45:21 [main] INFO  tiempos - Duracion del proceso intercambiarReferencias: 16300 ns
2025-09-10 18:45:21 [main] INFO  tiempos - Duracion del proceso intercambiarReferencias: 31900 ns
2025-09-10 18:45:21 [main] INFO  tiempos - Duracion del proceso intercambiarReferencias: 16100 ns
2025-09-10 18:45:21 [main] INFO  tiempos - Duracion del proceso intercambiarReferencias: 16400 ns
2025-09-10 18:45:21 [main] INFO  tiempos - Duracion del proceso intercambiarReferencias: 16000 ns
2025-09-10 18:45:21 [main] INFO  tiempos - Duracion del proceso intercambiarReferencias: 15800 ns
2025-09-10 18:45:21 [main] INFO  tiempos - Duracion del proceso intercambiarReferencias: 32500 ns
2025-09-10 18:45:21 [main] INFO  tiempos - Duracion de desencriptarFrase: 342000 ns
2025-09-10 18:45:21 [main] INFO  tiempos - Duracion del proceso intercambiarReferencias: 52900 ns
2025-09-10 18:45:21 [main] INFO  tiempos - Duracion del proceso intercambiarReferencias: 50300 ns
2025-09-10 18:45:21 [main] INFO  tiempos - Duracion del proceso intercambiarReferencias: 25100 ns
2025-09-10 18:45:21 [main] INFO  tiempos - Duracion del proceso intercambiarReferencias: 23700 ns
2025-09-10 18:45:21 [main] INFO  tiempos - Duracion del proceso intercambiarReferencias: 15600 ns
2025-09-10 18:45:21 [main] INFO  tiempos - Duracion del proceso intercambiarReferencias: 47500 ns
2025-09-10 18:45:21 [main] INFO  tiempos - Duracion del proceso intercambiarReferencias: 17300 ns
2025-09-10 18:45:21 [main] INFO  tiempos - Duracion del proceso intercambiarReferencias: 31100 ns
2025-09-10 18:45:21 [main] INFO  tiempos - Duracion del proceso intercambiarReferencias: 48900 ns
2025-09-10 18:45:21 [main] INFO  tiempos - Duracion del proceso intercambiarReferencias: 15800 ns
2025-09-10 18:45:21 [main] INFO  tiempos - Duracion del proceso intercambiarReferencias: 48700 ns
2025-09-10 18:45:21 [main] INFO  tiempos - Duracion del proceso intercambiarReferencias: 31300 ns
2025-09-10 18:45:21 [main] INFO  tiempos - Duracion del proceso intercambiarReferencias: 84300 ns
2025-09-10 18:45:21 [main] INFO  tiempos - Duracion del proceso intercambiarReferencias: 16500 ns
2025-09-10 18:45:21 [main] INFO  tiempos - Duracion del proceso intercambiarReferencias: 15600 ns
2025-09-10 18:45:21 [main] INFO  tiempos - Duracion del proceso intercambiarReferencias: 15400 ns
2025-09-10 18:45:21 [main] INFO  tiempos - Duracion del proceso intercambiarReferencias: 30900 ns
2025-09-10 18:45:21 [main] INFO  tiempos - Duracion del proceso intercambiarReferencias: 15700 ns
2025-09-10 18:45:21 [main] INFO  tiempos - Duracion del proceso intercambiarReferencias: 32600 ns
2025-09-10 18:45:21 [main] INFO  tiempos - Duracion de encriptarFrase: 2262400 ns
2025-09-10 18:45:21 [main] INFO  tiempos - Duracion del proceso intercambiarReferencias: 43600 ns
2025-09-10 18:45:21 [main] INFO  tiempos - Duracion del proceso intercambiarReferencias: 33400 ns
2025-09-10 18:45:21 [main] INFO  tiempos - Duracion del proceso intercambiarReferencias: 16500 ns
2025-09-10 18:45:21 [main] INFO  tiempos - Duracion del proceso intercambiarReferencias: 16100 ns
2025-09-10 18:45:21 [main] INFO  tiempos - Duracion del proceso intercambiarReferencias: 15600 ns
2025-09-10 18:45:21 [main] INFO  tiempos - Duracion del proceso intercambiarReferencias: 46900 ns
2025-09-10 18:45:21 [main] INFO  tiempos - Duracion del proceso intercambiarReferencias: 15700 ns
2025-09-10 18:45:21 [main] INFO  tiempos - Duracion del proceso intercambiarReferencias: 39400 ns
2025-09-10 18:45:21 [main] INFO  tiempos - Duracion del proceso intercambiarReferencias: 48900 ns
2025-09-10 18:45:21 [main] INFO  tiempos - Duracion del proceso intercambiarReferencias: 15800 ns
2025-09-10 18:45:21 [main] INFO  tiempos - Duracion del proceso intercambiarReferencias: 49400 ns
2025-09-10 18:45:21 [main] INFO  tiempos - Duracion del proceso intercambiarReferencias: 33400 ns
2025-09-10 18:45:21 [main] INFO  tiempos - Duracion del proceso intercambiarReferencias: 47200 ns
2025-09-10 18:45:21 [main] INFO  tiempos - Duracion del proceso intercambiarReferencias: 16100 ns
2025-09-10 18:45:21 [main] INFO  tiempos - Duracion del proceso intercambiarReferencias: 17300 ns
2025-09-10 18:45:21 [main] INFO  tiempos - Duracion del proceso intercambiarReferencias: 16000 ns
2025-09-10 18:45:21 [main] INFO  tiempos - Duracion del proceso intercambiarReferencias: 31800 ns
2025-09-10 18:45:21 [main] INFO  tiempos - Duracion del proceso intercambiarReferencias: 15700 ns
2025-09-10 18:45:21 [main] INFO  tiempos - Duracion del proceso intercambiarReferencias: 32500 ns
2025-09-10 18:45:21 [main] INFO  tiempos - Duracion de desencriptarFrase: 711800 ns
2025-09-10 18:45:21 [main] INFO  tiempos - intercambiarReferencias duration: 0 ms
2025-09-10 18:45:21 [main] INFO  tiempos - Duracion del proceso intercambiarReferencias: 23400 ns
2025-09-10 18:45:21 [main] INFO  tiempos - Duracion del proceso intercambiarReferencias: 16100 ns
2025-09-10 18:45:21 [main] INFO  tiempos - Duracion del proceso intercambiarReferencias: 28300 ns
2025-09-10 18:45:21 [main] INFO  tiempos - Duracion del proceso intercambiarReferencias: 37500 ns
2025-09-10 18:45:21 [main] INFO  tiempos - intercambiarReferencias duration: 0 ms
2025-09-10 18:45:21 [main] INFO  tiempos - Duracion del proceso intercambiarReferencias: 15700 ns
2025-09-10 18:45:21 [main] INFO  tiempos - Duracion del proceso intercambiarReferencias: 33100 ns
2025-09-10 18:45:21 [main] INFO  tiempos - Duracion de encriptarFrase: 869000 ns
2025-09-10 18:45:21 [main] INFO  tiempos - intercambiarReferencias duration: 0 ms
2025-09-10 18:45:21 [main] INFO  tiempos - Duracion del proceso intercambiarReferencias: 34700 ns
2025-09-10 18:45:21 [main] INFO  tiempos - Duracion del proceso intercambiarReferencias: 86700 ns
2025-09-10 18:45:21 [main] INFO  tiempos - Duracion del proceso intercambiarReferencias: 18700 ns
2025-09-10 18:45:21 [main] INFO  tiempos - Duracion del proceso intercambiarReferencias: 37900 ns
2025-09-10 18:45:21 [main] INFO  tiempos - intercambiarReferencias duration: 0 ms
2025-09-10 18:45:21 [main] INFO  tiempos - Duracion del proceso intercambiarReferencias: 12100 ns
2025-09-10 18:45:21 [main] INFO  tiempos - Duracion del proceso intercambiarReferencias: 32300 ns
2025-09-10 18:45:21 [main] INFO  tiempos - Duracion de desencriptarFrase: 322100 ns
2025-09-10 18:45:21 [main] INFO  tiempos - Duracion del proceso intercambiarReferencias: 32800 ns
2025-09-10 18:45:21 [main] INFO  tiempos - Duracion del proceso intercambiarReferencias: 16100 ns
2025-09-10 18:45:21 [main] INFO  tiempos - Duracion del proceso intercambiarReferencias: 51300 ns
2025-09-10 18:45:21 [main] INFO  tiempos - Duracion del proceso intercambiarReferencias: 32300 ns
2025-09-10 18:45:21 [main] INFO  tiempos - Duracion del proceso intercambiarReferencias: 47900 ns
2025-09-10 18:45:21 [main] INFO  tiempos - Duracion del proceso intercambiarReferencias: 25100 ns
2025-09-10 18:45:21 [main] INFO  tiempos - Duracion del proceso intercambiarReferencias: 29900 ns
2025-09-10 18:45:21 [main] INFO  tiempos - Duracion del proceso intercambiarReferencias: 34400 ns
2025-09-10 18:45:21 [main] INFO  tiempos - Duracion del proceso intercambiarReferencias: 16900 ns
2025-09-10 18:45:21 [main] INFO  tiempos - Duracion del proceso intercambiarReferencias: 31800 ns
2025-09-10 18:45:21 [main] INFO  tiempos - Duracion del proceso intercambiarReferencias: 80400 ns
2025-09-10 18:45:21 [main] INFO  tiempos - Duracion de encriptarFrase: 1705600 ns
2025-09-10 18:45:21 [main] INFO  tiempos - Duracion del proceso intercambiarReferencias: 41300 ns
2025-09-10 18:45:21 [main] INFO  tiempos - Duracion del proceso intercambiarReferencias: 21900 ns
2025-09-10 18:45:21 [main] INFO  tiempos - Duracion del proceso intercambiarReferencias: 97100 ns
2025-09-10 18:45:21 [main] INFO  tiempos - Duracion del proceso intercambiarReferencias: 94100 ns
2025-09-10 18:45:21 [main] INFO  tiempos - Duracion del proceso intercambiarReferencias: 50400 ns
2025-09-10 18:45:21 [main] INFO  tiempos - Duracion del proceso intercambiarReferencias: 17100 ns
2025-09-10 18:45:21 [main] INFO  tiempos - Duracion del proceso intercambiarReferencias: 16700 ns
2025-09-10 18:45:21 [main] INFO  tiempos - Duracion del proceso intercambiarReferencias: 32500 ns
2025-09-10 18:45:21 [main] INFO  tiempos - Duracion del proceso intercambiarReferencias: 16200 ns
2025-09-10 18:45:21 [main] INFO  tiempos - Duracion del proceso intercambiarReferencias: 37400 ns
2025-09-10 18:45:21 [main] INFO  tiempos - Duracion del proceso intercambiarReferencias: 80800 ns
2025-09-10 18:45:21 [main] INFO  tiempos - Duracion de desencriptarFrase: 632900 ns
2025-09-10 18:45:21 [main] INFO  tiempos - Duracion del proceso intercambiarReferencias: 74800 ns
2025-09-10 18:45:21 [main] INFO  tiempos - Duracion del proceso intercambiarReferencias: 73500 ns
2025-09-10 18:45:21 [main] INFO  tiempos - Duracion del proceso intercambiarReferencias: 24200 ns
2025-09-10 18:45:21 [main] INFO  tiempos - Duracion del proceso intercambiarReferencias: 48900 ns
2025-09-10 18:45:21 [main] INFO  tiempos - Duracion del proceso intercambiarReferencias: 23700 ns
2025-09-10 18:45:21 [main] INFO  tiempos - Duracion del proceso intercambiarReferencias: 48300 ns
2025-09-10 18:45:21 [main] INFO  tiempos - Duracion del proceso intercambiarReferencias: 23900 ns
2025-09-10 18:45:21 [main] INFO  tiempos - Duracion del proceso intercambiarReferencias: 52400 ns
2025-09-10 18:45:21 [main] INFO  tiempos - Duracion del proceso intercambiarReferencias: 47300 ns
2025-09-10 18:45:21 [main] INFO  tiempos - Duracion del proceso intercambiarReferencias: 24100 ns
2025-09-10 18:45:21 [main] INFO  tiempos - Duracion del proceso intercambiarReferencias: 51400 ns
2025-09-10 18:45:21 [main] INFO  tiempos - Duracion de encriptarFrase: 1870700 ns
2025-09-10 18:45:21 [main] INFO  tiempos - Duracion del proceso intercambiarReferencias: 121300 ns
2025-09-10 18:45:21 [main] INFO  tiempos - Duracion del proceso intercambiarReferencias: 92300 ns
2025-09-10 18:45:21 [main] INFO  tiempos - Duracion del proceso intercambiarReferencias: 28800 ns
2025-09-10 18:45:21 [main] INFO  tiempos - Duracion del proceso intercambiarReferencias: 55800 ns
2025-09-10 18:45:21 [main] INFO  tiempos - Duracion del proceso intercambiarReferencias: 27000 ns
2025-09-10 18:45:21 [main] INFO  tiempos - Duracion del proceso intercambiarReferencias: 61500 ns
2025-09-10 18:45:21 [main] INFO  tiempos - Duracion del proceso intercambiarReferencias: 27600 ns
2025-09-10 18:45:21 [main] INFO  tiempos - Duracion del proceso intercambiarReferencias: 56100 ns
2025-09-10 18:45:21 [main] INFO  tiempos - Duracion del proceso intercambiarReferencias: 55000 ns
2025-09-10 18:45:21 [main] INFO  tiempos - Duracion del proceso intercambiarReferencias: 28800 ns
2025-09-10 18:45:21 [main] INFO  tiempos - Duracion del proceso intercambiarReferencias: 73300 ns
2025-09-10 18:45:21 [main] INFO  tiempos - Duracion de desencriptarFrase: 799000 ns
2025-09-10 18:45:21 [main] INFO  tiempos - Duracion del proceso intercambiarReferencias: 17200 ns
2025-09-10 18:45:21 [main] INFO  tiempos - Duracion del proceso intercambiarReferencias: 16300 ns
2025-09-10 18:45:21 [main] INFO  tiempos - Duracion del proceso intercambiarReferencias: 16000 ns
2025-09-10 18:45:21 [main] INFO  tiempos - Duracion del proceso intercambiarReferencias: 15700 ns
2025-09-10 18:45:21 [main] INFO  tiempos - Duracion del proceso intercambiarReferencias: 15900 ns
2025-09-10 18:45:21 [main] INFO  tiempos - Duracion del proceso intercambiarReferencias: 18800 ns
2025-09-10 18:45:21 [main] INFO  tiempos - Duracion del proceso intercambiarReferencias: 15800 ns
2025-09-10 18:45:21 [main] INFO  tiempos - Duracion del proceso intercambiarReferencias: 31900 ns
2025-09-10 18:45:21 [main] INFO  tiempos - Duracion del proceso intercambiarReferencias: 15600 ns
2025-09-10 18:45:21 [main] INFO  tiempos - Duracion del proceso intercambiarReferencias: 16200 ns
2025-09-10 18:45:21 [main] INFO  tiempos - Duracion del proceso intercambiarReferencias: 66800 ns
2025-09-10 18:45:21 [main] INFO  tiempos - Duracion del proceso intercambiarReferencias: 16000 ns
2025-09-10 18:45:21 [main] INFO  tiempos - Duracion del proceso intercambiarReferencias: 31800 ns
2025-09-10 18:45:21 [main] INFO  tiempos - Duracion del proceso intercambiarReferencias: 64500 ns
2025-09-10 18:45:21 [main] INFO  tiempos - Duracion del proceso intercambiarReferencias: 20500 ns
2025-09-10 18:45:21 [main] INFO  tiempos - Duracion del proceso intercambiarReferencias: 32200 ns
2025-09-10 18:45:21 [main] INFO  tiempos - Duracion del proceso intercambiarReferencias: 32000 ns
2025-09-10 18:45:21 [main] INFO  tiempos - Duracion del proceso intercambiarReferencias: 31800 ns
2025-09-10 18:45:21 [main] INFO  tiempos - Duracion de encriptarFrase: 1828200 ns
2025-09-10 18:45:21 [main] INFO  tiempos - Duracion del proceso intercambiarReferencias: 22500 ns
2025-09-10 18:45:21 [main] INFO  tiempos - Duracion del proceso intercambiarReferencias: 16900 ns
2025-09-10 18:45:21 [main] INFO  tiempos - Duracion del proceso intercambiarReferencias: 16100 ns
2025-09-10 18:45:21 [main] INFO  tiempos - Duracion del proceso intercambiarReferencias: 19300 ns
2025-09-10 18:45:21 [main] INFO  tiempos - Duracion del proceso intercambiarReferencias: 16100 ns
2025-09-10 18:45:21 [main] INFO  tiempos - Duracion del proceso intercambiarReferencias: 16000 ns
2025-09-10 18:45:21 [main] INFO  tiempos - Duracion del proceso intercambiarReferencias: 16700 ns
2025-09-10 18:45:21 [main] INFO  tiempos - Duracion del proceso intercambiarReferencias: 32500 ns
2025-09-10 18:45:21 [main] INFO  tiempos - Duracion del proceso intercambiarReferencias: 15800 ns
2025-09-10 18:45:21 [main] INFO  tiempos - Duracion del proceso intercambiarReferencias: 21800 ns
2025-09-10 18:45:21 [main] INFO  tiempos - Duracion del proceso intercambiarReferencias: 110800 ns
2025-09-10 18:45:21 [main] INFO  tiempos - Duracion del proceso intercambiarReferencias: 17300 ns
2025-09-10 18:45:21 [main] INFO  tiempos - Duracion del proceso intercambiarReferencias: 32900 ns
2025-09-10 18:45:21 [main] INFO  tiempos - Duracion del proceso intercambiarReferencias: 62700 ns
2025-09-10 18:45:21 [main] INFO  tiempos - Duracion del proceso intercambiarReferencias: 16300 ns
2025-09-10 18:45:21 [main] INFO  tiempos - Duracion del proceso intercambiarReferencias: 35100 ns
2025-09-10 18:45:21 [main] INFO  tiempos - Duracion del proceso intercambiarReferencias: 31900 ns
2025-09-10 18:45:21 [main] INFO  tiempos - Duracion del proceso intercambiarReferencias: 33100 ns
2025-09-10 18:45:21 [main] INFO  tiempos - Duracion de desencriptarFrase: 692800 ns
2025-09-10 18:45:21 [main] INFO  tiempos - Duracion del proceso intercambiarReferencias: 32400 ns
2025-09-10 18:45:21 [main] INFO  tiempos - Duracion del proceso intercambiarReferencias: 48300 ns
2025-09-10 18:45:21 [main] INFO  tiempos - Duracion del proceso intercambiarReferencias: 34300 ns
2025-09-10 18:45:21 [main] INFO  tiempos - Duracion del proceso intercambiarReferencias: 16700 ns
2025-09-10 18:45:21 [main] INFO  tiempos - Duracion del proceso intercambiarReferencias: 15600 ns
2025-09-10 18:45:21 [main] INFO  tiempos - Duracion del proceso intercambiarReferencias: 120100 ns
2025-09-10 18:45:21 [main] INFO  tiempos - Duracion de encriptarFrase: 849400 ns
2025-09-10 18:45:21 [main] INFO  tiempos - Duracion del proceso intercambiarReferencias: 64300 ns
2025-09-10 18:45:21 [main] INFO  tiempos - Duracion del proceso intercambiarReferencias: 83600 ns
2025-09-10 18:45:21 [main] INFO  tiempos - Duracion del proceso intercambiarReferencias: 58600 ns
2025-09-10 18:45:21 [main] INFO  tiempos - Duracion del proceso intercambiarReferencias: 34200 ns
2025-09-10 18:45:21 [main] INFO  tiempos - Duracion del proceso intercambiarReferencias: 28300 ns
2025-09-10 18:45:21 [main] INFO  tiempos - Duracion del proceso intercambiarReferencias: 85400 ns
2025-09-10 18:45:21 [main] INFO  tiempos - Duracion de desencriptarFrase: 478800 ns
2025-09-10 18:45:21 [main] INFO  tiempos - Duracion del proceso intercambiarReferencias: 32900 ns
2025-09-10 18:45:21 [main] INFO  tiempos - Duracion del proceso intercambiarReferencias: 31200 ns
2025-09-10 18:45:21 [main] INFO  tiempos - Duracion del proceso intercambiarReferencias: 16000 ns
2025-09-10 18:45:21 [main] INFO  tiempos - Duracion del proceso intercambiarReferencias: 15300 ns
2025-09-10 18:45:21 [main] INFO  tiempos - Duracion del proceso intercambiarReferencias: 50900 ns
2025-09-10 18:45:21 [main] INFO  tiempos - Duracion del proceso intercambiarReferencias: 15800 ns
2025-09-10 18:45:21 [main] INFO  tiempos - Duracion del proceso intercambiarReferencias: 24600 ns
2025-09-10 18:45:21 [main] INFO  tiempos - Duracion del proceso intercambiarReferencias: 57300 ns
2025-09-10 18:45:21 [main] INFO  tiempos - Duracion del proceso intercambiarReferencias: 16200 ns
2025-09-10 18:45:21 [main] INFO  tiempos - Duracion del proceso intercambiarReferencias: 67100 ns
2025-09-10 18:45:21 [main] INFO  tiempos - Duracion de encriptarFrase: 1269600 ns
2025-09-10 18:45:21 [main] INFO  tiempos - Duracion del proceso intercambiarReferencias: 59800 ns
2025-09-10 18:45:21 [main] INFO  tiempos - Duracion del proceso intercambiarReferencias: 44200 ns
2025-09-10 18:45:21 [main] INFO  tiempos - Duracion del proceso intercambiarReferencias: 22900 ns
2025-09-10 18:45:21 [main] INFO  tiempos - Duracion del proceso intercambiarReferencias: 23300 ns
2025-09-10 18:45:21 [main] INFO  tiempos - Duracion del proceso intercambiarReferencias: 50100 ns
2025-09-10 18:45:21 [main] INFO  tiempos - Duracion del proceso intercambiarReferencias: 16500 ns
2025-09-10 18:45:21 [main] INFO  tiempos - Duracion del proceso intercambiarReferencias: 82200 ns
2025-09-10 18:45:21 [main] INFO  tiempos - Duracion del proceso intercambiarReferencias: 49500 ns
2025-09-10 18:45:21 [main] INFO  tiempos - Duracion del proceso intercambiarReferencias: 22900 ns
2025-09-10 18:45:21 [main] INFO  tiempos - Duracion del proceso intercambiarReferencias: 71000 ns
2025-09-10 18:45:21 [main] INFO  tiempos - Duracion de desencriptarFrase: 561100 ns
2025-09-10 18:45:21 [main] INFO  tiempos - Duracion del proceso intercambiarReferencias: 151700 ns
2025-09-10 18:45:21 [main] INFO  tiempos - Duracion del proceso intercambiarReferencias: 27900 ns
2025-09-10 18:45:21 [main] INFO  tiempos - Duracion del proceso intercambiarReferencias: 17000 ns
2025-09-10 18:45:21 [main] INFO  tiempos - Duracion del proceso intercambiarReferencias: 32100 ns
2025-09-10 18:45:21 [main] INFO  tiempos - Duracion del proceso intercambiarReferencias: 23300 ns
2025-09-10 18:45:21 [main] INFO  tiempos - Duracion del proceso intercambiarReferencias: 32700 ns
2025-09-10 18:45:21 [main] INFO  tiempos - Duracion del proceso intercambiarReferencias: 32600 ns
2025-09-10 18:45:21 [main] INFO  tiempos - Duracion del proceso intercambiarReferencias: 16600 ns
2025-09-10 18:45:21 [main] INFO  tiempos - Duracion del proceso intercambiarReferencias: 16300 ns
2025-09-10 18:45:21 [main] INFO  tiempos - Duracion del proceso intercambiarReferencias: 115900 ns
2025-09-10 18:45:21 [main] INFO  tiempos - Duracion de encriptarFrase: 1327700 ns
2025-09-10 18:45:21 [main] INFO  tiempos - Duracion del proceso intercambiarReferencias: 40500 ns
2025-09-10 18:45:21 [main] INFO  tiempos - Duracion del proceso intercambiarReferencias: 16900 ns
2025-09-10 18:45:21 [main] INFO  tiempos - Duracion del proceso intercambiarReferencias: 16500 ns
2025-09-10 18:45:21 [main] INFO  tiempos - Duracion del proceso intercambiarReferencias: 32200 ns
2025-09-10 18:45:21 [main] INFO  tiempos - Duracion del proceso intercambiarReferencias: 16000 ns
2025-09-10 18:45:21 [main] INFO  tiempos - Duracion del proceso intercambiarReferencias: 32600 ns
2025-09-10 18:45:21 [main] INFO  tiempos - Duracion del proceso intercambiarReferencias: 32000 ns
2025-09-10 18:45:21 [main] INFO  tiempos - Duracion del proceso intercambiarReferencias: 16400 ns
2025-09-10 18:45:21 [main] INFO  tiempos - Duracion del proceso intercambiarReferencias: 16400 ns
2025-09-10 18:45:21 [main] INFO  tiempos - Duracion del proceso intercambiarReferencias: 32800 ns
2025-09-10 18:45:21 [main] INFO  tiempos - Duracion de desencriptarFrase: 342800 ns
2025-09-10 18:45:21 [main] INFO  tiempos - Duracion del proceso intercambiarReferencias: 23800 ns
2025-09-10 18:45:21 [main] INFO  tiempos - Duracion del proceso intercambiarReferencias: 24400 ns
2025-09-10 18:45:21 [main] INFO  tiempos - Duracion del proceso intercambiarReferencias: 93700 ns
2025-09-10 18:45:21 [main] INFO  tiempos - Duracion del proceso intercambiarReferencias: 23800 ns
2025-09-10 18:45:21 [main] INFO  tiempos - Duracion del proceso intercambiarReferencias: 27500 ns
2025-09-10 18:45:21 [main] INFO  tiempos - Duracion del proceso intercambiarReferencias: 73000 ns
2025-09-10 18:45:21 [main] INFO  tiempos - Duracion del proceso intercambiarReferencias: 24000 ns
2025-09-10 18:45:21 [main] INFO  tiempos - Duracion del proceso intercambiarReferencias: 24200 ns
2025-09-10 18:45:21 [main] INFO  tiempos - Duracion del proceso intercambiarReferencias: 155800 ns
2025-09-10 18:45:21 [main] INFO  tiempos - Duracion de encriptarFrase: 1743800 ns
2025-09-10 18:45:21 [main] INFO  tiempos - Duracion del proceso intercambiarReferencias: 43100 ns
2025-09-10 18:45:21 [main] INFO  tiempos - Duracion del proceso intercambiarReferencias: 27400 ns
2025-09-10 18:45:21 [main] INFO  tiempos - Duracion del proceso intercambiarReferencias: 79200 ns
2025-09-10 18:45:21 [main] INFO  tiempos - Duracion del proceso intercambiarReferencias: 23600 ns
2025-09-10 18:45:21 [main] INFO  tiempos - Duracion del proceso intercambiarReferencias: 29500 ns
2025-09-10 18:45:21 [main] INFO  tiempos - Duracion del proceso intercambiarReferencias: 64500 ns
2025-09-10 18:45:21 [main] INFO  tiempos - Duracion del proceso intercambiarReferencias: 31700 ns
2025-09-10 18:45:21 [main] INFO  tiempos - Duracion del proceso intercambiarReferencias: 33400 ns
2025-09-10 18:45:21 [main] INFO  tiempos - Duracion del proceso intercambiarReferencias: 136400 ns
2025-09-10 18:45:21 [main] INFO  tiempos - Duracion de desencriptarFrase: 615600 ns
2025-09-10 18:45:21 [main] INFO  tiempos - Duracion del proceso intercambiarReferencias: 17100 ns
2025-09-10 18:45:21 [main] INFO  tiempos - Duracion del proceso intercambiarReferencias: 101500 ns
2025-09-10 18:45:21 [main] INFO  tiempos - Duracion del proceso intercambiarReferencias: 19500 ns
2025-09-10 18:45:21 [main] INFO  tiempos - Duracion del proceso intercambiarReferencias: 33000 ns
2025-09-10 18:45:21 [main] INFO  tiempos - Duracion del proceso intercambiarReferencias: 67700 ns
2025-09-10 18:45:21 [main] INFO  tiempos - Duracion del proceso intercambiarReferencias: 84300 ns
2025-09-10 18:45:21 [main] INFO  tiempos - Duracion del proceso intercambiarReferencias: 15700 ns
2025-09-10 18:45:21 [main] INFO  tiempos - Duracion del proceso intercambiarReferencias: 51300 ns
2025-09-10 18:45:21 [main] INFO  tiempos - intercambiarReferencias duration: 0 ms
2025-09-10 18:45:21 [main] INFO  tiempos - Duracion del proceso intercambiarReferencias: 12100 ns
2025-09-10 18:45:21 [main] INFO  tiempos - Duracion del proceso intercambiarReferencias: 66600 ns
2025-09-10 18:45:21 [main] INFO  tiempos - Duracion del proceso intercambiarReferencias: 182200 ns
2025-09-10 18:45:21 [main] INFO  tiempos - Duracion de encriptarFrase: 1896800 ns
2025-09-10 18:45:21 [main] INFO  tiempos - Duracion del proceso intercambiarReferencias: 22200 ns
2025-09-10 18:45:21 [main] INFO  tiempos - Duracion del proceso intercambiarReferencias: 49500 ns
2025-09-10 18:45:21 [main] INFO  tiempos - Duracion del proceso intercambiarReferencias: 16700 ns
2025-09-10 18:45:21 [main] INFO  tiempos - Duracion del proceso intercambiarReferencias: 32600 ns
2025-09-10 18:45:21 [main] INFO  tiempos - Duracion del proceso intercambiarReferencias: 67200 ns
2025-09-10 18:45:21 [main] INFO  tiempos - Duracion del proceso intercambiarReferencias: 81200 ns
2025-09-10 18:45:21 [main] INFO  tiempos - Duracion del proceso intercambiarReferencias: 16400 ns
2025-09-10 18:45:21 [main] INFO  tiempos - Duracion del proceso intercambiarReferencias: 48100 ns
2025-09-10 18:45:21 [main] INFO  tiempos - intercambiarReferencias duration: 0 ms
2025-09-10 18:45:21 [main] INFO  tiempos - Duracion del proceso intercambiarReferencias: 11700 ns
2025-09-10 18:45:21 [main] INFO  tiempos - Duracion del proceso intercambiarReferencias: 64200 ns
2025-09-10 18:45:21 [main] INFO  tiempos - Duracion del proceso intercambiarReferencias: 81700 ns
2025-09-10 18:45:21 [main] INFO  tiempos - Duracion de desencriptarFrase: 601900 ns
2025-09-10 18:45:21 [main] INFO  tiempos - Duracion del proceso intercambiarReferencias: 35100 ns
2025-09-10 18:45:21 [main] INFO  tiempos - Duracion del proceso intercambiarReferencias: 21500 ns
2025-09-10 18:45:21 [main] INFO  tiempos - Duracion del proceso intercambiarReferencias: 37100 ns
2025-09-10 18:45:21 [main] INFO  tiempos - Duracion del proceso intercambiarReferencias: 68000 ns
2025-09-10 18:45:21 [main] INFO  tiempos - Duracion del proceso intercambiarReferencias: 47600 ns
2025-09-10 18:45:21 [main] INFO  tiempos - Duracion del proceso intercambiarReferencias: 31700 ns
2025-09-10 18:45:21 [main] INFO  tiempos - Duracion del proceso intercambiarReferencias: 15600 ns
2025-09-10 18:45:21 [main] INFO  tiempos - Duracion del proceso intercambiarReferencias: 17200 ns
2025-09-10 18:45:21 [main] INFO  tiempos - Duracion del proceso intercambiarReferencias: 32800 ns
2025-09-10 18:45:21 [main] INFO  tiempos - Duracion del proceso intercambiarReferencias: 15900 ns
2025-09-10 18:45:21 [main] INFO  tiempos - Duracion del proceso intercambiarReferencias: 48500 ns
2025-09-10 18:45:21 [main] INFO  tiempos - Duracion del proceso intercambiarReferencias: 15700 ns
2025-09-10 18:45:21 [main] INFO  tiempos - Duracion del proceso intercambiarReferencias: 15600 ns
2025-09-10 18:45:21 [main] INFO  tiempos - Duracion del proceso intercambiarReferencias: 62300 ns
2025-09-10 18:45:21 [main] INFO  tiempos - Duracion del proceso intercambiarReferencias: 50300 ns
2025-09-10 18:45:21 [main] INFO  tiempos - Duracion del proceso intercambiarReferencias: 56000 ns
2025-09-10 18:45:21 [main] INFO  tiempos - Duracion del proceso intercambiarReferencias: 30500 ns
2025-09-10 18:45:21 [main] INFO  tiempos - Duracion de encriptarFrase: 2205000 ns
2025-09-10 18:45:21 [main] INFO  tiempos - Duracion del proceso intercambiarReferencias: 21400 ns
2025-09-10 18:45:21 [main] INFO  tiempos - Duracion del proceso intercambiarReferencias: 16500 ns
2025-09-10 18:45:21 [main] INFO  tiempos - Duracion del proceso intercambiarReferencias: 31200 ns
2025-09-10 18:45:21 [main] INFO  tiempos - Duracion del proceso intercambiarReferencias: 62500 ns
2025-09-10 18:45:21 [main] INFO  tiempos - Duracion del proceso intercambiarReferencias: 47600 ns
2025-09-10 18:45:21 [main] INFO  tiempos - Duracion del proceso intercambiarReferencias: 31100 ns
2025-09-10 18:45:21 [main] INFO  tiempos - Duracion del proceso intercambiarReferencias: 18400 ns
2025-09-10 18:45:21 [main] INFO  tiempos - Duracion del proceso intercambiarReferencias: 15700 ns
2025-09-10 18:45:21 [main] INFO  tiempos - Duracion del proceso intercambiarReferencias: 35500 ns
2025-09-10 18:45:21 [main] INFO  tiempos - Duracion del proceso intercambiarReferencias: 15800 ns
2025-09-10 18:45:21 [main] INFO  tiempos - Duracion del proceso intercambiarReferencias: 52600 ns
2025-09-10 18:45:21 [main] INFO  tiempos - Duracion del proceso intercambiarReferencias: 16200 ns
2025-09-10 18:45:21 [main] INFO  tiempos - Duracion del proceso intercambiarReferencias: 15600 ns
2025-09-10 18:45:21 [main] INFO  tiempos - Duracion del proceso intercambiarReferencias: 62300 ns
2025-09-10 18:45:21 [main] INFO  tiempos - Duracion del proceso intercambiarReferencias: 48600 ns
2025-09-10 18:45:21 [main] INFO  tiempos - Duracion del proceso intercambiarReferencias: 31000 ns
2025-09-10 18:45:21 [main] INFO  tiempos - Duracion del proceso intercambiarReferencias: 30800 ns
2025-09-10 18:45:21 [main] INFO  tiempos - Duracion de desencriptarFrase: 693000 ns
2025-09-10 18:45:21 [main] INFO  tiempos - intercambiarReferencias duration: 0 ms
2025-09-10 18:45:21 [main] INFO  tiempos - Duracion del proceso intercambiarReferencias: 16900 ns
2025-09-10 18:45:21 [main] INFO  tiempos - Duracion del proceso intercambiarReferencias: 19300 ns
2025-09-10 18:45:21 [main] INFO  tiempos - Duracion del proceso intercambiarReferencias: 38400 ns
2025-09-10 18:45:21 [main] INFO  tiempos - Duracion del proceso intercambiarReferencias: 59700 ns
2025-09-10 18:45:21 [main] INFO  tiempos - Duracion del proceso intercambiarReferencias: 20400 ns
2025-09-10 18:45:21 [main] INFO  tiempos - Duracion del proceso intercambiarReferencias: 38200 ns
2025-09-10 18:45:21 [main] INFO  tiempos - Duracion del proceso intercambiarReferencias: 40900 ns
2025-09-10 18:45:21 [main] INFO  tiempos - Duracion del proceso intercambiarReferencias: 19200 ns
2025-09-10 18:45:21 [main] INFO  tiempos - Duracion del proceso intercambiarReferencias: 41700 ns
2025-09-10 18:45:21 [main] INFO  tiempos - Duracion del proceso intercambiarReferencias: 48400 ns
2025-09-10 18:45:21 [main] INFO  tiempos - Duracion del proceso intercambiarReferencias: 33700 ns
2025-09-10 18:45:21 [main] INFO  tiempos - Duracion del proceso intercambiarReferencias: 49500 ns
2025-09-10 18:45:21 [main] INFO  tiempos - Duracion del proceso intercambiarReferencias: 40500 ns
2025-09-10 18:45:21 [main] INFO  tiempos - Duracion del proceso intercambiarReferencias: 102600 ns
2025-09-10 18:45:21 [main] INFO  tiempos - intercambiarReferencias duration: 0 ms
2025-09-10 18:45:21 [main] INFO  tiempos - Duracion del proceso intercambiarReferencias: 11300 ns
2025-09-10 18:45:21 [main] INFO  tiempos - Duracion del proceso intercambiarReferencias: 30800 ns
2025-09-10 18:45:21 [main] INFO  tiempos - Duracion de encriptarFrase: 2156100 ns
2025-09-10 18:45:21 [main] INFO  tiempos - intercambiarReferencias duration: 0 ms
2025-09-10 18:45:21 [main] INFO  tiempos - Duracion del proceso intercambiarReferencias: 22000 ns
2025-09-10 18:45:21 [main] INFO  tiempos - Duracion del proceso intercambiarReferencias: 18000 ns
2025-09-10 18:45:21 [main] INFO  tiempos - Duracion del proceso intercambiarReferencias: 33000 ns
2025-09-10 18:45:21 [main] INFO  tiempos - Duracion del proceso intercambiarReferencias: 47500 ns
2025-09-10 18:45:21 [main] INFO  tiempos - Duracion del proceso intercambiarReferencias: 16500 ns
2025-09-10 18:45:21 [main] INFO  tiempos - Duracion del proceso intercambiarReferencias: 34400 ns
2025-09-10 18:45:21 [main] INFO  tiempos - Duracion del proceso intercambiarReferencias: 36400 ns
2025-09-10 18:45:21 [main] INFO  tiempos - Duracion del proceso intercambiarReferencias: 16000 ns
2025-09-10 18:45:21 [main] INFO  tiempos - Duracion del proceso intercambiarReferencias: 32200 ns
2025-09-10 18:45:21 [main] INFO  tiempos - Duracion del proceso intercambiarReferencias: 49600 ns
2025-09-10 18:45:21 [main] INFO  tiempos - Duracion del proceso intercambiarReferencias: 32200 ns
2025-09-10 18:45:21 [main] INFO  tiempos - Duracion del proceso intercambiarReferencias: 48300 ns
2025-09-10 18:45:21 [main] INFO  tiempos - Duracion del proceso intercambiarReferencias: 34700 ns
2025-09-10 18:45:21 [main] INFO  tiempos - Duracion del proceso intercambiarReferencias: 67800 ns
2025-09-10 18:45:21 [main] INFO  tiempos - intercambiarReferencias duration: 0 ms
2025-09-10 18:45:21 [main] INFO  tiempos - Duracion del proceso intercambiarReferencias: 12100 ns
2025-09-10 18:45:21 [main] INFO  tiempos - Duracion del proceso intercambiarReferencias: 34100 ns
2025-09-10 18:45:21 [main] INFO  tiempos - Duracion de desencriptarFrase: 678800 ns
2025-09-10 18:45:21 [main] INFO  tiempos - Duracion del proceso intercambiarReferencias: 46800 ns
2025-09-10 18:45:21 [main] INFO  tiempos - Duracion del proceso intercambiarReferencias: 16100 ns
2025-09-10 18:45:21 [main] INFO  tiempos - Duracion del proceso intercambiarReferencias: 31600 ns
2025-09-10 18:45:21 [main] INFO  tiempos - Duracion del proceso intercambiarReferencias: 15200 ns
2025-09-10 18:45:21 [main] INFO  tiempos - Duracion del proceso intercambiarReferencias: 31900 ns
2025-09-10 18:45:21 [main] INFO  tiempos - Duracion del proceso intercambiarReferencias: 15600 ns
2025-09-10 18:45:21 [main] INFO  tiempos - Duracion del proceso intercambiarReferencias: 62400 ns
2025-09-10 18:45:21 [main] INFO  tiempos - Duracion del proceso intercambiarReferencias: 15600 ns
2025-09-10 18:45:21 [main] INFO  tiempos - Duracion del proceso intercambiarReferencias: 62900 ns
2025-09-10 18:45:21 [main] INFO  tiempos - Duracion del proceso intercambiarReferencias: 15900 ns
2025-09-10 18:45:21 [main] INFO  tiempos - Duracion del proceso intercambiarReferencias: 82500 ns
2025-09-10 18:45:21 [main] INFO  tiempos - Duracion del proceso intercambiarReferencias: 15500 ns
2025-09-10 18:45:21 [main] INFO  tiempos - Duracion del proceso intercambiarReferencias: 30900 ns
2025-09-10 18:45:21 [main] INFO  tiempos - Duracion del proceso intercambiarReferencias: 62200 ns
2025-09-10 18:45:21 [main] INFO  tiempos - Duracion del proceso intercambiarReferencias: 77700 ns
2025-09-10 18:45:21 [main] INFO  tiempos - Duracion de encriptarFrase: 2299500 ns
2025-09-10 18:45:21 [main] INFO  tiempos - Duracion del proceso intercambiarReferencias: 54200 ns
2025-09-10 18:45:21 [main] INFO  tiempos - Duracion del proceso intercambiarReferencias: 17400 ns
2025-09-10 18:45:21 [main] INFO  tiempos - Duracion del proceso intercambiarReferencias: 47500 ns
2025-09-10 18:45:21 [main] INFO  tiempos - Duracion del proceso intercambiarReferencias: 25100 ns
2025-09-10 18:45:21 [main] INFO  tiempos - Duracion del proceso intercambiarReferencias: 32200 ns
2025-09-10 18:45:21 [main] INFO  tiempos - Duracion del proceso intercambiarReferencias: 16300 ns
2025-09-10 18:45:21 [main] INFO  tiempos - Duracion del proceso intercambiarReferencias: 63700 ns
2025-09-10 18:45:21 [main] INFO  tiempos - Duracion del proceso intercambiarReferencias: 17000 ns
2025-09-10 18:45:21 [main] INFO  tiempos - Duracion del proceso intercambiarReferencias: 87100 ns
2025-09-10 18:45:21 [main] INFO  tiempos - Duracion del proceso intercambiarReferencias: 39700 ns
2025-09-10 18:45:21 [main] INFO  tiempos - Duracion del proceso intercambiarReferencias: 157300 ns
2025-09-10 18:45:21 [main] INFO  tiempos - Duracion del proceso intercambiarReferencias: 33100 ns
2025-09-10 18:45:21 [main] INFO  tiempos - Duracion del proceso intercambiarReferencias: 51900 ns
2025-09-10 18:45:21 [main] INFO  tiempos - Duracion del proceso intercambiarReferencias: 105900 ns
2025-09-10 18:45:21 [main] INFO  tiempos - Duracion del proceso intercambiarReferencias: 147900 ns
2025-09-10 18:45:21 [main] INFO  tiempos - Duracion de desencriptarFrase: 1145000 ns
2025-09-10 18:45:21 [main] INFO  tiempos - Duracion del proceso intercambiarReferencias: 78200 ns
2025-09-10 18:45:21 [main] INFO  tiempos - Duracion del proceso intercambiarReferencias: 25900 ns
2025-09-10 18:45:21 [main] INFO  tiempos - Duracion del proceso intercambiarReferencias: 21900 ns
2025-09-10 18:45:21 [main] INFO  tiempos - Duracion del proceso intercambiarReferencias: 15800 ns
2025-09-10 18:45:21 [main] INFO  tiempos - Duracion del proceso intercambiarReferencias: 18000 ns
2025-09-10 18:45:21 [main] INFO  tiempos - Duracion del proceso intercambiarReferencias: 48100 ns
2025-09-10 18:45:21 [main] INFO  tiempos - Duracion del proceso intercambiarReferencias: 15900 ns
2025-09-10 18:45:21 [main] INFO  tiempos - Duracion del proceso intercambiarReferencias: 31000 ns
2025-09-10 18:45:21 [main] INFO  tiempos - Duracion del proceso intercambiarReferencias: 15700 ns
2025-09-10 18:45:21 [main] INFO  tiempos - Duracion del proceso intercambiarReferencias: 32200 ns
2025-09-10 18:45:21 [main] INFO  tiempos - Duracion del proceso intercambiarReferencias: 60200 ns
2025-09-10 18:45:21 [main] INFO  tiempos - Duracion del proceso intercambiarReferencias: 31500 ns
2025-09-10 18:45:21 [main] INFO  tiempos - Duracion del proceso intercambiarReferencias: 63300 ns
2025-09-10 18:45:21 [main] INFO  tiempos - Duracion de encriptarFrase: 1885400 ns
2025-09-10 18:45:21 [main] INFO  tiempos - Duracion del proceso intercambiarReferencias: 56300 ns
2025-09-10 18:45:21 [main] INFO  tiempos - Duracion del proceso intercambiarReferencias: 17300 ns
2025-09-10 18:45:21 [main] INFO  tiempos - Duracion del proceso intercambiarReferencias: 15800 ns
2025-09-10 18:45:21 [main] INFO  tiempos - Duracion del proceso intercambiarReferencias: 18400 ns
2025-09-10 18:45:21 [main] INFO  tiempos - Duracion del proceso intercambiarReferencias: 17800 ns
2025-09-10 18:45:21 [main] INFO  tiempos - Duracion del proceso intercambiarReferencias: 50100 ns
2025-09-10 18:45:21 [main] INFO  tiempos - Duracion del proceso intercambiarReferencias: 72200 ns
2025-09-10 18:45:21 [main] INFO  tiempos - Duracion del proceso intercambiarReferencias: 33200 ns
2025-09-10 18:45:21 [main] INFO  tiempos - Duracion del proceso intercambiarReferencias: 16900 ns
2025-09-10 18:45:21 [main] INFO  tiempos - Duracion del proceso intercambiarReferencias: 31600 ns
2025-09-10 18:45:21 [main] INFO  tiempos - Duracion del proceso intercambiarReferencias: 32100 ns
2025-09-10 18:45:21 [main] INFO  tiempos - Duracion del proceso intercambiarReferencias: 16600 ns
2025-09-10 18:45:21 [main] INFO  tiempos - Duracion del proceso intercambiarReferencias: 79100 ns
2025-09-10 18:45:21 [main] INFO  tiempos - Duracion de desencriptarFrase: 582500 ns
2025-09-10 18:45:21 [main] INFO  tiempos - Duracion del proceso intercambiarReferencias: 52000 ns
2025-09-10 18:45:21 [main] INFO  tiempos - Duracion del proceso intercambiarReferencias: 15600 ns
2025-09-10 18:45:21 [main] INFO  tiempos - Duracion del proceso intercambiarReferencias: 30600 ns
2025-09-10 18:45:21 [main] INFO  tiempos - intercambiarReferencias duration: 0 ms
2025-09-10 18:45:21 [main] INFO  tiempos - Duracion del proceso intercambiarReferencias: 11800 ns
2025-09-10 18:45:21 [main] INFO  tiempos - Duracion del proceso intercambiarReferencias: 47600 ns
2025-09-10 18:45:21 [main] INFO  tiempos - Duracion del proceso intercambiarReferencias: 16100 ns
2025-09-10 18:45:21 [main] INFO  tiempos - Duracion del proceso intercambiarReferencias: 34600 ns
2025-09-10 18:45:21 [main] INFO  tiempos - Duracion del proceso intercambiarReferencias: 31300 ns
2025-09-10 18:45:21 [main] INFO  tiempos - Duracion del proceso intercambiarReferencias: 15600 ns
2025-09-10 18:45:21 [main] INFO  tiempos - Duracion del proceso intercambiarReferencias: 15700 ns
2025-09-10 18:45:21 [main] INFO  tiempos - Duracion del proceso intercambiarReferencias: 50800 ns
2025-09-10 18:45:21 [main] INFO  tiempos - Duracion del proceso intercambiarReferencias: 34700 ns
2025-09-10 18:45:21 [main] INFO  tiempos - Duracion del proceso intercambiarReferencias: 31200 ns
2025-09-10 18:45:21 [main] INFO  tiempos - Duracion del proceso intercambiarReferencias: 15800 ns
2025-09-10 18:45:21 [main] INFO  tiempos - Duracion del proceso intercambiarReferencias: 63100 ns
2025-09-10 18:45:21 [main] INFO  tiempos - Duracion del proceso intercambiarReferencias: 33900 ns
2025-09-10 18:45:21 [main] INFO  tiempos - Duracion del proceso intercambiarReferencias: 15900 ns
2025-09-10 18:45:21 [main] INFO  tiempos - Duracion del proceso intercambiarReferencias: 109700 ns
2025-09-10 18:45:21 [main] INFO  tiempos - Duracion de encriptarFrase: 2246900 ns
2025-09-10 18:45:21 [main] INFO  tiempos - Duracion del proceso intercambiarReferencias: 68600 ns
2025-09-10 18:45:21 [main] INFO  tiempos - Duracion del proceso intercambiarReferencias: 71700 ns
2025-09-10 18:45:21 [main] INFO  tiempos - Duracion del proceso intercambiarReferencias: 33400 ns
2025-09-10 18:45:21 [main] INFO  tiempos - intercambiarReferencias duration: 0 ms
2025-09-10 18:45:21 [main] INFO  tiempos - Duracion del proceso intercambiarReferencias: 12500 ns
2025-09-10 18:45:21 [main] INFO  tiempos - Duracion del proceso intercambiarReferencias: 48100 ns
2025-09-10 18:45:21 [main] INFO  tiempos - Duracion del proceso intercambiarReferencias: 16300 ns
2025-09-10 18:45:21 [main] INFO  tiempos - Duracion del proceso intercambiarReferencias: 31900 ns
2025-09-10 18:45:21 [main] INFO  tiempos - Duracion del proceso intercambiarReferencias: 31400 ns
2025-09-10 18:45:21 [main] INFO  tiempos - Duracion del proceso intercambiarReferencias: 15800 ns
2025-09-10 18:45:21 [main] INFO  tiempos - Duracion del proceso intercambiarReferencias: 16000 ns
2025-09-10 18:45:21 [main] INFO  tiempos - Duracion del proceso intercambiarReferencias: 50800 ns
2025-09-10 18:45:21 [main] INFO  tiempos - Duracion del proceso intercambiarReferencias: 36900 ns
2025-09-10 18:45:21 [main] INFO  tiempos - Duracion del proceso intercambiarReferencias: 36600 ns
2025-09-10 18:45:21 [main] INFO  tiempos - Duracion del proceso intercambiarReferencias: 18400 ns
2025-09-10 18:45:21 [main] INFO  tiempos - Duracion del proceso intercambiarReferencias: 67800 ns
2025-09-10 18:45:21 [main] INFO  tiempos - Duracion del proceso intercambiarReferencias: 31800 ns
2025-09-10 18:45:21 [main] INFO  tiempos - Duracion del proceso intercambiarReferencias: 19100 ns
2025-09-10 18:45:21 [main] INFO  tiempos - Duracion del proceso intercambiarReferencias: 109000 ns
2025-09-10 18:45:21 [main] INFO  tiempos - Duracion de desencriptarFrase: 900800 ns
2025-09-10 18:45:21 [main] INFO  tiempos - Duracion del proceso intercambiarReferencias: 15700 ns
2025-09-10 18:45:21 [main] INFO  tiempos - Duracion del proceso intercambiarReferencias: 31300 ns
2025-09-10 18:45:21 [main] INFO  tiempos - Duracion del proceso intercambiarReferencias: 65600 ns
2025-09-10 18:45:21 [main] INFO  tiempos - Duracion del proceso intercambiarReferencias: 31500 ns
2025-09-10 18:45:21 [main] INFO  tiempos - Duracion del proceso intercambiarReferencias: 15900 ns
2025-09-10 18:45:21 [main] INFO  tiempos - Duracion del proceso intercambiarReferencias: 31100 ns
2025-09-10 18:45:21 [main] INFO  tiempos - Duracion del proceso intercambiarReferencias: 15300 ns
2025-09-10 18:45:21 [main] INFO  tiempos - Duracion del proceso intercambiarReferencias: 15500 ns
2025-09-10 18:45:21 [main] INFO  tiempos - Duracion del proceso intercambiarReferencias: 32300 ns
2025-09-10 18:45:21 [main] INFO  tiempos - Duracion del proceso intercambiarReferencias: 46300 ns
2025-09-10 18:45:21 [main] INFO  tiempos - Duracion del proceso intercambiarReferencias: 16000 ns
2025-09-10 18:45:21 [main] INFO  tiempos - Duracion del proceso intercambiarReferencias: 31000 ns
2025-09-10 18:45:21 [main] INFO  tiempos - Duracion del proceso intercambiarReferencias: 15200 ns
2025-09-10 18:45:21 [main] INFO  tiempos - Duracion del proceso intercambiarReferencias: 31600 ns
2025-09-10 18:45:21 [main] INFO  tiempos - Duracion del proceso intercambiarReferencias: 45800 ns
2025-09-10 18:45:21 [main] INFO  tiempos - Duracion del proceso intercambiarReferencias: 15400 ns
2025-09-10 18:45:21 [main] INFO  tiempos - Duracion del proceso intercambiarReferencias: 47000 ns
2025-09-10 18:45:21 [main] INFO  tiempos - Duracion del proceso intercambiarReferencias: 61900 ns
2025-09-10 18:45:21 [main] INFO  tiempos - Duracion del proceso intercambiarReferencias: 48500 ns
2025-09-10 18:45:21 [main] INFO  tiempos - Duracion del proceso intercambiarReferencias: 80900 ns
2025-09-10 18:45:21 [main] INFO  tiempos - Duracion del proceso intercambiarReferencias: 31000 ns
2025-09-10 18:45:21 [main] INFO  tiempos - Duracion del proceso intercambiarReferencias: 33500 ns
2025-09-10 18:45:21 [main] INFO  tiempos - Duracion del proceso intercambiarReferencias: 95000 ns
2025-09-10 18:45:21 [main] INFO  tiempos - Duracion del proceso intercambiarReferencias: 15300 ns
2025-09-10 18:45:21 [main] INFO  tiempos - Duracion del proceso intercambiarReferencias: 187200 ns
2025-09-10 18:45:21 [main] INFO  tiempos - Duracion de encriptarFrase: 3594500 ns
2025-09-10 18:45:21 [main] INFO  tiempos - Duracion del proceso intercambiarReferencias: 27400 ns
2025-09-10 18:45:21 [main] INFO  tiempos - Duracion del proceso intercambiarReferencias: 33300 ns
2025-09-10 18:45:21 [main] INFO  tiempos - Duracion del proceso intercambiarReferencias: 64500 ns
2025-09-10 18:45:21 [main] INFO  tiempos - Duracion del proceso intercambiarReferencias: 32500 ns
2025-09-10 18:45:21 [main] INFO  tiempos - Duracion del proceso intercambiarReferencias: 16300 ns
2025-09-10 18:45:21 [main] INFO  tiempos - Duracion del proceso intercambiarReferencias: 31400 ns
2025-09-10 18:45:21 [main] INFO  tiempos - Duracion del proceso intercambiarReferencias: 19400 ns
2025-09-10 18:45:21 [main] INFO  tiempos - Duracion del proceso intercambiarReferencias: 16600 ns
2025-09-10 18:45:21 [main] INFO  tiempos - Duracion del proceso intercambiarReferencias: 32200 ns
2025-09-10 18:45:21 [main] INFO  tiempos - Duracion del proceso intercambiarReferencias: 47300 ns
2025-09-10 18:45:21 [main] INFO  tiempos - Duracion del proceso intercambiarReferencias: 16200 ns
2025-09-10 18:45:21 [main] INFO  tiempos - Duracion del proceso intercambiarReferencias: 32200 ns
2025-09-10 18:45:21 [main] INFO  tiempos - Duracion del proceso intercambiarReferencias: 16200 ns
2025-09-10 18:45:21 [main] INFO  tiempos - Duracion del proceso intercambiarReferencias: 31200 ns
2025-09-10 18:45:21 [main] INFO  tiempos - Duracion del proceso intercambiarReferencias: 48500 ns
2025-09-10 18:45:21 [main] INFO  tiempos - Duracion del proceso intercambiarReferencias: 16100 ns
2025-09-10 18:45:21 [main] INFO  tiempos - Duracion del proceso intercambiarReferencias: 48900 ns
2025-09-10 18:45:21 [main] INFO  tiempos - Duracion del proceso intercambiarReferencias: 62100 ns
2025-09-10 18:45:21 [main] INFO  tiempos - Duracion del proceso intercambiarReferencias: 46500 ns
2025-09-10 18:45:21 [main] INFO  tiempos - Duracion del proceso intercambiarReferencias: 119200 ns
2025-09-10 18:45:21 [main] INFO  tiempos - Duracion del proceso intercambiarReferencias: 31300 ns
2025-09-10 18:45:21 [main] INFO  tiempos - Duracion del proceso intercambiarReferencias: 30900 ns
2025-09-10 18:45:21 [main] INFO  tiempos - Duracion del proceso intercambiarReferencias: 104000 ns
2025-09-10 18:45:21 [main] INFO  tiempos - Duracion del proceso intercambiarReferencias: 16500 ns
2025-09-10 18:45:21 [main] INFO  tiempos - Duracion del proceso intercambiarReferencias: 109900 ns
2025-09-10 18:45:21 [main] INFO  tiempos - Duracion de desencriptarFrase: 1328700 ns
2025-09-10 18:45:21 [main] INFO  tiempos - Duracion del proceso intercambiarReferencias: 75800 ns
2025-09-10 18:45:21 [main] INFO  tiempos - Duracion del proceso intercambiarReferencias: 26300 ns
2025-09-10 18:45:21 [main] INFO  tiempos - Duracion del proceso intercambiarReferencias: 24800 ns
2025-09-10 18:45:21 [main] INFO  tiempos - Duracion del proceso intercambiarReferencias: 72900 ns
2025-09-10 18:45:21 [main] INFO  tiempos - Duracion del proceso intercambiarReferencias: 71600 ns
2025-09-10 18:45:21 [main] INFO  tiempos - Duracion del proceso intercambiarReferencias: 74700 ns
2025-09-10 18:45:21 [main] INFO  tiempos - Duracion del proceso intercambiarReferencias: 76300 ns
2025-09-10 18:45:21 [main] INFO  tiempos - Duracion del proceso intercambiarReferencias: 27600 ns
2025-09-10 18:45:21 [main] INFO  tiempos - Duracion del proceso intercambiarReferencias: 60400 ns
2025-09-10 18:45:21 [main] INFO  tiempos - Duracion del proceso intercambiarReferencias: 57300 ns
2025-09-10 18:45:21 [main] INFO  tiempos - Duracion del proceso intercambiarReferencias: 75400 ns
2025-09-10 18:45:21 [main] INFO  tiempos - Duracion del proceso intercambiarReferencias: 72500 ns
2025-09-10 18:45:21 [main] INFO  tiempos - Duracion de encriptarFrase: 2480000 ns
2025-09-10 18:45:21 [main] INFO  tiempos - Duracion del proceso intercambiarReferencias: 63100 ns
2025-09-10 18:45:21 [main] INFO  tiempos - Duracion del proceso intercambiarReferencias: 17600 ns
2025-09-10 18:45:21 [main] INFO  tiempos - Duracion del proceso intercambiarReferencias: 16500 ns
2025-09-10 18:45:21 [main] INFO  tiempos - Duracion del proceso intercambiarReferencias: 49000 ns
2025-09-10 18:45:21 [main] INFO  tiempos - Duracion del proceso intercambiarReferencias: 32700 ns
2025-09-10 18:45:21 [main] INFO  tiempos - Duracion del proceso intercambiarReferencias: 48000 ns
2025-09-10 18:45:21 [main] INFO  tiempos - Duracion del proceso intercambiarReferencias: 47600 ns
2025-09-10 18:45:21 [main] INFO  tiempos - Duracion del proceso intercambiarReferencias: 17400 ns
2025-09-10 18:45:21 [main] INFO  tiempos - Duracion del proceso intercambiarReferencias: 33000 ns
2025-09-10 18:45:21 [main] INFO  tiempos - Duracion del proceso intercambiarReferencias: 31900 ns
2025-09-10 18:45:21 [main] INFO  tiempos - Duracion del proceso intercambiarReferencias: 54000 ns
2025-09-10 18:45:21 [main] INFO  tiempos - Duracion del proceso intercambiarReferencias: 47900 ns
2025-09-10 18:45:21 [main] INFO  tiempos - Duracion de desencriptarFrase: 573800 ns
2025-09-10 18:45:21 [main] INFO  tiempos - Duracion del proceso Main: 3674 ms
2025-09-10 18:47:10 [main] INFO  tiempos - Duracion del proceso intercambiarReferencias: 140000 ns
2025-09-10 18:47:10 [main] INFO  tiempos - Duracion del proceso intercambiarReferencias: 409600 ns
2025-09-10 18:47:10 [main] INFO  tiempos - Duracion del proceso intercambiarReferencias: 260000 ns
2025-09-10 18:47:10 [main] INFO  tiempos - Duracion del proceso intercambiarReferencias: 211300 ns
2025-09-10 18:47:10 [main] INFO  tiempos - Duracion del proceso intercambiarReferencias: 573200 ns
2025-09-10 18:47:10 [main] INFO  tiempos - Duracion del proceso intercambiarReferencias: 335200 ns
2025-09-10 18:47:10 [main] INFO  tiempos - Duracion de encriptarFrase: 7443600 ns
2025-09-10 18:47:10 [main] INFO  tiempos - Duracion del proceso intercambiarReferencias: 219900 ns
2025-09-10 18:47:10 [main] INFO  tiempos - Duracion del proceso intercambiarReferencias: 315600 ns
2025-09-10 18:47:10 [main] INFO  tiempos - Duracion del proceso intercambiarReferencias: 206600 ns
2025-09-10 18:47:10 [main] INFO  tiempos - Duracion del proceso intercambiarReferencias: 215900 ns
2025-09-10 18:47:10 [main] INFO  tiempos - Duracion del proceso intercambiarReferencias: 438400 ns
2025-09-10 18:47:10 [main] INFO  tiempos - Duracion del proceso intercambiarReferencias: 191900 ns
2025-09-10 18:47:10 [main] INFO  tiempos - Duracion de desencriptarFrase: 2037100 ns
2025-09-10 18:47:10 [main] INFO  tiempos - Duracion del proceso intercambiarReferencias: 117900 ns
2025-09-10 18:47:10 [main] INFO  tiempos - Duracion del proceso intercambiarReferencias: 169400 ns
2025-09-10 18:47:10 [main] INFO  tiempos - Duracion del proceso intercambiarReferencias: 123100 ns
2025-09-10 18:47:10 [main] INFO  tiempos - Duracion del proceso intercambiarReferencias: 122800 ns
2025-09-10 18:47:10 [main] INFO  tiempos - Duracion del proceso intercambiarReferencias: 448400 ns
2025-09-10 18:47:10 [main] INFO  tiempos - Duracion del proceso intercambiarReferencias: 236000 ns
2025-09-10 18:47:10 [main] INFO  tiempos - Duracion del proceso intercambiarReferencias: 131300 ns
2025-09-10 18:47:10 [main] INFO  tiempos - Duracion del proceso intercambiarReferencias: 109300 ns
2025-09-10 18:47:10 [main] INFO  tiempos - Duracion del proceso intercambiarReferencias: 103300 ns
2025-09-10 18:47:10 [main] INFO  tiempos - Duracion del proceso intercambiarReferencias: 230200 ns
2025-09-10 18:47:10 [main] INFO  tiempos - Duracion del proceso intercambiarReferencias: 109600 ns
2025-09-10 18:47:10 [main] INFO  tiempos - Duracion del proceso intercambiarReferencias: 124200 ns
2025-09-10 18:47:10 [main] INFO  tiempos - Duracion del proceso intercambiarReferencias: 124000 ns
2025-09-10 18:47:10 [main] INFO  tiempos - Duracion del proceso intercambiarReferencias: 236100 ns
2025-09-10 18:47:10 [main] INFO  tiempos - Duracion del proceso intercambiarReferencias: 102300 ns
2025-09-10 18:47:10 [main] INFO  tiempos - Duracion del proceso intercambiarReferencias: 97400 ns
2025-09-10 18:47:10 [main] INFO  tiempos - Duracion del proceso intercambiarReferencias: 100500 ns
2025-09-10 18:47:10 [main] INFO  tiempos - Duracion del proceso intercambiarReferencias: 94600 ns
2025-09-10 18:47:10 [main] INFO  tiempos - Duracion de encriptarFrase: 11721700 ns
2025-09-10 18:47:10 [main] INFO  tiempos - Duracion del proceso intercambiarReferencias: 139900 ns
2025-09-10 18:47:10 [main] INFO  tiempos - Duracion del proceso intercambiarReferencias: 95400 ns
2025-09-10 18:47:10 [main] INFO  tiempos - Duracion del proceso intercambiarReferencias: 105300 ns
2025-09-10 18:47:10 [main] INFO  tiempos - Duracion del proceso intercambiarReferencias: 87200 ns
2025-09-10 18:47:10 [main] INFO  tiempos - Duracion del proceso intercambiarReferencias: 258300 ns
2025-09-10 18:47:10 [main] INFO  tiempos - Duracion del proceso intercambiarReferencias: 87100 ns
2025-09-10 18:47:10 [main] INFO  tiempos - Duracion del proceso intercambiarReferencias: 120100 ns
2025-09-10 18:47:10 [main] INFO  tiempos - Duracion del proceso intercambiarReferencias: 98500 ns
2025-09-10 18:47:10 [main] INFO  tiempos - Duracion del proceso intercambiarReferencias: 93500 ns
2025-09-10 18:47:10 [main] INFO  tiempos - Duracion del proceso intercambiarReferencias: 80400 ns
2025-09-10 18:47:10 [main] INFO  tiempos - Duracion del proceso intercambiarReferencias: 83600 ns
2025-09-10 18:47:10 [main] INFO  tiempos - Duracion del proceso intercambiarReferencias: 100500 ns
2025-09-10 18:47:10 [main] INFO  tiempos - Duracion del proceso intercambiarReferencias: 93200 ns
2025-09-10 18:47:10 [main] INFO  tiempos - Duracion del proceso intercambiarReferencias: 177100 ns
2025-09-10 18:47:10 [main] INFO  tiempos - Duracion del proceso intercambiarReferencias: 154100 ns
2025-09-10 18:47:10 [main] INFO  tiempos - Duracion del proceso intercambiarReferencias: 244200 ns
2025-09-10 18:47:10 [main] INFO  tiempos - Duracion del proceso intercambiarReferencias: 85700 ns
2025-09-10 18:47:10 [main] INFO  tiempos - Duracion del proceso intercambiarReferencias: 84400 ns
2025-09-10 18:47:10 [main] INFO  tiempos - Duracion de desencriptarFrase: 3024500 ns
2025-09-10 18:47:10 [main] INFO  tiempos - Duracion del proceso intercambiarReferencias: 302500 ns
2025-09-10 18:47:10 [main] INFO  tiempos - Duracion del proceso intercambiarReferencias: 325700 ns
2025-09-10 18:47:10 [main] INFO  tiempos - Duracion del proceso intercambiarReferencias: 457800 ns
2025-09-10 18:47:10 [main] INFO  tiempos - Duracion del proceso intercambiarReferencias: 157800 ns
2025-09-10 18:47:10 [main] INFO  tiempos - Duracion del proceso intercambiarReferencias: 83500 ns
2025-09-10 18:47:10 [main] INFO  tiempos - Duracion del proceso intercambiarReferencias: 190400 ns
2025-09-10 18:47:10 [main] INFO  tiempos - Duracion del proceso intercambiarReferencias: 164000 ns
2025-09-10 18:47:10 [main] INFO  tiempos - Duracion del proceso intercambiarReferencias: 645200 ns
2025-09-10 18:47:10 [main] INFO  tiempos - Duracion del proceso intercambiarReferencias: 249300 ns
2025-09-10 18:47:10 [main] INFO  tiempos - Duracion del proceso intercambiarReferencias: 265300 ns
2025-09-10 18:47:10 [main] INFO  tiempos - Duracion de encriptarFrase: 9275700 ns
2025-09-10 18:47:10 [main] INFO  tiempos - Duracion del proceso intercambiarReferencias: 323700 ns
2025-09-10 18:47:10 [main] INFO  tiempos - Duracion del proceso intercambiarReferencias: 205600 ns
2025-09-10 18:47:10 [main] INFO  tiempos - Duracion del proceso intercambiarReferencias: 316400 ns
2025-09-10 18:47:10 [main] INFO  tiempos - Duracion del proceso intercambiarReferencias: 111900 ns
2025-09-10 18:47:10 [main] INFO  tiempos - Duracion del proceso intercambiarReferencias: 414000 ns
2025-09-10 18:47:10 [main] INFO  tiempos - Duracion del proceso intercambiarReferencias: 128800 ns
2025-09-10 18:47:10 [main] INFO  tiempos - Duracion del proceso intercambiarReferencias: 122300 ns
2025-09-10 18:47:10 [main] INFO  tiempos - Duracion del proceso intercambiarReferencias: 285300 ns
2025-09-10 18:47:10 [main] INFO  tiempos - Duracion del proceso intercambiarReferencias: 260500 ns
2025-09-10 18:47:10 [main] INFO  tiempos - Duracion del proceso intercambiarReferencias: 224700 ns
2025-09-10 18:47:10 [main] INFO  tiempos - Duracion de desencriptarFrase: 2828600 ns
2025-09-10 18:47:10 [main] INFO  tiempos - Duracion del proceso intercambiarReferencias: 146700 ns
2025-09-10 18:47:10 [main] INFO  tiempos - intercambiarReferencias duration: 0 ms
2025-09-10 18:47:10 [main] INFO  tiempos - Duracion del proceso intercambiarReferencias: 87700 ns
2025-09-10 18:47:10 [main] INFO  tiempos - Duracion del proceso intercambiarReferencias: 112300 ns
2025-09-10 18:47:10 [main] INFO  tiempos - Duracion del proceso intercambiarReferencias: 123500 ns
2025-09-10 18:47:10 [main] INFO  tiempos - Duracion del proceso intercambiarReferencias: 330600 ns
2025-09-10 18:47:10 [main] INFO  tiempos - Duracion del proceso intercambiarReferencias: 136700 ns
2025-09-10 18:47:10 [main] INFO  tiempos - Duracion del proceso intercambiarReferencias: 131400 ns
2025-09-10 18:47:10 [main] INFO  tiempos - Duracion del proceso intercambiarReferencias: 121000 ns
2025-09-10 18:47:10 [main] INFO  tiempos - Duracion del proceso intercambiarReferencias: 32500 ns
2025-09-10 18:47:10 [main] INFO  tiempos - Duracion del proceso intercambiarReferencias: 31800 ns
2025-09-10 18:47:10 [main] INFO  tiempos - Duracion del proceso intercambiarReferencias: 64100 ns
2025-09-10 18:47:10 [main] INFO  tiempos - Duracion del proceso intercambiarReferencias: 34100 ns
2025-09-10 18:47:10 [main] INFO  tiempos - Duracion del proceso intercambiarReferencias: 32000 ns
2025-09-10 18:47:10 [main] INFO  tiempos - Duracion del proceso intercambiarReferencias: 36300 ns
2025-09-10 18:47:10 [main] INFO  tiempos - Duracion del proceso intercambiarReferencias: 112200 ns
2025-09-10 18:47:10 [main] INFO  tiempos - Duracion del proceso intercambiarReferencias: 41400 ns
2025-09-10 18:47:10 [main] INFO  tiempos - Duracion del proceso intercambiarReferencias: 66700 ns
2025-09-10 18:47:10 [main] INFO  tiempos - Duracion del proceso intercambiarReferencias: 30200 ns
2025-09-10 18:47:10 [main] INFO  tiempos - Duracion del proceso intercambiarReferencias: 36000 ns
2025-09-10 18:47:10 [main] INFO  tiempos - Duracion de encriptarFrase: 6302600 ns
2025-09-10 18:47:10 [main] INFO  tiempos - Duracion del proceso intercambiarReferencias: 84000 ns
2025-09-10 18:47:10 [main] INFO  tiempos - intercambiarReferencias duration: 0 ms
2025-09-10 18:47:10 [main] INFO  tiempos - Duracion del proceso intercambiarReferencias: 21900 ns
2025-09-10 18:47:10 [main] INFO  tiempos - Duracion del proceso intercambiarReferencias: 49900 ns
2025-09-10 18:47:10 [main] INFO  tiempos - Duracion del proceso intercambiarReferencias: 48700 ns
2025-09-10 18:47:10 [main] INFO  tiempos - Duracion del proceso intercambiarReferencias: 118200 ns
2025-09-10 18:47:10 [main] INFO  tiempos - Duracion del proceso intercambiarReferencias: 79800 ns
2025-09-10 18:47:10 [main] INFO  tiempos - Duracion del proceso intercambiarReferencias: 49500 ns
2025-09-10 18:47:10 [main] INFO  tiempos - Duracion del proceso intercambiarReferencias: 72900 ns
2025-09-10 18:47:10 [main] INFO  tiempos - Duracion del proceso intercambiarReferencias: 24200 ns
2025-09-10 18:47:10 [main] INFO  tiempos - Duracion del proceso intercambiarReferencias: 40600 ns
2025-09-10 18:47:10 [main] INFO  tiempos - Duracion del proceso intercambiarReferencias: 47500 ns
2025-09-10 18:47:10 [main] INFO  tiempos - Duracion del proceso intercambiarReferencias: 23900 ns
2025-09-10 18:47:10 [main] INFO  tiempos - Duracion del proceso intercambiarReferencias: 23900 ns
2025-09-10 18:47:10 [main] INFO  tiempos - Duracion del proceso intercambiarReferencias: 23800 ns
2025-09-10 18:47:10 [main] INFO  tiempos - Duracion del proceso intercambiarReferencias: 51400 ns
2025-09-10 18:47:10 [main] INFO  tiempos - Duracion del proceso intercambiarReferencias: 28800 ns
2025-09-10 18:47:10 [main] INFO  tiempos - Duracion del proceso intercambiarReferencias: 61400 ns
2025-09-10 18:47:10 [main] INFO  tiempos - Duracion del proceso intercambiarReferencias: 23600 ns
2025-09-10 18:47:10 [main] INFO  tiempos - Duracion del proceso intercambiarReferencias: 23400 ns
2025-09-10 18:47:10 [main] INFO  tiempos - Duracion de desencriptarFrase: 1309700 ns
2025-09-10 18:47:10 [main] INFO  tiempos - Duracion del proceso intercambiarReferencias: 24800 ns
2025-09-10 18:47:10 [main] INFO  tiempos - Duracion del proceso intercambiarReferencias: 26100 ns
2025-09-10 18:47:10 [main] INFO  tiempos - Duracion del proceso intercambiarReferencias: 69200 ns
2025-09-10 18:47:10 [main] INFO  tiempos - Duracion del proceso intercambiarReferencias: 49600 ns
2025-09-10 18:47:10 [main] INFO  tiempos - Duracion del proceso intercambiarReferencias: 41800 ns
2025-09-10 18:47:10 [main] INFO  tiempos - Duracion del proceso intercambiarReferencias: 42000 ns
2025-09-10 18:47:10 [main] INFO  tiempos - Duracion del proceso intercambiarReferencias: 43500 ns
2025-09-10 18:47:10 [main] INFO  tiempos - Duracion del proceso intercambiarReferencias: 66200 ns
2025-09-10 18:47:10 [main] INFO  tiempos - Duracion del proceso intercambiarReferencias: 23400 ns
2025-09-10 18:47:10 [main] INFO  tiempos - Duracion del proceso intercambiarReferencias: 22300 ns
2025-09-10 18:47:10 [main] INFO  tiempos - Duracion del proceso intercambiarReferencias: 78600 ns
2025-09-10 18:47:10 [main] INFO  tiempos - Duracion del proceso intercambiarReferencias: 51400 ns
2025-09-10 18:47:10 [main] INFO  tiempos - Duracion del proceso intercambiarReferencias: 38900 ns
2025-09-10 18:47:10 [main] INFO  tiempos - Duracion del proceso intercambiarReferencias: 146000 ns
2025-09-10 18:47:10 [main] INFO  tiempos - Duracion del proceso intercambiarReferencias: 54000 ns
2025-09-10 18:47:10 [main] INFO  tiempos - Duracion del proceso intercambiarReferencias: 172300 ns
2025-09-10 18:47:10 [main] INFO  tiempos - Duracion de encriptarFrase: 3287800 ns
2025-09-10 18:47:10 [main] INFO  tiempos - Duracion del proceso intercambiarReferencias: 48500 ns
2025-09-10 18:47:10 [main] INFO  tiempos - Duracion del proceso intercambiarReferencias: 26200 ns
2025-09-10 18:47:10 [main] INFO  tiempos - Duracion del proceso intercambiarReferencias: 67700 ns
2025-09-10 18:47:10 [main] INFO  tiempos - Duracion del proceso intercambiarReferencias: 158100 ns
2025-09-10 18:47:10 [main] INFO  tiempos - Duracion del proceso intercambiarReferencias: 89200 ns
2025-09-10 18:47:10 [main] INFO  tiempos - Duracion del proceso intercambiarReferencias: 116800 ns
2025-09-10 18:47:10 [main] INFO  tiempos - Duracion del proceso intercambiarReferencias: 90800 ns
2025-09-10 18:47:10 [main] INFO  tiempos - Duracion del proceso intercambiarReferencias: 147500 ns
2025-09-10 18:47:10 [main] INFO  tiempos - Duracion del proceso intercambiarReferencias: 48800 ns
2025-09-10 18:47:10 [main] INFO  tiempos - Duracion del proceso intercambiarReferencias: 54500 ns
2025-09-10 18:47:10 [main] INFO  tiempos - Duracion del proceso intercambiarReferencias: 101900 ns
2025-09-10 18:47:10 [main] INFO  tiempos - Duracion del proceso intercambiarReferencias: 48200 ns
2025-09-10 18:47:10 [main] INFO  tiempos - Duracion del proceso intercambiarReferencias: 42400 ns
2025-09-10 18:47:10 [main] INFO  tiempos - Duracion del proceso intercambiarReferencias: 144000 ns
2025-09-10 18:47:10 [main] INFO  tiempos - Duracion del proceso intercambiarReferencias: 34000 ns
2025-09-10 18:47:10 [main] INFO  tiempos - Duracion del proceso intercambiarReferencias: 63500 ns
2025-09-10 18:47:10 [main] INFO  tiempos - Duracion de desencriptarFrase: 2096000 ns
2025-09-10 18:47:10 [main] INFO  tiempos - Duracion del proceso intercambiarReferencias: 24400 ns
2025-09-10 18:47:10 [main] INFO  tiempos - Duracion del proceso intercambiarReferencias: 77200 ns
2025-09-10 18:47:10 [main] INFO  tiempos - intercambiarReferencias duration: 0 ms
2025-09-10 18:47:10 [main] INFO  tiempos - Duracion del proceso intercambiarReferencias: 19500 ns
2025-09-10 18:47:10 [main] INFO  tiempos - Duracion del proceso intercambiarReferencias: 71100 ns
2025-09-10 18:47:10 [main] INFO  tiempos - Duracion del proceso intercambiarReferencias: 63300 ns
2025-09-10 18:47:10 [main] INFO  tiempos - Duracion del proceso intercambiarReferencias: 41900 ns
2025-09-10 18:47:10 [main] INFO  tiempos - Duracion del proceso intercambiarReferencias: 21500 ns
2025-09-10 18:47:10 [main] INFO  tiempos - Duracion del proceso intercambiarReferencias: 23600 ns
2025-09-10 18:47:10 [main] INFO  tiempos - Duracion del proceso intercambiarReferencias: 42200 ns
2025-09-10 18:47:10 [main] INFO  tiempos - Duracion del proceso intercambiarReferencias: 21500 ns
2025-09-10 18:47:10 [main] INFO  tiempos - Duracion del proceso intercambiarReferencias: 21300 ns
2025-09-10 18:47:10 [main] INFO  tiempos - Duracion del proceso intercambiarReferencias: 62900 ns
2025-09-10 18:47:10 [main] INFO  tiempos - Duracion de encriptarFrase: 1623900 ns
2025-09-10 18:47:10 [main] INFO  tiempos - Duracion del proceso intercambiarReferencias: 56700 ns
2025-09-10 18:47:10 [main] INFO  tiempos - Duracion del proceso intercambiarReferencias: 50000 ns
2025-09-10 18:47:10 [main] INFO  tiempos - intercambiarReferencias duration: 0 ms
2025-09-10 18:47:10 [main] INFO  tiempos - Duracion del proceso intercambiarReferencias: 17400 ns
2025-09-10 18:47:10 [main] INFO  tiempos - Duracion del proceso intercambiarReferencias: 61500 ns
2025-09-10 18:47:10 [main] INFO  tiempos - Duracion del proceso intercambiarReferencias: 61000 ns
2025-09-10 18:47:10 [main] INFO  tiempos - Duracion del proceso intercambiarReferencias: 42400 ns
2025-09-10 18:47:10 [main] INFO  tiempos - Duracion del proceso intercambiarReferencias: 21400 ns
2025-09-10 18:47:10 [main] INFO  tiempos - Duracion del proceso intercambiarReferencias: 20800 ns
2025-09-10 18:47:10 [main] INFO  tiempos - Duracion del proceso intercambiarReferencias: 40500 ns
2025-09-10 18:47:10 [main] INFO  tiempos - Duracion del proceso intercambiarReferencias: 23700 ns
2025-09-10 18:47:10 [main] INFO  tiempos - Duracion del proceso intercambiarReferencias: 20900 ns
2025-09-10 18:47:10 [main] INFO  tiempos - Duracion del proceso intercambiarReferencias: 60700 ns
2025-09-10 18:47:10 [main] INFO  tiempos - Duracion de desencriptarFrase: 680100 ns
2025-09-10 18:47:10 [main] INFO  tiempos - Duracion del proceso intercambiarReferencias: 42000 ns
2025-09-10 18:47:10 [main] INFO  tiempos - Duracion del proceso intercambiarReferencias: 62200 ns
2025-09-10 18:47:10 [main] INFO  tiempos - Duracion del proceso intercambiarReferencias: 41600 ns
2025-09-10 18:47:10 [main] INFO  tiempos - intercambiarReferencias duration: 0 ms
2025-09-10 18:47:10 [main] INFO  tiempos - Duracion del proceso intercambiarReferencias: 15800 ns
2025-09-10 18:47:10 [main] INFO  tiempos - Duracion del proceso intercambiarReferencias: 79400 ns
2025-09-10 18:47:10 [main] INFO  tiempos - Duracion del proceso intercambiarReferencias: 43200 ns
2025-09-10 18:47:10 [main] INFO  tiempos - Duracion del proceso intercambiarReferencias: 21000 ns
2025-09-10 18:47:10 [main] INFO  tiempos - intercambiarReferencias duration: 0 ms
2025-09-10 18:47:10 [main] INFO  tiempos - Duracion del proceso intercambiarReferencias: 15900 ns
2025-09-10 18:47:10 [main] INFO  tiempos - Duracion del proceso intercambiarReferencias: 82400 ns
2025-09-10 18:47:10 [main] INFO  tiempos - Duracion del proceso intercambiarReferencias: 40400 ns
2025-09-10 18:47:10 [main] INFO  tiempos - Duracion de encriptarFrase: 1594400 ns
2025-09-10 18:47:10 [main] INFO  tiempos - Duracion del proceso intercambiarReferencias: 33200 ns
2025-09-10 18:47:10 [main] INFO  tiempos - Duracion del proceso intercambiarReferencias: 68500 ns
2025-09-10 18:47:10 [main] INFO  tiempos - Duracion del proceso intercambiarReferencias: 44500 ns
2025-09-10 18:47:10 [main] INFO  tiempos - intercambiarReferencias duration: 0 ms
2025-09-10 18:47:10 [main] INFO  tiempos - Duracion del proceso intercambiarReferencias: 16000 ns
2025-09-10 18:47:10 [main] INFO  tiempos - Duracion del proceso intercambiarReferencias: 97400 ns
2025-09-10 18:47:10 [main] INFO  tiempos - Duracion del proceso intercambiarReferencias: 42500 ns
2025-09-10 18:47:10 [main] INFO  tiempos - Duracion del proceso intercambiarReferencias: 22400 ns
2025-09-10 18:47:10 [main] INFO  tiempos - intercambiarReferencias duration: 0 ms
2025-09-10 18:47:10 [main] INFO  tiempos - Duracion del proceso intercambiarReferencias: 15700 ns
2025-09-10 18:47:10 [main] INFO  tiempos - Duracion del proceso intercambiarReferencias: 83400 ns
2025-09-10 18:47:10 [main] INFO  tiempos - Duracion del proceso intercambiarReferencias: 43900 ns
2025-09-10 18:47:10 [main] INFO  tiempos - Duracion de desencriptarFrase: 602900 ns
2025-09-10 18:47:10 [main] INFO  tiempos - Duracion del proceso intercambiarReferencias: 45500 ns
2025-09-10 18:47:10 [main] INFO  tiempos - Duracion del proceso intercambiarReferencias: 22600 ns
2025-09-10 18:47:10 [main] INFO  tiempos - Duracion del proceso intercambiarReferencias: 60700 ns
2025-09-10 18:47:10 [main] INFO  tiempos - Duracion del proceso intercambiarReferencias: 31100 ns
2025-09-10 18:47:10 [main] INFO  tiempos - Duracion del proceso intercambiarReferencias: 123600 ns
2025-09-10 18:47:10 [main] INFO  tiempos - Duracion del proceso intercambiarReferencias: 41400 ns
2025-09-10 18:47:10 [main] INFO  tiempos - Duracion del proceso intercambiarReferencias: 157700 ns
2025-09-10 18:47:10 [main] INFO  tiempos - Duracion de encriptarFrase: 1838300 ns
2025-09-10 18:47:10 [main] INFO  tiempos - Duracion del proceso intercambiarReferencias: 31600 ns
2025-09-10 18:47:10 [main] INFO  tiempos - Duracion del proceso intercambiarReferencias: 23900 ns
2025-09-10 18:47:10 [main] INFO  tiempos - Duracion del proceso intercambiarReferencias: 63700 ns
2025-09-10 18:47:10 [main] INFO  tiempos - Duracion del proceso intercambiarReferencias: 21500 ns
2025-09-10 18:47:10 [main] INFO  tiempos - Duracion del proceso intercambiarReferencias: 126500 ns
2025-09-10 18:47:10 [main] INFO  tiempos - Duracion del proceso intercambiarReferencias: 42200 ns
2025-09-10 18:47:10 [main] INFO  tiempos - Duracion del proceso intercambiarReferencias: 120100 ns
2025-09-10 18:47:10 [main] INFO  tiempos - Duracion de desencriptarFrase: 551600 ns
2025-09-10 18:47:10 [main] INFO  tiempos - intercambiarReferencias duration: 0 ms
2025-09-10 18:47:10 [main] INFO  tiempos - Duracion del proceso intercambiarReferencias: 26500 ns
2025-09-10 18:47:10 [main] INFO  tiempos - Duracion del proceso intercambiarReferencias: 27200 ns
2025-09-10 18:47:10 [main] INFO  tiempos - Duracion del proceso intercambiarReferencias: 25800 ns
2025-09-10 18:47:10 [main] INFO  tiempos - Duracion del proceso intercambiarReferencias: 99300 ns
2025-09-10 18:47:10 [main] INFO  tiempos - Duracion del proceso intercambiarReferencias: 21000 ns
2025-09-10 18:47:10 [main] INFO  tiempos - Duracion del proceso intercambiarReferencias: 92100 ns
2025-09-10 18:47:10 [main] INFO  tiempos - Duracion del proceso intercambiarReferencias: 20500 ns
2025-09-10 18:47:10 [main] INFO  tiempos - Duracion del proceso intercambiarReferencias: 39800 ns
2025-09-10 18:47:10 [main] INFO  tiempos - Duracion del proceso intercambiarReferencias: 39700 ns
2025-09-10 18:47:10 [main] INFO  tiempos - Duracion del proceso intercambiarReferencias: 102300 ns
2025-09-10 18:47:10 [main] INFO  tiempos - Duracion del proceso intercambiarReferencias: 20400 ns
2025-09-10 18:47:10 [main] INFO  tiempos - Duracion del proceso intercambiarReferencias: 30300 ns
2025-09-10 18:47:10 [main] INFO  tiempos - Duracion del proceso intercambiarReferencias: 20200 ns
2025-09-10 18:47:10 [main] INFO  tiempos - Duracion del proceso intercambiarReferencias: 40100 ns
2025-09-10 18:47:10 [main] INFO  tiempos - Duracion del proceso intercambiarReferencias: 20500 ns
2025-09-10 18:47:10 [main] INFO  tiempos - Duracion del proceso intercambiarReferencias: 40600 ns
2025-09-10 18:47:10 [main] INFO  tiempos - Duracion del proceso intercambiarReferencias: 112600 ns
2025-09-10 18:47:10 [main] INFO  tiempos - Duracion del proceso intercambiarReferencias: 20400 ns
2025-09-10 18:47:10 [main] INFO  tiempos - Duracion del proceso intercambiarReferencias: 90700 ns
2025-09-10 18:47:10 [main] INFO  tiempos - Duracion del proceso intercambiarReferencias: 39000 ns
2025-09-10 18:47:10 [main] INFO  tiempos - Duracion del proceso intercambiarReferencias: 20500 ns
2025-09-10 18:47:10 [main] INFO  tiempos - Duracion del proceso intercambiarReferencias: 62900 ns
2025-09-10 18:47:10 [main] INFO  tiempos - Duracion del proceso intercambiarReferencias: 21200 ns
2025-09-10 18:47:10 [main] INFO  tiempos - Duracion del proceso intercambiarReferencias: 36900 ns
2025-09-10 18:47:10 [main] INFO  tiempos - Duracion del proceso intercambiarReferencias: 64000 ns
2025-09-10 18:47:10 [main] INFO  tiempos - Duracion del proceso intercambiarReferencias: 85900 ns
2025-09-10 18:47:10 [main] INFO  tiempos - Duracion de encriptarFrase: 3875000 ns
2025-09-10 18:47:10 [main] INFO  tiempos - intercambiarReferencias duration: 0 ms
2025-09-10 18:47:10 [main] INFO  tiempos - Duracion del proceso intercambiarReferencias: 51500 ns
2025-09-10 18:47:10 [main] INFO  tiempos - Duracion del proceso intercambiarReferencias: 41600 ns
2025-09-10 18:47:10 [main] INFO  tiempos - Duracion del proceso intercambiarReferencias: 42000 ns
2025-09-10 18:47:10 [main] INFO  tiempos - Duracion del proceso intercambiarReferencias: 80900 ns
2025-09-10 18:47:10 [main] INFO  tiempos - Duracion del proceso intercambiarReferencias: 22800 ns
2025-09-10 18:47:10 [main] INFO  tiempos - Duracion del proceso intercambiarReferencias: 58200 ns
2025-09-10 18:47:10 [main] INFO  tiempos - Duracion del proceso intercambiarReferencias: 23100 ns
2025-09-10 18:47:10 [main] INFO  tiempos - Duracion del proceso intercambiarReferencias: 116000 ns
2025-09-10 18:47:10 [main] INFO  tiempos - Duracion del proceso intercambiarReferencias: 51400 ns
2025-09-10 18:47:10 [main] INFO  tiempos - Duracion del proceso intercambiarReferencias: 112100 ns
2025-09-10 18:47:10 [main] INFO  tiempos - Duracion del proceso intercambiarReferencias: 25200 ns
2025-09-10 18:47:10 [main] INFO  tiempos - Duracion del proceso intercambiarReferencias: 20300 ns
2025-09-10 18:47:10 [main] INFO  tiempos - Duracion del proceso intercambiarReferencias: 20900 ns
2025-09-10 18:47:10 [main] INFO  tiempos - Duracion del proceso intercambiarReferencias: 39000 ns
2025-09-10 18:47:10 [main] INFO  tiempos - Duracion del proceso intercambiarReferencias: 20700 ns
2025-09-10 18:47:10 [main] INFO  tiempos - Duracion del proceso intercambiarReferencias: 44000 ns
2025-09-10 18:47:10 [main] INFO  tiempos - Duracion del proceso intercambiarReferencias: 96500 ns
2025-09-10 18:47:10 [main] INFO  tiempos - Duracion del proceso intercambiarReferencias: 20000 ns
2025-09-10 18:47:10 [main] INFO  tiempos - Duracion del proceso intercambiarReferencias: 106100 ns
2025-09-10 18:47:10 [main] INFO  tiempos - Duracion del proceso intercambiarReferencias: 41200 ns
2025-09-10 18:47:10 [main] INFO  tiempos - Duracion del proceso intercambiarReferencias: 36900 ns
2025-09-10 18:47:10 [main] INFO  tiempos - Duracion del proceso intercambiarReferencias: 40500 ns
2025-09-10 18:47:10 [main] INFO  tiempos - Duracion del proceso intercambiarReferencias: 20100 ns
2025-09-10 18:47:10 [main] INFO  tiempos - Duracion del proceso intercambiarReferencias: 19700 ns
2025-09-10 18:47:10 [main] INFO  tiempos - Duracion del proceso intercambiarReferencias: 59600 ns
2025-09-10 18:47:10 [main] INFO  tiempos - Duracion del proceso intercambiarReferencias: 98000 ns
2025-09-10 18:47:10 [main] INFO  tiempos - Duracion de desencriptarFrase: 1672100 ns
2025-09-10 18:47:10 [main] INFO  tiempos - intercambiarReferencias duration: 0 ms
2025-09-10 18:47:10 [main] INFO  tiempos - Duracion del proceso intercambiarReferencias: 17400 ns
2025-09-10 18:47:10 [main] INFO  tiempos - Duracion del proceso intercambiarReferencias: 20900 ns
2025-09-10 18:47:10 [main] INFO  tiempos - Duracion del proceso intercambiarReferencias: 80700 ns
2025-09-10 18:47:10 [main] INFO  tiempos - Duracion del proceso intercambiarReferencias: 39900 ns
2025-09-10 18:47:10 [main] INFO  tiempos - Duracion del proceso intercambiarReferencias: 19800 ns
2025-09-10 18:47:10 [main] INFO  tiempos - Duracion del proceso intercambiarReferencias: 21000 ns
2025-09-10 18:47:10 [main] INFO  tiempos - Duracion del proceso intercambiarReferencias: 113600 ns
2025-09-10 18:47:10 [main] INFO  tiempos - Duracion del proceso intercambiarReferencias: 77800 ns
2025-09-10 18:47:10 [main] INFO  tiempos - Duracion de encriptarFrase: 1300400 ns
2025-09-10 18:47:10 [main] INFO  tiempos - intercambiarReferencias duration: 0 ms
2025-09-10 18:47:10 [main] INFO  tiempos - Duracion del proceso intercambiarReferencias: 46700 ns
2025-09-10 18:47:10 [main] INFO  tiempos - Duracion del proceso intercambiarReferencias: 39300 ns
2025-09-10 18:47:10 [main] INFO  tiempos - Duracion del proceso intercambiarReferencias: 82800 ns
2025-09-10 18:47:10 [main] INFO  tiempos - Duracion del proceso intercambiarReferencias: 38800 ns
2025-09-10 18:47:10 [main] INFO  tiempos - Duracion del proceso intercambiarReferencias: 20100 ns
2025-09-10 18:47:10 [main] INFO  tiempos - Duracion del proceso intercambiarReferencias: 20000 ns
2025-09-10 18:47:10 [main] INFO  tiempos - Duracion del proceso intercambiarReferencias: 96500 ns
2025-09-10 18:47:10 [main] INFO  tiempos - Duracion del proceso intercambiarReferencias: 74900 ns
2025-09-10 18:47:10 [main] INFO  tiempos - Duracion de desencriptarFrase: 548400 ns
2025-09-10 18:47:10 [main] INFO  tiempos - Duracion del proceso intercambiarReferencias: 39100 ns
2025-09-10 18:47:10 [main] INFO  tiempos - Duracion del proceso intercambiarReferencias: 43700 ns
2025-09-10 18:47:10 [main] INFO  tiempos - Duracion del proceso intercambiarReferencias: 65300 ns
2025-09-10 18:47:10 [main] INFO  tiempos - Duracion del proceso intercambiarReferencias: 19300 ns
2025-09-10 18:47:10 [main] INFO  tiempos - Duracion del proceso intercambiarReferencias: 19000 ns
2025-09-10 18:47:10 [main] INFO  tiempos - Duracion del proceso intercambiarReferencias: 37300 ns
2025-09-10 18:47:10 [main] INFO  tiempos - Duracion del proceso intercambiarReferencias: 73900 ns
2025-09-10 18:47:10 [main] INFO  tiempos - Duracion del proceso intercambiarReferencias: 39100 ns
2025-09-10 18:47:10 [main] INFO  tiempos - Duracion del proceso intercambiarReferencias: 74000 ns
2025-09-10 18:47:10 [main] INFO  tiempos - Duracion del proceso intercambiarReferencias: 73300 ns
2025-09-10 18:47:10 [main] INFO  tiempos - Duracion del proceso intercambiarReferencias: 44700 ns
2025-09-10 18:47:10 [main] INFO  tiempos - Duracion del proceso intercambiarReferencias: 18600 ns
2025-09-10 18:47:10 [main] INFO  tiempos - Duracion del proceso intercambiarReferencias: 36400 ns
2025-09-10 18:47:10 [main] INFO  tiempos - Duracion del proceso intercambiarReferencias: 54600 ns
2025-09-10 18:47:10 [main] INFO  tiempos - Duracion de encriptarFrase: 2290600 ns
2025-09-10 18:47:10 [main] INFO  tiempos - Duracion del proceso intercambiarReferencias: 58200 ns
2025-09-10 18:47:10 [main] INFO  tiempos - Duracion del proceso intercambiarReferencias: 38600 ns
2025-09-10 18:47:10 [main] INFO  tiempos - Duracion del proceso intercambiarReferencias: 61500 ns
2025-09-10 18:47:10 [main] INFO  tiempos - Duracion del proceso intercambiarReferencias: 19400 ns
2025-09-10 18:47:10 [main] INFO  tiempos - Duracion del proceso intercambiarReferencias: 59400 ns
2025-09-10 18:47:10 [main] INFO  tiempos - Duracion del proceso intercambiarReferencias: 39300 ns
2025-09-10 18:47:10 [main] INFO  tiempos - Duracion del proceso intercambiarReferencias: 74100 ns
2025-09-10 18:47:10 [main] INFO  tiempos - Duracion del proceso intercambiarReferencias: 38400 ns
2025-09-10 18:47:10 [main] INFO  tiempos - Duracion del proceso intercambiarReferencias: 74100 ns
2025-09-10 18:47:10 [main] INFO  tiempos - Duracion del proceso intercambiarReferencias: 77400 ns
2025-09-10 18:47:10 [main] INFO  tiempos - Duracion del proceso intercambiarReferencias: 19000 ns
2025-09-10 18:47:10 [main] INFO  tiempos - Duracion del proceso intercambiarReferencias: 19400 ns
2025-09-10 18:47:10 [main] INFO  tiempos - Duracion del proceso intercambiarReferencias: 37900 ns
2025-09-10 18:47:10 [main] INFO  tiempos - Duracion del proceso intercambiarReferencias: 55900 ns
2025-09-10 18:47:10 [main] INFO  tiempos - Duracion de desencriptarFrase: 829900 ns
2025-09-10 18:47:10 [main] INFO  tiempos - Duracion del proceso intercambiarReferencias: 68800 ns
2025-09-10 18:47:10 [main] INFO  tiempos - Duracion del proceso intercambiarReferencias: 23200 ns
2025-09-10 18:47:10 [main] INFO  tiempos - Duracion del proceso intercambiarReferencias: 22800 ns
2025-09-10 18:47:10 [main] INFO  tiempos - Duracion del proceso intercambiarReferencias: 55400 ns
2025-09-10 18:47:10 [main] INFO  tiempos - Duracion del proceso intercambiarReferencias: 39000 ns
2025-09-10 18:47:10 [main] INFO  tiempos - Duracion del proceso intercambiarReferencias: 32100 ns
2025-09-10 18:47:10 [main] INFO  tiempos - Duracion del proceso intercambiarReferencias: 57700 ns
2025-09-10 18:47:10 [main] INFO  tiempos - Duracion del proceso intercambiarReferencias: 37800 ns
2025-09-10 18:47:10 [main] INFO  tiempos - Duracion del proceso intercambiarReferencias: 18800 ns
2025-09-10 18:47:10 [main] INFO  tiempos - Duracion del proceso intercambiarReferencias: 79100 ns
2025-09-10 18:47:10 [main] INFO  tiempos - Duracion del proceso intercambiarReferencias: 18300 ns
2025-09-10 18:47:10 [main] INFO  tiempos - Duracion del proceso intercambiarReferencias: 18400 ns
2025-09-10 18:47:10 [main] INFO  tiempos - Duracion del proceso intercambiarReferencias: 18200 ns
2025-09-10 18:47:10 [main] INFO  tiempos - Duracion del proceso intercambiarReferencias: 92600 ns
2025-09-10 18:47:10 [main] INFO  tiempos - Duracion del proceso intercambiarReferencias: 55300 ns
2025-09-10 18:47:10 [main] INFO  tiempos - Duracion de encriptarFrase: 2242200 ns
2025-09-10 18:47:10 [main] INFO  tiempos - Duracion del proceso intercambiarReferencias: 88600 ns
2025-09-10 18:47:10 [main] INFO  tiempos - Duracion del proceso intercambiarReferencias: 24300 ns
2025-09-10 18:47:10 [main] INFO  tiempos - Duracion del proceso intercambiarReferencias: 21000 ns
2025-09-10 18:47:10 [main] INFO  tiempos - Duracion del proceso intercambiarReferencias: 57400 ns
2025-09-10 18:47:10 [main] INFO  tiempos - Duracion del proceso intercambiarReferencias: 38100 ns
2025-09-10 18:47:10 [main] INFO  tiempos - Duracion del proceso intercambiarReferencias: 20400 ns
2025-09-10 18:47:10 [main] INFO  tiempos - Duracion del proceso intercambiarReferencias: 56100 ns
2025-09-10 18:47:10 [main] INFO  tiempos - Duracion del proceso intercambiarReferencias: 18800 ns
2025-09-10 18:47:10 [main] INFO  tiempos - Duracion del proceso intercambiarReferencias: 19300 ns
2025-09-10 18:47:10 [main] INFO  tiempos - Duracion del proceso intercambiarReferencias: 76100 ns
2025-09-10 18:47:10 [main] INFO  tiempos - Duracion del proceso intercambiarReferencias: 18500 ns
2025-09-10 18:47:10 [main] INFO  tiempos - Duracion del proceso intercambiarReferencias: 18300 ns
2025-09-10 18:47:10 [main] INFO  tiempos - Duracion del proceso intercambiarReferencias: 18300 ns
2025-09-10 18:47:10 [main] INFO  tiempos - Duracion del proceso intercambiarReferencias: 89900 ns
2025-09-10 18:47:10 [main] INFO  tiempos - Duracion del proceso intercambiarReferencias: 54300 ns
2025-09-10 18:47:10 [main] INFO  tiempos - Duracion de desencriptarFrase: 789400 ns
2025-09-10 18:47:10 [main] INFO  tiempos - Duracion del proceso intercambiarReferencias: 37800 ns
2025-09-10 18:47:10 [main] INFO  tiempos - Duracion del proceso intercambiarReferencias: 18900 ns
2025-09-10 18:47:10 [main] INFO  tiempos - Duracion del proceso intercambiarReferencias: 88100 ns
2025-09-10 18:47:10 [main] INFO  tiempos - Duracion del proceso intercambiarReferencias: 37300 ns
2025-09-10 18:47:10 [main] INFO  tiempos - Duracion del proceso intercambiarReferencias: 72800 ns
2025-09-10 18:47:10 [main] INFO  tiempos - intercambiarReferencias duration: 0 ms
2025-09-10 18:47:10 [main] INFO  tiempos - Duracion del proceso intercambiarReferencias: 13200 ns
2025-09-10 18:47:10 [main] INFO  tiempos - Duracion del proceso intercambiarReferencias: 36600 ns
2025-09-10 18:47:10 [main] INFO  tiempos - Duracion del proceso intercambiarReferencias: 126500 ns
2025-09-10 18:47:10 [main] INFO  tiempos - Duracion de encriptarFrase: 1396500 ns
2025-09-10 18:47:10 [main] INFO  tiempos - Duracion del proceso intercambiarReferencias: 56800 ns
2025-09-10 18:47:10 [main] INFO  tiempos - Duracion del proceso intercambiarReferencias: 24000 ns
2025-09-10 18:47:10 [main] INFO  tiempos - Duracion del proceso intercambiarReferencias: 44700 ns
2025-09-10 18:47:10 [main] INFO  tiempos - Duracion del proceso intercambiarReferencias: 45900 ns
2025-09-10 18:47:10 [main] INFO  tiempos - Duracion del proceso intercambiarReferencias: 72300 ns
2025-09-10 18:47:10 [main] INFO  tiempos - intercambiarReferencias duration: 0 ms
2025-09-10 18:47:10 [main] INFO  tiempos - Duracion del proceso intercambiarReferencias: 49300 ns
2025-09-10 18:47:10 [main] INFO  tiempos - Duracion del proceso intercambiarReferencias: 41000 ns
2025-09-10 18:47:10 [main] INFO  tiempos - Duracion del proceso intercambiarReferencias: 109300 ns
2025-09-10 18:47:10 [main] INFO  tiempos - Duracion de desencriptarFrase: 591300 ns
2025-09-10 18:47:10 [main] INFO  tiempos - Duracion del proceso intercambiarReferencias: 88700 ns
2025-09-10 18:47:10 [main] INFO  tiempos - Duracion del proceso intercambiarReferencias: 36400 ns
2025-09-10 18:47:10 [main] INFO  tiempos - Duracion del proceso intercambiarReferencias: 72600 ns
2025-09-10 18:47:10 [main] INFO  tiempos - Duracion del proceso intercambiarReferencias: 19000 ns
2025-09-10 18:47:10 [main] INFO  tiempos - Duracion del proceso intercambiarReferencias: 35800 ns
2025-09-10 18:47:10 [main] INFO  tiempos - Duracion de encriptarFrase: 955100 ns
2025-09-10 18:47:10 [main] INFO  tiempos - Duracion del proceso intercambiarReferencias: 80900 ns
2025-09-10 18:47:10 [main] INFO  tiempos - Duracion del proceso intercambiarReferencias: 43000 ns
2025-09-10 18:47:10 [main] INFO  tiempos - Duracion del proceso intercambiarReferencias: 76700 ns
2025-09-10 18:47:10 [main] INFO  tiempos - Duracion del proceso intercambiarReferencias: 18800 ns
2025-09-10 18:47:10 [main] INFO  tiempos - Duracion del proceso intercambiarReferencias: 72500 ns
2025-09-10 18:47:10 [main] INFO  tiempos - Duracion de desencriptarFrase: 419900 ns
2025-09-10 18:47:10 [main] INFO  tiempos - Duracion del proceso intercambiarReferencias: 47800 ns
2025-09-10 18:47:10 [main] INFO  tiempos - Duracion del proceso intercambiarReferencias: 86000 ns
2025-09-10 18:47:10 [main] INFO  tiempos - Duracion del proceso intercambiarReferencias: 42400 ns
2025-09-10 18:47:10 [main] INFO  tiempos - Duracion del proceso intercambiarReferencias: 41900 ns
2025-09-10 18:47:10 [main] INFO  tiempos - Duracion del proceso intercambiarReferencias: 43800 ns
2025-09-10 18:47:10 [main] INFO  tiempos - Duracion del proceso intercambiarReferencias: 52300 ns
2025-09-10 18:47:10 [main] INFO  tiempos - Duracion del proceso intercambiarReferencias: 35600 ns
2025-09-10 18:47:10 [main] INFO  tiempos - Duracion del proceso intercambiarReferencias: 34900 ns
2025-09-10 18:47:10 [main] INFO  tiempos - Duracion del proceso intercambiarReferencias: 36800 ns
2025-09-10 18:47:10 [main] INFO  tiempos - Duracion del proceso intercambiarReferencias: 70200 ns
2025-09-10 18:47:10 [main] INFO  tiempos - Duracion del proceso intercambiarReferencias: 35200 ns
2025-09-10 18:47:10 [main] INFO  tiempos - Duracion del proceso intercambiarReferencias: 52700 ns
2025-09-10 18:47:10 [main] INFO  tiempos - Duracion de encriptarFrase: 1981100 ns
2025-09-10 18:47:10 [main] INFO  tiempos - Duracion del proceso intercambiarReferencias: 46500 ns
2025-09-10 18:47:10 [main] INFO  tiempos - Duracion del proceso intercambiarReferencias: 71400 ns
2025-09-10 18:47:10 [main] INFO  tiempos - Duracion del proceso intercambiarReferencias: 35400 ns
2025-09-10 18:47:10 [main] INFO  tiempos - Duracion del proceso intercambiarReferencias: 36000 ns
2025-09-10 18:47:10 [main] INFO  tiempos - Duracion del proceso intercambiarReferencias: 35500 ns
2025-09-10 18:47:10 [main] INFO  tiempos - Duracion del proceso intercambiarReferencias: 58900 ns
2025-09-10 18:47:10 [main] INFO  tiempos - Duracion del proceso intercambiarReferencias: 35300 ns
2025-09-10 18:47:10 [main] INFO  tiempos - Duracion del proceso intercambiarReferencias: 35300 ns
2025-09-10 18:47:10 [main] INFO  tiempos - Duracion del proceso intercambiarReferencias: 35300 ns
2025-09-10 18:47:10 [main] INFO  tiempos - Duracion del proceso intercambiarReferencias: 70300 ns
2025-09-10 18:47:10 [main] INFO  tiempos - Duracion del proceso intercambiarReferencias: 35000 ns
2025-09-10 18:47:10 [main] INFO  tiempos - Duracion del proceso intercambiarReferencias: 65600 ns
2025-09-10 18:47:10 [main] INFO  tiempos - Duracion de desencriptarFrase: 698000 ns
2025-09-10 18:47:10 [main] INFO  tiempos - Duracion del proceso intercambiarReferencias: 22400 ns
2025-09-10 18:47:10 [main] INFO  tiempos - Duracion del proceso intercambiarReferencias: 21300 ns
2025-09-10 18:47:10 [main] INFO  tiempos - Duracion del proceso intercambiarReferencias: 36400 ns
2025-09-10 18:47:10 [main] INFO  tiempos - Duracion del proceso intercambiarReferencias: 50200 ns
2025-09-10 18:47:10 [main] INFO  tiempos - Duracion del proceso intercambiarReferencias: 17400 ns
2025-09-10 18:47:10 [main] INFO  tiempos - Duracion del proceso intercambiarReferencias: 18100 ns
2025-09-10 18:47:10 [main] INFO  tiempos - Duracion del proceso intercambiarReferencias: 153200 ns
2025-09-10 18:47:10 [main] INFO  tiempos - Duracion del proceso intercambiarReferencias: 17600 ns
2025-09-10 18:47:10 [main] INFO  tiempos - Duracion del proceso intercambiarReferencias: 34800 ns
2025-09-10 18:47:10 [main] INFO  tiempos - Duracion del proceso intercambiarReferencias: 19600 ns
2025-09-10 18:47:10 [main] INFO  tiempos - Duracion del proceso intercambiarReferencias: 17500 ns
2025-09-10 18:47:10 [main] INFO  tiempos - Duracion del proceso intercambiarReferencias: 34000 ns
2025-09-10 18:47:10 [main] INFO  tiempos - Duracion del proceso intercambiarReferencias: 88400 ns
2025-09-10 18:47:10 [main] INFO  tiempos - Duracion del proceso intercambiarReferencias: 17200 ns
2025-09-10 18:47:10 [main] INFO  tiempos - Duracion del proceso intercambiarReferencias: 17400 ns
2025-09-10 18:47:10 [main] INFO  tiempos - Duracion del proceso intercambiarReferencias: 33800 ns
2025-09-10 18:47:10 [main] INFO  tiempos - Duracion del proceso intercambiarReferencias: 50700 ns
2025-09-10 18:47:10 [main] INFO  tiempos - Duracion del proceso intercambiarReferencias: 16500 ns
2025-09-10 18:47:10 [main] INFO  tiempos - Duracion de encriptarFrase: 2492200 ns
2025-09-10 18:47:10 [main] INFO  tiempos - Duracion del proceso intercambiarReferencias: 64200 ns
2025-09-10 18:47:10 [main] INFO  tiempos - Duracion del proceso intercambiarReferencias: 19400 ns
2025-09-10 18:47:10 [main] INFO  tiempos - Duracion del proceso intercambiarReferencias: 35500 ns
2025-09-10 18:47:10 [main] INFO  tiempos - Duracion del proceso intercambiarReferencias: 37500 ns
2025-09-10 18:47:10 [main] INFO  tiempos - Duracion del proceso intercambiarReferencias: 17900 ns
2025-09-10 18:47:10 [main] INFO  tiempos - Duracion del proceso intercambiarReferencias: 17200 ns
2025-09-10 18:47:10 [main] INFO  tiempos - Duracion del proceso intercambiarReferencias: 67300 ns
2025-09-10 18:47:10 [main] INFO  tiempos - Duracion del proceso intercambiarReferencias: 17300 ns
2025-09-10 18:47:10 [main] INFO  tiempos - Duracion del proceso intercambiarReferencias: 33800 ns
2025-09-10 18:47:10 [main] INFO  tiempos - Duracion del proceso intercambiarReferencias: 16900 ns
2025-09-10 18:47:10 [main] INFO  tiempos - Duracion del proceso intercambiarReferencias: 16900 ns
2025-09-10 18:47:10 [main] INFO  tiempos - Duracion del proceso intercambiarReferencias: 34000 ns
2025-09-10 18:47:10 [main] INFO  tiempos - Duracion del proceso intercambiarReferencias: 104900 ns
2025-09-10 18:47:10 [main] INFO  tiempos - Duracion del proceso intercambiarReferencias: 17700 ns
2025-09-10 18:47:10 [main] INFO  tiempos - Duracion del proceso intercambiarReferencias: 17500 ns
2025-09-10 18:47:10 [main] INFO  tiempos - Duracion del proceso intercambiarReferencias: 33500 ns
2025-09-10 18:47:10 [main] INFO  tiempos - Duracion del proceso intercambiarReferencias: 49500 ns
2025-09-10 18:47:10 [main] INFO  tiempos - Duracion del proceso intercambiarReferencias: 16400 ns
2025-09-10 18:47:10 [main] INFO  tiempos - Duracion de desencriptarFrase: 800400 ns
2025-09-10 18:47:10 [main] INFO  tiempos - Duracion del proceso intercambiarReferencias: 17100 ns
2025-09-10 18:47:10 [main] INFO  tiempos - Duracion del proceso intercambiarReferencias: 31600 ns
2025-09-10 18:47:10 [main] INFO  tiempos - Duracion del proceso intercambiarReferencias: 15800 ns
2025-09-10 18:47:10 [main] INFO  tiempos - Duracion del proceso intercambiarReferencias: 16500 ns
2025-09-10 18:47:10 [main] INFO  tiempos - Duracion del proceso intercambiarReferencias: 114600 ns
2025-09-10 18:47:10 [main] INFO  tiempos - Duracion del proceso intercambiarReferencias: 15800 ns
2025-09-10 18:47:10 [main] INFO  tiempos - Duracion del proceso intercambiarReferencias: 33600 ns
2025-09-10 18:47:10 [main] INFO  tiempos - Duracion del proceso intercambiarReferencias: 47500 ns
2025-09-10 18:47:10 [main] INFO  tiempos - Duracion del proceso intercambiarReferencias: 15600 ns
2025-09-10 18:47:10 [main] INFO  tiempos - Duracion del proceso intercambiarReferencias: 79900 ns
2025-09-10 18:47:10 [main] INFO  tiempos - Duracion de encriptarFrase: 1381700 ns
2025-09-10 18:47:10 [main] INFO  tiempos - Duracion del proceso intercambiarReferencias: 33500 ns
2025-09-10 18:47:10 [main] INFO  tiempos - Duracion del proceso intercambiarReferencias: 40400 ns
2025-09-10 18:47:10 [main] INFO  tiempos - Duracion del proceso intercambiarReferencias: 21400 ns
2025-09-10 18:47:10 [main] INFO  tiempos - Duracion del proceso intercambiarReferencias: 16500 ns
2025-09-10 18:47:10 [main] INFO  tiempos - Duracion del proceso intercambiarReferencias: 110700 ns
2025-09-10 18:47:10 [main] INFO  tiempos - Duracion del proceso intercambiarReferencias: 16200 ns
2025-09-10 18:47:10 [main] INFO  tiempos - Duracion del proceso intercambiarReferencias: 31800 ns
2025-09-10 18:47:10 [main] INFO  tiempos - Duracion del proceso intercambiarReferencias: 49400 ns
2025-09-10 18:47:10 [main] INFO  tiempos - Duracion del proceso intercambiarReferencias: 16600 ns
2025-09-10 18:47:10 [main] INFO  tiempos - Duracion del proceso intercambiarReferencias: 82100 ns
2025-09-10 18:47:10 [main] INFO  tiempos - Duracion de desencriptarFrase: 524700 ns
2025-09-10 18:47:10 [main] INFO  tiempos - Duracion del proceso intercambiarReferencias: 17100 ns
2025-09-10 18:47:10 [main] INFO  tiempos - Duracion del proceso intercambiarReferencias: 15900 ns
2025-09-10 18:47:10 [main] INFO  tiempos - Duracion del proceso intercambiarReferencias: 32000 ns
2025-09-10 18:47:10 [main] INFO  tiempos - Duracion del proceso intercambiarReferencias: 18200 ns
2025-09-10 18:47:10 [main] INFO  tiempos - Duracion del proceso intercambiarReferencias: 48100 ns
2025-09-10 18:47:10 [main] INFO  tiempos - Duracion del proceso intercambiarReferencias: 16500 ns
2025-09-10 18:47:10 [main] INFO  tiempos - Duracion del proceso intercambiarReferencias: 31800 ns
2025-09-10 18:47:10 [main] INFO  tiempos - Duracion de encriptarFrase: 826800 ns
2025-09-10 18:47:10 [main] INFO  tiempos - Duracion del proceso intercambiarReferencias: 20500 ns
2025-09-10 18:47:10 [main] INFO  tiempos - Duracion del proceso intercambiarReferencias: 17000 ns
2025-09-10 18:47:10 [main] INFO  tiempos - Duracion del proceso intercambiarReferencias: 32700 ns
2025-09-10 18:47:10 [main] INFO  tiempos - Duracion del proceso intercambiarReferencias: 15900 ns
2025-09-10 18:47:10 [main] INFO  tiempos - Duracion del proceso intercambiarReferencias: 47900 ns
2025-09-10 18:47:10 [main] INFO  tiempos - Duracion del proceso intercambiarReferencias: 20000 ns
2025-09-10 18:47:10 [main] INFO  tiempos - Duracion del proceso intercambiarReferencias: 58600 ns
2025-09-10 18:47:10 [main] INFO  tiempos - Duracion de desencriptarFrase: 283600 ns
2025-09-10 18:47:10 [main] INFO  tiempos - Duracion del proceso intercambiarReferencias: 32500 ns
2025-09-10 18:47:10 [main] INFO  tiempos - Duracion del proceso intercambiarReferencias: 46800 ns
2025-09-10 18:47:10 [main] INFO  tiempos - Duracion del proceso intercambiarReferencias: 15700 ns
2025-09-10 18:47:10 [main] INFO  tiempos - Duracion del proceso intercambiarReferencias: 33900 ns
2025-09-10 18:47:10 [main] INFO  tiempos - Duracion del proceso intercambiarReferencias: 47100 ns
2025-09-10 18:47:10 [main] INFO  tiempos - Duracion del proceso intercambiarReferencias: 15400 ns
2025-09-10 18:47:10 [main] INFO  tiempos - Duracion del proceso intercambiarReferencias: 15400 ns
2025-09-10 18:47:10 [main] INFO  tiempos - Duracion del proceso intercambiarReferencias: 18300 ns
2025-09-10 18:47:10 [main] INFO  tiempos - Duracion del proceso intercambiarReferencias: 53300 ns
2025-09-10 18:47:10 [main] INFO  tiempos - Duracion del proceso intercambiarReferencias: 15900 ns
2025-09-10 18:47:10 [main] INFO  tiempos - Duracion del proceso intercambiarReferencias: 31300 ns
2025-09-10 18:47:10 [main] INFO  tiempos - Duracion del proceso intercambiarReferencias: 15600 ns
2025-09-10 18:47:10 [main] INFO  tiempos - Duracion del proceso intercambiarReferencias: 63800 ns
2025-09-10 18:47:10 [main] INFO  tiempos - Duracion de encriptarFrase: 1644900 ns
2025-09-10 18:47:10 [main] INFO  tiempos - Duracion del proceso intercambiarReferencias: 40200 ns
2025-09-10 18:47:10 [main] INFO  tiempos - Duracion del proceso intercambiarReferencias: 49400 ns
2025-09-10 18:47:10 [main] INFO  tiempos - Duracion del proceso intercambiarReferencias: 16500 ns
2025-09-10 18:47:10 [main] INFO  tiempos - Duracion del proceso intercambiarReferencias: 31800 ns
2025-09-10 18:47:10 [main] INFO  tiempos - Duracion del proceso intercambiarReferencias: 47500 ns
2025-09-10 18:47:10 [main] INFO  tiempos - Duracion del proceso intercambiarReferencias: 16000 ns
2025-09-10 18:47:10 [main] INFO  tiempos - Duracion del proceso intercambiarReferencias: 15800 ns
2025-09-10 18:47:10 [main] INFO  tiempos - Duracion del proceso intercambiarReferencias: 18800 ns
2025-09-10 18:47:10 [main] INFO  tiempos - Duracion del proceso intercambiarReferencias: 47800 ns
2025-09-10 18:47:10 [main] INFO  tiempos - Duracion del proceso intercambiarReferencias: 16700 ns
2025-09-10 18:47:10 [main] INFO  tiempos - Duracion del proceso intercambiarReferencias: 31900 ns
2025-09-10 18:47:10 [main] INFO  tiempos - Duracion del proceso intercambiarReferencias: 16300 ns
2025-09-10 18:47:10 [main] INFO  tiempos - Duracion del proceso intercambiarReferencias: 65900 ns
2025-09-10 18:47:10 [main] INFO  tiempos - Duracion de desencriptarFrase: 535800 ns
2025-09-10 18:47:10 [main] INFO  tiempos - Duracion del proceso intercambiarReferencias: 40100 ns
2025-09-10 18:47:10 [main] INFO  tiempos - Duracion del proceso intercambiarReferencias: 58700 ns
2025-09-10 18:47:10 [main] INFO  tiempos - Duracion del proceso intercambiarReferencias: 19300 ns
2025-09-10 18:47:10 [main] INFO  tiempos - Duracion del proceso intercambiarReferencias: 20000 ns
2025-09-10 18:47:10 [main] INFO  tiempos - Duracion del proceso intercambiarReferencias: 19400 ns
2025-09-10 18:47:10 [main] INFO  tiempos - Duracion del proceso intercambiarReferencias: 59400 ns
2025-09-10 18:47:10 [main] INFO  tiempos - Duracion del proceso intercambiarReferencias: 19600 ns
2025-09-10 18:47:10 [main] INFO  tiempos - Duracion del proceso intercambiarReferencias: 19500 ns
2025-09-10 18:47:10 [main] INFO  tiempos - Duracion del proceso intercambiarReferencias: 19200 ns
2025-09-10 18:47:10 [main] INFO  tiempos - Duracion del proceso intercambiarReferencias: 47000 ns
2025-09-10 18:47:10 [main] INFO  tiempos - Duracion de encriptarFrase: 1247100 ns
2025-09-10 18:47:10 [main] INFO  tiempos - Duracion del proceso intercambiarReferencias: 40800 ns
2025-09-10 18:47:10 [main] INFO  tiempos - Duracion del proceso intercambiarReferencias: 49300 ns
2025-09-10 18:47:10 [main] INFO  tiempos - Duracion del proceso intercambiarReferencias: 20400 ns
2025-09-10 18:47:10 [main] INFO  tiempos - Duracion del proceso intercambiarReferencias: 16200 ns
2025-09-10 18:47:10 [main] INFO  tiempos - Duracion del proceso intercambiarReferencias: 16100 ns
2025-09-10 18:47:10 [main] INFO  tiempos - Duracion del proceso intercambiarReferencias: 47900 ns
2025-09-10 18:47:10 [main] INFO  tiempos - Duracion del proceso intercambiarReferencias: 16100 ns
2025-09-10 18:47:10 [main] INFO  tiempos - Duracion del proceso intercambiarReferencias: 15800 ns
2025-09-10 18:47:10 [main] INFO  tiempos - Duracion del proceso intercambiarReferencias: 16500 ns
2025-09-10 18:47:10 [main] INFO  tiempos - Duracion del proceso intercambiarReferencias: 47900 ns
2025-09-10 18:47:10 [main] INFO  tiempos - Duracion de desencriptarFrase: 384800 ns
2025-09-10 18:47:10 [main] INFO  tiempos - Duracion del proceso intercambiarReferencias: 64400 ns
2025-09-10 18:47:10 [main] INFO  tiempos - Duracion del proceso intercambiarReferencias: 18800 ns
2025-09-10 18:47:10 [main] INFO  tiempos - intercambiarReferencias duration: 0 ms
2025-09-10 18:47:10 [main] INFO  tiempos - Duracion del proceso intercambiarReferencias: 11800 ns
2025-09-10 18:47:10 [main] INFO  tiempos - Duracion del proceso intercambiarReferencias: 63000 ns
2025-09-10 18:47:10 [main] INFO  tiempos - Duracion del proceso intercambiarReferencias: 48700 ns
2025-09-10 18:47:10 [main] INFO  tiempos - Duracion del proceso intercambiarReferencias: 31300 ns
2025-09-10 18:47:10 [main] INFO  tiempos - Duracion del proceso intercambiarReferencias: 32700 ns
2025-09-10 18:47:10 [main] INFO  tiempos - Duracion del proceso intercambiarReferencias: 66600 ns
2025-09-10 18:47:10 [main] INFO  tiempos - Duracion de encriptarFrase: 1216200 ns
2025-09-10 18:47:10 [main] INFO  tiempos - Duracion del proceso intercambiarReferencias: 72300 ns
2025-09-10 18:47:10 [main] INFO  tiempos - Duracion del proceso intercambiarReferencias: 17100 ns
2025-09-10 18:47:10 [main] INFO  tiempos - intercambiarReferencias duration: 0 ms
2025-09-10 18:47:10 [main] INFO  tiempos - Duracion del proceso intercambiarReferencias: 12300 ns
2025-09-10 18:47:10 [main] INFO  tiempos - Duracion del proceso intercambiarReferencias: 66900 ns
2025-09-10 18:47:10 [main] INFO  tiempos - Duracion del proceso intercambiarReferencias: 61500 ns
2025-09-10 18:47:10 [main] INFO  tiempos - Duracion del proceso intercambiarReferencias: 36500 ns
2025-09-10 18:47:10 [main] INFO  tiempos - Duracion del proceso intercambiarReferencias: 32100 ns
2025-09-10 18:47:10 [main] INFO  tiempos - Duracion del proceso intercambiarReferencias: 70700 ns
2025-09-10 18:47:10 [main] INFO  tiempos - Duracion de desencriptarFrase: 459800 ns
2025-09-10 18:47:10 [main] INFO  tiempos - Duracion del proceso intercambiarReferencias: 16400 ns
2025-09-10 18:47:10 [main] INFO  tiempos - Duracion del proceso intercambiarReferencias: 33000 ns
2025-09-10 18:47:10 [main] INFO  tiempos - Duracion del proceso intercambiarReferencias: 16300 ns
2025-09-10 18:47:10 [main] INFO  tiempos - Duracion del proceso intercambiarReferencias: 16700 ns
2025-09-10 18:47:10 [main] INFO  tiempos - Duracion del proceso intercambiarReferencias: 66500 ns
2025-09-10 18:47:10 [main] INFO  tiempos - Duracion del proceso intercambiarReferencias: 16000 ns
2025-09-10 18:47:10 [main] INFO  tiempos - Duracion del proceso intercambiarReferencias: 32600 ns
2025-09-10 18:47:10 [main] INFO  tiempos - Duracion del proceso intercambiarReferencias: 16200 ns
2025-09-10 18:47:10 [main] INFO  tiempos - Duracion del proceso intercambiarReferencias: 32400 ns
2025-09-10 18:47:10 [main] INFO  tiempos - Duracion del proceso intercambiarReferencias: 67800 ns
2025-09-10 18:47:10 [main] INFO  tiempos - intercambiarReferencias duration: 0 ms
2025-09-10 18:47:10 [main] INFO  tiempos - Duracion del proceso intercambiarReferencias: 11500 ns
2025-09-10 18:47:10 [main] INFO  tiempos - Duracion del proceso intercambiarReferencias: 32200 ns
2025-09-10 18:47:10 [main] INFO  tiempos - Duracion del proceso intercambiarReferencias: 34300 ns
2025-09-10 18:47:10 [main] INFO  tiempos - Duracion del proceso intercambiarReferencias: 47600 ns
2025-09-10 18:47:10 [main] INFO  tiempos - Duracion del proceso intercambiarReferencias: 34100 ns
2025-09-10 18:47:10 [main] INFO  tiempos - Duracion del proceso intercambiarReferencias: 17800 ns
2025-09-10 18:47:10 [main] INFO  tiempos - Duracion de encriptarFrase: 1804600 ns
2025-09-10 18:47:10 [main] INFO  tiempos - Duracion del proceso intercambiarReferencias: 24600 ns
2025-09-10 18:47:10 [main] INFO  tiempos - Duracion del proceso intercambiarReferencias: 36600 ns
2025-09-10 18:47:10 [main] INFO  tiempos - Duracion del proceso intercambiarReferencias: 18200 ns
2025-09-10 18:47:10 [main] INFO  tiempos - Duracion del proceso intercambiarReferencias: 17800 ns
2025-09-10 18:47:10 [main] INFO  tiempos - Duracion del proceso intercambiarReferencias: 73900 ns
2025-09-10 18:47:10 [main] INFO  tiempos - Duracion del proceso intercambiarReferencias: 16900 ns
2025-09-10 18:47:10 [main] INFO  tiempos - Duracion del proceso intercambiarReferencias: 35700 ns
2025-09-10 18:47:10 [main] INFO  tiempos - Duracion del proceso intercambiarReferencias: 16700 ns
2025-09-10 18:47:10 [main] INFO  tiempos - Duracion del proceso intercambiarReferencias: 32500 ns
2025-09-10 18:47:10 [main] INFO  tiempos - Duracion del proceso intercambiarReferencias: 64400 ns
2025-09-10 18:47:10 [main] INFO  tiempos - intercambiarReferencias duration: 0 ms
2025-09-10 18:47:10 [main] INFO  tiempos - Duracion del proceso intercambiarReferencias: 12000 ns
2025-09-10 18:47:10 [main] INFO  tiempos - Duracion del proceso intercambiarReferencias: 32500 ns
2025-09-10 18:47:10 [main] INFO  tiempos - Duracion del proceso intercambiarReferencias: 35100 ns
2025-09-10 18:47:10 [main] INFO  tiempos - Duracion del proceso intercambiarReferencias: 48600 ns
2025-09-10 18:47:10 [main] INFO  tiempos - Duracion del proceso intercambiarReferencias: 33300 ns
2025-09-10 18:47:10 [main] INFO  tiempos - Duracion del proceso intercambiarReferencias: 16100 ns
2025-09-10 18:47:10 [main] INFO  tiempos - Duracion de desencriptarFrase: 683400 ns
2025-09-10 18:47:10 [main] INFO  tiempos - Duracion del proceso intercambiarReferencias: 59300 ns
2025-09-10 18:47:10 [main] INFO  tiempos - Duracion del proceso intercambiarReferencias: 81800 ns
2025-09-10 18:47:10 [main] INFO  tiempos - Duracion del proceso intercambiarReferencias: 20500 ns
2025-09-10 18:47:10 [main] INFO  tiempos - Duracion del proceso intercambiarReferencias: 39100 ns
2025-09-10 18:47:10 [main] INFO  tiempos - Duracion del proceso intercambiarReferencias: 58100 ns
2025-09-10 18:47:10 [main] INFO  tiempos - Duracion del proceso intercambiarReferencias: 19000 ns
2025-09-10 18:47:10 [main] INFO  tiempos - Duracion del proceso intercambiarReferencias: 82500 ns
2025-09-10 18:47:10 [main] INFO  tiempos - Duracion del proceso intercambiarReferencias: 63600 ns
2025-09-10 18:47:10 [main] INFO  tiempos - Duracion del proceso intercambiarReferencias: 15900 ns
2025-09-10 18:47:10 [main] INFO  tiempos - Duracion del proceso intercambiarReferencias: 32500 ns
2025-09-10 18:47:10 [main] INFO  tiempos - Duracion del proceso intercambiarReferencias: 15600 ns
2025-09-10 18:47:10 [main] INFO  tiempos - Duracion de encriptarFrase: 1643700 ns
2025-09-10 18:47:10 [main] INFO  tiempos - Duracion del proceso intercambiarReferencias: 61400 ns
2025-09-10 18:47:10 [main] INFO  tiempos - Duracion del proceso intercambiarReferencias: 63500 ns
2025-09-10 18:47:10 [main] INFO  tiempos - Duracion del proceso intercambiarReferencias: 16200 ns
2025-09-10 18:47:10 [main] INFO  tiempos - Duracion del proceso intercambiarReferencias: 31400 ns
2025-09-10 18:47:10 [main] INFO  tiempos - Duracion del proceso intercambiarReferencias: 48000 ns
2025-09-10 18:47:10 [main] INFO  tiempos - Duracion del proceso intercambiarReferencias: 16300 ns
2025-09-10 18:47:10 [main] INFO  tiempos - Duracion del proceso intercambiarReferencias: 35500 ns
2025-09-10 18:47:10 [main] INFO  tiempos - Duracion del proceso intercambiarReferencias: 62800 ns
2025-09-10 18:47:10 [main] INFO  tiempos - Duracion del proceso intercambiarReferencias: 16000 ns
2025-09-10 18:47:10 [main] INFO  tiempos - Duracion del proceso intercambiarReferencias: 31600 ns
2025-09-10 18:47:10 [main] INFO  tiempos - Duracion del proceso intercambiarReferencias: 15800 ns
2025-09-10 18:47:10 [main] INFO  tiempos - Duracion de desencriptarFrase: 502700 ns
2025-09-10 18:47:10 [main] INFO  tiempos - Duracion del proceso intercambiarReferencias: 64300 ns
2025-09-10 18:47:10 [main] INFO  tiempos - Duracion del proceso intercambiarReferencias: 31300 ns
2025-09-10 18:47:10 [main] INFO  tiempos - Duracion del proceso intercambiarReferencias: 48100 ns
2025-09-10 18:47:10 [main] INFO  tiempos - Duracion del proceso intercambiarReferencias: 31800 ns
2025-09-10 18:47:10 [main] INFO  tiempos - Duracion del proceso intercambiarReferencias: 79200 ns
2025-09-10 18:47:10 [main] INFO  tiempos - Duracion del proceso intercambiarReferencias: 32900 ns
2025-09-10 18:47:10 [main] INFO  tiempos - Duracion del proceso intercambiarReferencias: 66100 ns
2025-09-10 18:47:10 [main] INFO  tiempos - Duracion de encriptarFrase: 1169500 ns
2025-09-10 18:47:10 [main] INFO  tiempos - Duracion del proceso intercambiarReferencias: 37200 ns
2025-09-10 18:47:10 [main] INFO  tiempos - Duracion del proceso intercambiarReferencias: 32600 ns
2025-09-10 18:47:10 [main] INFO  tiempos - Duracion del proceso intercambiarReferencias: 47900 ns
2025-09-10 18:47:10 [main] INFO  tiempos - Duracion del proceso intercambiarReferencias: 35200 ns
2025-09-10 18:47:10 [main] INFO  tiempos - Duracion del proceso intercambiarReferencias: 83200 ns
2025-09-10 18:47:10 [main] INFO  tiempos - Duracion del proceso intercambiarReferencias: 33600 ns
2025-09-10 18:47:10 [main] INFO  tiempos - Duracion del proceso intercambiarReferencias: 63300 ns
2025-09-10 18:47:10 [main] INFO  tiempos - Duracion de desencriptarFrase: 406300 ns
2025-09-10 18:47:10 [main] INFO  tiempos - Duracion del proceso intercambiarReferencias: 80900 ns
2025-09-10 18:47:10 [main] INFO  tiempos - Duracion del proceso intercambiarReferencias: 83400 ns
2025-09-10 18:47:10 [main] INFO  tiempos - Duracion del proceso intercambiarReferencias: 56000 ns
2025-09-10 18:47:10 [main] INFO  tiempos - Duracion del proceso intercambiarReferencias: 51200 ns
2025-09-10 18:47:10 [main] INFO  tiempos - Duracion del proceso intercambiarReferencias: 80400 ns
2025-09-10 18:47:10 [main] INFO  tiempos - Duracion del proceso intercambiarReferencias: 27100 ns
2025-09-10 18:47:10 [main] INFO  tiempos - Duracion del proceso intercambiarReferencias: 55200 ns
2025-09-10 18:47:10 [main] INFO  tiempos - Duracion de encriptarFrase: 1613900 ns
2025-09-10 18:47:10 [main] INFO  tiempos - Duracion del proceso intercambiarReferencias: 56200 ns
2025-09-10 18:47:10 [main] INFO  tiempos - Duracion del proceso intercambiarReferencias: 49300 ns
2025-09-10 18:47:10 [main] INFO  tiempos - Duracion del proceso intercambiarReferencias: 32200 ns
2025-09-10 18:47:10 [main] INFO  tiempos - Duracion del proceso intercambiarReferencias: 37100 ns
2025-09-10 18:47:10 [main] INFO  tiempos - Duracion del proceso intercambiarReferencias: 48500 ns
2025-09-10 18:47:10 [main] INFO  tiempos - Duracion del proceso intercambiarReferencias: 15800 ns
2025-09-10 18:47:10 [main] INFO  tiempos - Duracion del proceso intercambiarReferencias: 31700 ns
2025-09-10 18:47:10 [main] INFO  tiempos - Duracion de desencriptarFrase: 351700 ns
2025-09-10 18:47:10 [main] INFO  tiempos - Duracion del proceso intercambiarReferencias: 44000 ns
2025-09-10 18:47:10 [main] INFO  tiempos - Duracion del proceso intercambiarReferencias: 19400 ns
2025-09-10 18:47:10 [main] INFO  tiempos - Duracion del proceso intercambiarReferencias: 19200 ns
2025-09-10 18:47:10 [main] INFO  tiempos - Duracion del proceso intercambiarReferencias: 108000 ns
2025-09-10 18:47:10 [main] INFO  tiempos - Duracion del proceso intercambiarReferencias: 32800 ns
2025-09-10 18:47:10 [main] INFO  tiempos - Duracion del proceso intercambiarReferencias: 31700 ns
2025-09-10 18:47:10 [main] INFO  tiempos - Duracion del proceso intercambiarReferencias: 47800 ns
2025-09-10 18:47:10 [main] INFO  tiempos - Duracion del proceso intercambiarReferencias: 81500 ns
2025-09-10 18:47:10 [main] INFO  tiempos - Duracion de encriptarFrase: 1474300 ns
2025-09-10 18:47:10 [main] INFO  tiempos - Duracion del proceso intercambiarReferencias: 47900 ns
2025-09-10 18:47:10 [main] INFO  tiempos - Duracion del proceso intercambiarReferencias: 17300 ns
2025-09-10 18:47:10 [main] INFO  tiempos - Duracion del proceso intercambiarReferencias: 16500 ns
2025-09-10 18:47:10 [main] INFO  tiempos - Duracion del proceso intercambiarReferencias: 89200 ns
2025-09-10 18:47:10 [main] INFO  tiempos - Duracion del proceso intercambiarReferencias: 67700 ns
2025-09-10 18:47:10 [main] INFO  tiempos - Duracion del proceso intercambiarReferencias: 34800 ns
2025-09-10 18:47:10 [main] INFO  tiempos - Duracion del proceso intercambiarReferencias: 49700 ns
2025-09-10 18:47:10 [main] INFO  tiempos - Duracion del proceso intercambiarReferencias: 80100 ns
2025-09-10 18:47:10 [main] INFO  tiempos - Duracion de desencriptarFrase: 504000 ns
2025-09-10 18:47:10 [main] INFO  tiempos - Duracion del proceso intercambiarReferencias: 33700 ns
2025-09-10 18:47:10 [main] INFO  tiempos - Duracion del proceso intercambiarReferencias: 48400 ns
2025-09-10 18:47:10 [main] INFO  tiempos - Duracion del proceso intercambiarReferencias: 79400 ns
2025-09-10 18:47:10 [main] INFO  tiempos - Duracion del proceso intercambiarReferencias: 15900 ns
2025-09-10 18:47:10 [main] INFO  tiempos - Duracion del proceso intercambiarReferencias: 15900 ns
2025-09-10 18:47:10 [main] INFO  tiempos - Duracion del proceso intercambiarReferencias: 48500 ns
2025-09-10 18:47:10 [main] INFO  tiempos - Duracion del proceso intercambiarReferencias: 15800 ns
2025-09-10 18:47:10 [main] INFO  tiempos - Duracion del proceso intercambiarReferencias: 48200 ns
2025-09-10 18:47:10 [main] INFO  tiempos - Duracion del proceso intercambiarReferencias: 63600 ns
2025-09-10 18:47:10 [main] INFO  tiempos - Duracion de encriptarFrase: 1380100 ns
2025-09-10 18:47:10 [main] INFO  tiempos - Duracion del proceso intercambiarReferencias: 23800 ns
2025-09-10 18:47:10 [main] INFO  tiempos - Duracion del proceso intercambiarReferencias: 50900 ns
2025-09-10 18:47:10 [main] INFO  tiempos - Duracion del proceso intercambiarReferencias: 80600 ns
2025-09-10 18:47:10 [main] INFO  tiempos - Duracion del proceso intercambiarReferencias: 16800 ns
2025-09-10 18:47:10 [main] INFO  tiempos - Duracion del proceso intercambiarReferencias: 16900 ns
2025-09-10 18:47:10 [main] INFO  tiempos - Duracion del proceso intercambiarReferencias: 48300 ns
2025-09-10 18:47:10 [main] INFO  tiempos - Duracion del proceso intercambiarReferencias: 18000 ns
2025-09-10 18:47:10 [main] INFO  tiempos - Duracion del proceso intercambiarReferencias: 48400 ns
2025-09-10 18:47:10 [main] INFO  tiempos - Duracion del proceso intercambiarReferencias: 65500 ns
2025-09-10 18:47:10 [main] INFO  tiempos - Duracion de desencriptarFrase: 464100 ns
2025-09-10 18:47:10 [main] INFO  tiempos - Duracion del proceso intercambiarReferencias: 35200 ns
2025-09-10 18:47:10 [main] INFO  tiempos - Duracion del proceso intercambiarReferencias: 15600 ns
2025-09-10 18:47:10 [main] INFO  tiempos - Duracion del proceso intercambiarReferencias: 31600 ns
2025-09-10 18:47:10 [main] INFO  tiempos - Duracion del proceso intercambiarReferencias: 33500 ns
2025-09-10 18:47:10 [main] INFO  tiempos - Duracion del proceso intercambiarReferencias: 47500 ns
2025-09-10 18:47:10 [main] INFO  tiempos - Duracion del proceso intercambiarReferencias: 32300 ns
2025-09-10 18:47:10 [main] INFO  tiempos - Duracion del proceso intercambiarReferencias: 15800 ns
2025-09-10 18:47:10 [main] INFO  tiempos - Duracion del proceso intercambiarReferencias: 31200 ns
2025-09-10 18:47:10 [main] INFO  tiempos - Duracion del proceso intercambiarReferencias: 31900 ns
2025-09-10 18:47:10 [main] INFO  tiempos - Duracion del proceso intercambiarReferencias: 47000 ns
2025-09-10 18:47:10 [main] INFO  tiempos - Duracion de encriptarFrase: 1105800 ns
2025-09-10 18:47:10 [main] INFO  tiempos - Duracion del proceso intercambiarReferencias: 82100 ns
2025-09-10 18:47:10 [main] INFO  tiempos - Duracion del proceso intercambiarReferencias: 48900 ns
2025-09-10 18:47:10 [main] INFO  tiempos - Duracion del proceso intercambiarReferencias: 32900 ns
2025-09-10 18:47:10 [main] INFO  tiempos - Duracion del proceso intercambiarReferencias: 32500 ns
2025-09-10 18:47:10 [main] INFO  tiempos - Duracion del proceso intercambiarReferencias: 52700 ns
2025-09-10 18:47:10 [main] INFO  tiempos - Duracion del proceso intercambiarReferencias: 32100 ns
2025-09-10 18:47:10 [main] INFO  tiempos - Duracion del proceso intercambiarReferencias: 16200 ns
2025-09-10 18:47:10 [main] INFO  tiempos - Duracion del proceso intercambiarReferencias: 33400 ns
2025-09-10 18:47:10 [main] INFO  tiempos - Duracion del proceso intercambiarReferencias: 35500 ns
2025-09-10 18:47:10 [main] INFO  tiempos - Duracion del proceso intercambiarReferencias: 47600 ns
2025-09-10 18:47:10 [main] INFO  tiempos - Duracion de desencriptarFrase: 508800 ns
2025-09-10 18:47:10 [main] INFO  tiempos - Duracion del proceso intercambiarReferencias: 63600 ns
2025-09-10 18:47:10 [main] INFO  tiempos - Duracion del proceso intercambiarReferencias: 19500 ns
2025-09-10 18:47:10 [main] INFO  tiempos - intercambiarReferencias duration: 0 ms
2025-09-10 18:47:10 [main] INFO  tiempos - Duracion del proceso intercambiarReferencias: 14200 ns
2025-09-10 18:47:10 [main] INFO  tiempos - Duracion del proceso intercambiarReferencias: 39000 ns
2025-09-10 18:47:10 [main] INFO  tiempos - Duracion del proceso intercambiarReferencias: 58300 ns
2025-09-10 18:47:10 [main] INFO  tiempos - Duracion del proceso intercambiarReferencias: 38500 ns
2025-09-10 18:47:10 [main] INFO  tiempos - Duracion del proceso intercambiarReferencias: 19500 ns
2025-09-10 18:47:10 [main] INFO  tiempos - Duracion del proceso intercambiarReferencias: 58200 ns
2025-09-10 18:47:10 [main] INFO  tiempos - Duracion de encriptarFrase: 1073300 ns
2025-09-10 18:47:10 [main] INFO  tiempos - Duracion del proceso intercambiarReferencias: 60100 ns
2025-09-10 18:47:10 [main] INFO  tiempos - Duracion del proceso intercambiarReferencias: 17500 ns
2025-09-10 18:47:10 [main] INFO  tiempos - intercambiarReferencias duration: 0 ms
2025-09-10 18:47:10 [main] INFO  tiempos - Duracion del proceso intercambiarReferencias: 12300 ns
2025-09-10 18:47:10 [main] INFO  tiempos - Duracion del proceso intercambiarReferencias: 32600 ns
2025-09-10 18:47:10 [main] INFO  tiempos - Duracion del proceso intercambiarReferencias: 47800 ns
2025-09-10 18:47:10 [main] INFO  tiempos - Duracion del proceso intercambiarReferencias: 32100 ns
2025-09-10 18:47:10 [main] INFO  tiempos - Duracion del proceso intercambiarReferencias: 15700 ns
2025-09-10 18:47:10 [main] INFO  tiempos - Duracion del proceso intercambiarReferencias: 80500 ns
2025-09-10 18:47:10 [main] INFO  tiempos - Duracion de desencriptarFrase: 385600 ns
2025-09-10 18:47:10 [main] INFO  tiempos - Duracion del proceso intercambiarReferencias: 32500 ns
2025-09-10 18:47:10 [main] INFO  tiempos - Duracion del proceso intercambiarReferencias: 31900 ns
2025-09-10 18:47:10 [main] INFO  tiempos - Duracion del proceso intercambiarReferencias: 15800 ns
2025-09-10 18:47:10 [main] INFO  tiempos - Duracion del proceso intercambiarReferencias: 68300 ns
2025-09-10 18:47:10 [main] INFO  tiempos - Duracion del proceso intercambiarReferencias: 15600 ns
2025-09-10 18:47:10 [main] INFO  tiempos - Duracion del proceso intercambiarReferencias: 31700 ns
2025-09-10 18:47:10 [main] INFO  tiempos - Duracion del proceso intercambiarReferencias: 15300 ns
2025-09-10 18:47:10 [main] INFO  tiempos - Duracion del proceso intercambiarReferencias: 31300 ns
2025-09-10 18:47:10 [main] INFO  tiempos - Duracion del proceso intercambiarReferencias: 15500 ns
2025-09-10 18:47:10 [main] INFO  tiempos - Duracion del proceso intercambiarReferencias: 30900 ns
2025-09-10 18:47:10 [main] INFO  tiempos - Duracion del proceso intercambiarReferencias: 47500 ns
2025-09-10 18:47:10 [main] INFO  tiempos - Duracion de encriptarFrase: 1231400 ns
2025-09-10 18:47:10 [main] INFO  tiempos - Duracion del proceso intercambiarReferencias: 41800 ns
2025-09-10 18:47:10 [main] INFO  tiempos - Duracion del proceso intercambiarReferencias: 32800 ns
2025-09-10 18:47:10 [main] INFO  tiempos - Duracion del proceso intercambiarReferencias: 16200 ns
2025-09-10 18:47:10 [main] INFO  tiempos - Duracion del proceso intercambiarReferencias: 52900 ns
2025-09-10 18:47:10 [main] INFO  tiempos - Duracion del proceso intercambiarReferencias: 16300 ns
2025-09-10 18:47:10 [main] INFO  tiempos - Duracion del proceso intercambiarReferencias: 31300 ns
2025-09-10 18:47:10 [main] INFO  tiempos - Duracion del proceso intercambiarReferencias: 15800 ns
2025-09-10 18:47:10 [main] INFO  tiempos - Duracion del proceso intercambiarReferencias: 31700 ns
2025-09-10 18:47:10 [main] INFO  tiempos - Duracion del proceso intercambiarReferencias: 19700 ns
2025-09-10 18:47:10 [main] INFO  tiempos - Duracion del proceso intercambiarReferencias: 50500 ns
2025-09-10 18:47:10 [main] INFO  tiempos - Duracion del proceso intercambiarReferencias: 53500 ns
2025-09-10 18:47:10 [main] INFO  tiempos - Duracion de desencriptarFrase: 480700 ns
2025-09-10 18:47:10 [main] INFO  tiempos - Duracion del proceso intercambiarReferencias: 63900 ns
2025-09-10 18:47:10 [main] INFO  tiempos - Duracion del proceso intercambiarReferencias: 15700 ns
2025-09-10 18:47:10 [main] INFO  tiempos - Duracion del proceso intercambiarReferencias: 15500 ns
2025-09-10 18:47:10 [main] INFO  tiempos - Duracion del proceso intercambiarReferencias: 31600 ns
2025-09-10 18:47:10 [main] INFO  tiempos - Duracion del proceso intercambiarReferencias: 63200 ns
2025-09-10 18:47:10 [main] INFO  tiempos - Duracion del proceso intercambiarReferencias: 31300 ns
2025-09-10 18:47:10 [main] INFO  tiempos - Duracion del proceso intercambiarReferencias: 15600 ns
2025-09-10 18:47:10 [main] INFO  tiempos - Duracion del proceso intercambiarReferencias: 30900 ns
2025-09-10 18:47:10 [main] INFO  tiempos - Duracion de encriptarFrase: 967600 ns
2025-09-10 18:47:10 [main] INFO  tiempos - Duracion del proceso intercambiarReferencias: 108800 ns
2025-09-10 18:47:10 [main] INFO  tiempos - Duracion del proceso intercambiarReferencias: 17200 ns
2025-09-10 18:47:10 [main] INFO  tiempos - Duracion del proceso intercambiarReferencias: 17100 ns
2025-09-10 18:47:10 [main] INFO  tiempos - Duracion del proceso intercambiarReferencias: 31900 ns
2025-09-10 18:47:10 [main] INFO  tiempos - Duracion del proceso intercambiarReferencias: 63400 ns
2025-09-10 18:47:10 [main] INFO  tiempos - Duracion del proceso intercambiarReferencias: 31800 ns
2025-09-10 18:47:10 [main] INFO  tiempos - Duracion del proceso intercambiarReferencias: 16800 ns
2025-09-10 18:47:10 [main] INFO  tiempos - Duracion del proceso intercambiarReferencias: 35300 ns
2025-09-10 18:47:10 [main] INFO  tiempos - Duracion de desencriptarFrase: 406800 ns
2025-09-10 18:47:10 [main] INFO  tiempos - Duracion del proceso intercambiarReferencias: 20000 ns
2025-09-10 18:47:10 [main] INFO  tiempos - Duracion del proceso intercambiarReferencias: 62900 ns
2025-09-10 18:47:10 [main] INFO  tiempos - Duracion del proceso intercambiarReferencias: 16000 ns
2025-09-10 18:47:10 [main] INFO  tiempos - Duracion del proceso intercambiarReferencias: 32000 ns
2025-09-10 18:47:10 [main] INFO  tiempos - Duracion del proceso intercambiarReferencias: 15800 ns
2025-09-10 18:47:10 [main] INFO  tiempos - Duracion del proceso intercambiarReferencias: 32000 ns
2025-09-10 18:47:10 [main] INFO  tiempos - Duracion del proceso intercambiarReferencias: 15900 ns
2025-09-10 18:47:10 [main] INFO  tiempos - Duracion del proceso intercambiarReferencias: 16000 ns
2025-09-10 18:47:10 [main] INFO  tiempos - Duracion del proceso intercambiarReferencias: 47900 ns
2025-09-10 18:47:10 [main] INFO  tiempos - Duracion del proceso intercambiarReferencias: 16300 ns
2025-09-10 18:47:10 [main] INFO  tiempos - Duracion del proceso intercambiarReferencias: 15600 ns
2025-09-10 18:47:10 [main] INFO  tiempos - Duracion del proceso intercambiarReferencias: 15600 ns
2025-09-10 18:47:10 [main] INFO  tiempos - Duracion del proceso intercambiarReferencias: 31700 ns
2025-09-10 18:47:10 [main] INFO  tiempos - Duracion del proceso intercambiarReferencias: 15700 ns
2025-09-10 18:47:10 [main] INFO  tiempos - Duracion del proceso intercambiarReferencias: 41600 ns
2025-09-10 18:47:10 [main] INFO  tiempos - Duracion del proceso intercambiarReferencias: 47900 ns
2025-09-10 18:47:10 [main] INFO  tiempos - Duracion del proceso intercambiarReferencias: 16200 ns
2025-09-10 18:47:10 [main] INFO  tiempos - Duracion del proceso intercambiarReferencias: 17100 ns
2025-09-10 18:47:10 [main] INFO  tiempos - Duracion del proceso intercambiarReferencias: 48200 ns
2025-09-10 18:47:10 [main] INFO  tiempos - Duracion de encriptarFrase: 1892800 ns
2025-09-10 18:47:10 [main] INFO  tiempos - Duracion del proceso intercambiarReferencias: 24100 ns
2025-09-10 18:47:10 [main] INFO  tiempos - Duracion del proceso intercambiarReferencias: 57700 ns
2025-09-10 18:47:10 [main] INFO  tiempos - Duracion del proceso intercambiarReferencias: 16500 ns
2025-09-10 18:47:10 [main] INFO  tiempos - Duracion del proceso intercambiarReferencias: 32100 ns
2025-09-10 18:47:10 [main] INFO  tiempos - Duracion del proceso intercambiarReferencias: 16500 ns
2025-09-10 18:47:10 [main] INFO  tiempos - Duracion del proceso intercambiarReferencias: 31900 ns
2025-09-10 18:47:10 [main] INFO  tiempos - Duracion del proceso intercambiarReferencias: 16300 ns
2025-09-10 18:47:10 [main] INFO  tiempos - Duracion del proceso intercambiarReferencias: 16200 ns
2025-09-10 18:47:10 [main] INFO  tiempos - Duracion del proceso intercambiarReferencias: 47900 ns
2025-09-10 18:47:10 [main] INFO  tiempos - Duracion del proceso intercambiarReferencias: 22800 ns
2025-09-10 18:47:10 [main] INFO  tiempos - Duracion del proceso intercambiarReferencias: 19300 ns
2025-09-10 18:47:10 [main] INFO  tiempos - Duracion del proceso intercambiarReferencias: 17000 ns
2025-09-10 18:47:10 [main] INFO  tiempos - Duracion del proceso intercambiarReferencias: 32200 ns
2025-09-10 18:47:10 [main] INFO  tiempos - Duracion del proceso intercambiarReferencias: 16800 ns
2025-09-10 18:47:10 [main] INFO  tiempos - Duracion del proceso intercambiarReferencias: 16500 ns
2025-09-10 18:47:10 [main] INFO  tiempos - Duracion del proceso intercambiarReferencias: 47500 ns
2025-09-10 18:47:10 [main] INFO  tiempos - Duracion del proceso intercambiarReferencias: 41500 ns
2025-09-10 18:47:10 [main] INFO  tiempos - Duracion del proceso intercambiarReferencias: 16000 ns
2025-09-10 18:47:10 [main] INFO  tiempos - Duracion del proceso intercambiarReferencias: 46700 ns
2025-09-10 18:47:10 [main] INFO  tiempos - Duracion de desencriptarFrase: 707400 ns
2025-09-10 18:47:10 [main] INFO  tiempos - Duracion del proceso intercambiarReferencias: 38700 ns
2025-09-10 18:47:10 [main] INFO  tiempos - Duracion del proceso intercambiarReferencias: 32300 ns
2025-09-10 18:47:10 [main] INFO  tiempos - Duracion del proceso intercambiarReferencias: 15900 ns
2025-09-10 18:47:10 [main] INFO  tiempos - Duracion del proceso intercambiarReferencias: 33300 ns
2025-09-10 18:47:10 [main] INFO  tiempos - Duracion del proceso intercambiarReferencias: 15800 ns
2025-09-10 18:47:10 [main] INFO  tiempos - Duracion del proceso intercambiarReferencias: 49000 ns
2025-09-10 18:47:10 [main] INFO  tiempos - Duracion del proceso intercambiarReferencias: 50300 ns
2025-09-10 18:47:10 [main] INFO  tiempos - Duracion del proceso intercambiarReferencias: 47900 ns
2025-09-10 18:47:10 [main] INFO  tiempos - Duracion del proceso intercambiarReferencias: 15900 ns
2025-09-10 18:47:10 [main] INFO  tiempos - Duracion del proceso intercambiarReferencias: 47300 ns
2025-09-10 18:47:10 [main] INFO  tiempos - Duracion de encriptarFrase: 1245700 ns
2025-09-10 18:47:10 [main] INFO  tiempos - Duracion del proceso intercambiarReferencias: 40600 ns
2025-09-10 18:47:10 [main] INFO  tiempos - Duracion del proceso intercambiarReferencias: 32400 ns
2025-09-10 18:47:10 [main] INFO  tiempos - Duracion del proceso intercambiarReferencias: 19900 ns
2025-09-10 18:47:10 [main] INFO  tiempos - Duracion del proceso intercambiarReferencias: 32600 ns
2025-09-10 18:47:10 [main] INFO  tiempos - Duracion del proceso intercambiarReferencias: 16300 ns
2025-09-10 18:47:10 [main] INFO  tiempos - Duracion del proceso intercambiarReferencias: 48200 ns
2025-09-10 18:47:10 [main] INFO  tiempos - Duracion del proceso intercambiarReferencias: 49600 ns
2025-09-10 18:47:10 [main] INFO  tiempos - Duracion del proceso intercambiarReferencias: 70200 ns
2025-09-10 18:47:10 [main] INFO  tiempos - Duracion del proceso intercambiarReferencias: 16400 ns
2025-09-10 18:47:10 [main] INFO  tiempos - Duracion del proceso intercambiarReferencias: 94100 ns
2025-09-10 18:47:10 [main] INFO  tiempos - Duracion de desencriptarFrase: 521000 ns
2025-09-10 18:47:10 [main] INFO  tiempos - Duracion del proceso intercambiarReferencias: 83300 ns
2025-09-10 18:47:10 [main] INFO  tiempos - Duracion del proceso intercambiarReferencias: 58800 ns
2025-09-10 18:47:10 [main] INFO  tiempos - Duracion del proceso intercambiarReferencias: 58700 ns
2025-09-10 18:47:10 [main] INFO  tiempos - Duracion del proceso intercambiarReferencias: 19300 ns
2025-09-10 18:47:10 [main] INFO  tiempos - Duracion del proceso intercambiarReferencias: 19300 ns
2025-09-10 18:47:10 [main] INFO  tiempos - Duracion del proceso intercambiarReferencias: 19400 ns
2025-09-10 18:47:10 [main] INFO  tiempos - Duracion del proceso intercambiarReferencias: 19400 ns
2025-09-10 18:47:10 [main] INFO  tiempos - Duracion del proceso intercambiarReferencias: 16000 ns
2025-09-10 18:47:10 [main] INFO  tiempos - Duracion del proceso intercambiarReferencias: 31800 ns
2025-09-10 18:47:10 [main] INFO  tiempos - Duracion del proceso intercambiarReferencias: 31900 ns
2025-09-10 18:47:10 [main] INFO  tiempos - Duracion del proceso intercambiarReferencias: 16000 ns
2025-09-10 18:47:10 [main] INFO  tiempos - Duracion del proceso intercambiarReferencias: 34100 ns
2025-09-10 18:47:10 [main] INFO  tiempos - Duracion del proceso intercambiarReferencias: 32200 ns
2025-09-10 18:47:10 [main] INFO  tiempos - Duracion del proceso intercambiarReferencias: 15900 ns
2025-09-10 18:47:10 [main] INFO  tiempos - Duracion del proceso intercambiarReferencias: 15800 ns
2025-09-10 18:47:10 [main] INFO  tiempos - Duracion del proceso intercambiarReferencias: 32100 ns
2025-09-10 18:47:10 [main] INFO  tiempos - Duracion del proceso intercambiarReferencias: 32100 ns
2025-09-10 18:47:10 [main] INFO  tiempos - Duracion de encriptarFrase: 1955300 ns
2025-09-10 18:47:10 [main] INFO  tiempos - Duracion del proceso intercambiarReferencias: 74500 ns
2025-09-10 18:47:10 [main] INFO  tiempos - Duracion del proceso intercambiarReferencias: 49400 ns
2025-09-10 18:47:10 [main] INFO  tiempos - Duracion del proceso intercambiarReferencias: 47800 ns
2025-09-10 18:47:10 [main] INFO  tiempos - Duracion del proceso intercambiarReferencias: 16400 ns
2025-09-10 18:47:10 [main] INFO  tiempos - Duracion del proceso intercambiarReferencias: 16800 ns
2025-09-10 18:47:10 [main] INFO  tiempos - Duracion del proceso intercambiarReferencias: 15800 ns
2025-09-10 18:47:10 [main] INFO  tiempos - Duracion del proceso intercambiarReferencias: 15800 ns
2025-09-10 18:47:10 [main] INFO  tiempos - Duracion del proceso intercambiarReferencias: 16300 ns
2025-09-10 18:47:10 [main] INFO  tiempos - Duracion del proceso intercambiarReferencias: 34700 ns
2025-09-10 18:47:10 [main] INFO  tiempos - Duracion del proceso intercambiarReferencias: 31800 ns
2025-09-10 18:47:10 [main] INFO  tiempos - Duracion del proceso intercambiarReferencias: 16100 ns
2025-09-10 18:47:10 [main] INFO  tiempos - Duracion del proceso intercambiarReferencias: 31700 ns
2025-09-10 18:47:10 [main] INFO  tiempos - Duracion del proceso intercambiarReferencias: 31800 ns
2025-09-10 18:47:10 [main] INFO  tiempos - Duracion del proceso intercambiarReferencias: 15800 ns
2025-09-10 18:47:10 [main] INFO  tiempos - Duracion del proceso intercambiarReferencias: 15800 ns
2025-09-10 18:47:10 [main] INFO  tiempos - Duracion del proceso intercambiarReferencias: 31700 ns
2025-09-10 18:47:10 [main] INFO  tiempos - Duracion del proceso intercambiarReferencias: 32800 ns
2025-09-10 18:47:10 [main] INFO  tiempos - Duracion de desencriptarFrase: 634900 ns
2025-09-10 18:47:10 [main] INFO  tiempos - Duracion del proceso intercambiarReferencias: 16600 ns
2025-09-10 18:47:10 [main] INFO  tiempos - Duracion del proceso intercambiarReferencias: 32100 ns
2025-09-10 18:47:10 [main] INFO  tiempos - Duracion del proceso intercambiarReferencias: 31700 ns
2025-09-10 18:47:10 [main] INFO  tiempos - Duracion del proceso intercambiarReferencias: 16300 ns
2025-09-10 18:47:10 [main] INFO  tiempos - Duracion del proceso intercambiarReferencias: 32500 ns
2025-09-10 18:47:10 [main] INFO  tiempos - Duracion del proceso intercambiarReferencias: 15900 ns
2025-09-10 18:47:10 [main] INFO  tiempos - Duracion del proceso intercambiarReferencias: 31800 ns
2025-09-10 18:47:10 [main] INFO  tiempos - Duracion del proceso intercambiarReferencias: 33600 ns
2025-09-10 18:47:10 [main] INFO  tiempos - Duracion del proceso intercambiarReferencias: 15400 ns
2025-09-10 18:47:10 [main] INFO  tiempos - Duracion del proceso intercambiarReferencias: 31500 ns
2025-09-10 18:47:10 [main] INFO  tiempos - Duracion del proceso intercambiarReferencias: 47200 ns
2025-09-10 18:47:10 [main] INFO  tiempos - Duracion del proceso intercambiarReferencias: 31500 ns
2025-09-10 18:47:10 [main] INFO  tiempos - Duracion del proceso intercambiarReferencias: 31800 ns
2025-09-10 18:47:10 [main] INFO  tiempos - Duracion del proceso intercambiarReferencias: 16000 ns
2025-09-10 18:47:10 [main] INFO  tiempos - Duracion del proceso intercambiarReferencias: 49700 ns
2025-09-10 18:47:10 [main] INFO  tiempos - Duracion de encriptarFrase: 1571900 ns
2025-09-10 18:47:10 [main] INFO  tiempos - Duracion del proceso intercambiarReferencias: 21200 ns
2025-09-10 18:47:10 [main] INFO  tiempos - Duracion del proceso intercambiarReferencias: 32800 ns
2025-09-10 18:47:10 [main] INFO  tiempos - Duracion del proceso intercambiarReferencias: 32500 ns
2025-09-10 18:47:10 [main] INFO  tiempos - Duracion del proceso intercambiarReferencias: 21400 ns
2025-09-10 18:47:10 [main] INFO  tiempos - Duracion del proceso intercambiarReferencias: 49800 ns
2025-09-10 18:47:10 [main] INFO  tiempos - Duracion del proceso intercambiarReferencias: 24200 ns
2025-09-10 18:47:10 [main] INFO  tiempos - Duracion del proceso intercambiarReferencias: 32200 ns
2025-09-10 18:47:10 [main] INFO  tiempos - Duracion del proceso intercambiarReferencias: 89900 ns
2025-09-10 18:47:10 [main] INFO  tiempos - Duracion del proceso intercambiarReferencias: 17100 ns
2025-09-10 18:47:10 [main] INFO  tiempos - Duracion del proceso intercambiarReferencias: 33600 ns
2025-09-10 18:47:10 [main] INFO  tiempos - Duracion del proceso intercambiarReferencias: 48100 ns
2025-09-10 18:47:10 [main] INFO  tiempos - Duracion del proceso intercambiarReferencias: 33500 ns
2025-09-10 18:47:10 [main] INFO  tiempos - Duracion del proceso intercambiarReferencias: 31700 ns
2025-09-10 18:47:10 [main] INFO  tiempos - Duracion del proceso intercambiarReferencias: 16100 ns
2025-09-10 18:47:10 [main] INFO  tiempos - Duracion del proceso intercambiarReferencias: 50300 ns
2025-09-10 18:47:10 [main] INFO  tiempos - Duracion de desencriptarFrase: 703400 ns
2025-09-10 18:47:10 [main] INFO  tiempos - Duracion del proceso intercambiarReferencias: 20100 ns
2025-09-10 18:47:10 [main] INFO  tiempos - Duracion del proceso intercambiarReferencias: 33700 ns
2025-09-10 18:47:10 [main] INFO  tiempos - Duracion del proceso intercambiarReferencias: 37800 ns
2025-09-10 18:47:10 [main] INFO  tiempos - Duracion del proceso intercambiarReferencias: 20300 ns
2025-09-10 18:47:10 [main] INFO  tiempos - Duracion del proceso intercambiarReferencias: 22300 ns
2025-09-10 18:47:10 [main] INFO  tiempos - Duracion del proceso intercambiarReferencias: 19400 ns
2025-09-10 18:47:10 [main] INFO  tiempos - Duracion del proceso intercambiarReferencias: 19500 ns
2025-09-10 18:47:10 [main] INFO  tiempos - Duracion del proceso intercambiarReferencias: 40300 ns
2025-09-10 18:47:10 [main] INFO  tiempos - Duracion del proceso intercambiarReferencias: 19400 ns
2025-09-10 18:47:10 [main] INFO  tiempos - Duracion del proceso intercambiarReferencias: 19200 ns
2025-09-10 18:47:10 [main] INFO  tiempos - Duracion del proceso intercambiarReferencias: 62600 ns
2025-09-10 18:47:10 [main] INFO  tiempos - Duracion del proceso intercambiarReferencias: 15500 ns
2025-09-10 18:47:10 [main] INFO  tiempos - Duracion del proceso intercambiarReferencias: 32300 ns
2025-09-10 18:47:10 [main] INFO  tiempos - Duracion del proceso intercambiarReferencias: 64600 ns
2025-09-10 18:47:10 [main] INFO  tiempos - Duracion del proceso intercambiarReferencias: 15600 ns
2025-09-10 18:47:10 [main] INFO  tiempos - Duracion del proceso intercambiarReferencias: 32800 ns
2025-09-10 18:47:10 [main] INFO  tiempos - Duracion del proceso intercambiarReferencias: 31800 ns
2025-09-10 18:47:10 [main] INFO  tiempos - Duracion del proceso intercambiarReferencias: 32200 ns
2025-09-10 18:47:10 [main] INFO  tiempos - Duracion de encriptarFrase: 2124700 ns
2025-09-10 18:47:10 [main] INFO  tiempos - Duracion del proceso intercambiarReferencias: 24000 ns
2025-09-10 18:47:10 [main] INFO  tiempos - Duracion del proceso intercambiarReferencias: 17600 ns
2025-09-10 18:47:10 [main] INFO  tiempos - Duracion del proceso intercambiarReferencias: 18500 ns
2025-09-10 18:47:10 [main] INFO  tiempos - Duracion del proceso intercambiarReferencias: 16400 ns
2025-09-10 18:47:10 [main] INFO  tiempos - Duracion del proceso intercambiarReferencias: 16600 ns
2025-09-10 18:47:10 [main] INFO  tiempos - Duracion del proceso intercambiarReferencias: 16100 ns
2025-09-10 18:47:10 [main] INFO  tiempos - Duracion del proceso intercambiarReferencias: 16000 ns
2025-09-10 18:47:10 [main] INFO  tiempos - Duracion del proceso intercambiarReferencias: 32200 ns
2025-09-10 18:47:10 [main] INFO  tiempos - Duracion del proceso intercambiarReferencias: 16500 ns
2025-09-10 18:47:10 [main] INFO  tiempos - Duracion del proceso intercambiarReferencias: 20700 ns
2025-09-10 18:47:10 [main] INFO  tiempos - Duracion del proceso intercambiarReferencias: 64800 ns
2025-09-10 18:47:10 [main] INFO  tiempos - Duracion del proceso intercambiarReferencias: 16600 ns
2025-09-10 18:47:10 [main] INFO  tiempos - Duracion del proceso intercambiarReferencias: 33700 ns
2025-09-10 18:47:10 [main] INFO  tiempos - Duracion del proceso intercambiarReferencias: 63200 ns
2025-09-10 18:47:10 [main] INFO  tiempos - Duracion del proceso intercambiarReferencias: 16900 ns
2025-09-10 18:47:10 [main] INFO  tiempos - Duracion del proceso intercambiarReferencias: 31900 ns
2025-09-10 18:47:10 [main] INFO  tiempos - Duracion del proceso intercambiarReferencias: 31700 ns
2025-09-10 18:47:10 [main] INFO  tiempos - Duracion del proceso intercambiarReferencias: 32000 ns
2025-09-10 18:47:10 [main] INFO  tiempos - Duracion de desencriptarFrase: 678400 ns
2025-09-10 18:47:10 [main] INFO  tiempos - Duracion del proceso intercambiarReferencias: 17200 ns
2025-09-10 18:47:10 [main] INFO  tiempos - Duracion del proceso intercambiarReferencias: 47400 ns
2025-09-10 18:47:10 [main] INFO  tiempos - Duracion del proceso intercambiarReferencias: 31200 ns
2025-09-10 18:47:10 [main] INFO  tiempos - Duracion del proceso intercambiarReferencias: 64000 ns
2025-09-10 18:47:10 [main] INFO  tiempos - Duracion del proceso intercambiarReferencias: 31400 ns
2025-09-10 18:47:10 [main] INFO  tiempos - Duracion del proceso intercambiarReferencias: 32600 ns
2025-09-10 18:47:10 [main] INFO  tiempos - Duracion del proceso intercambiarReferencias: 16200 ns
2025-09-10 18:47:10 [main] INFO  tiempos - Duracion del proceso intercambiarReferencias: 31400 ns
2025-09-10 18:47:10 [main] INFO  tiempos - Duracion del proceso intercambiarReferencias: 31700 ns
2025-09-10 18:47:10 [main] INFO  tiempos - Duracion del proceso intercambiarReferencias: 15600 ns
2025-09-10 18:47:10 [main] INFO  tiempos - Duracion del proceso intercambiarReferencias: 15900 ns
2025-09-10 18:47:10 [main] INFO  tiempos - Duracion del proceso intercambiarReferencias: 33400 ns
2025-09-10 18:47:10 [main] INFO  tiempos - Duracion del proceso intercambiarReferencias: 16000 ns
2025-09-10 18:47:10 [main] INFO  tiempos - Duracion del proceso intercambiarReferencias: 15700 ns
2025-09-10 18:47:10 [main] INFO  tiempos - Duracion del proceso intercambiarReferencias: 31300 ns
2025-09-10 18:47:10 [main] INFO  tiempos - Duracion del proceso intercambiarReferencias: 16300 ns
2025-09-10 18:47:10 [main] INFO  tiempos - Duracion del proceso intercambiarReferencias: 41700 ns
2025-09-10 18:47:10 [main] INFO  tiempos - Duracion del proceso intercambiarReferencias: 31900 ns
2025-09-10 18:47:10 [main] INFO  tiempos - Duracion del proceso intercambiarReferencias: 31300 ns
2025-09-10 18:47:10 [main] INFO  tiempos - Duracion del proceso intercambiarReferencias: 48900 ns
2025-09-10 18:47:10 [main] INFO  tiempos - Duracion de encriptarFrase: 2163800 ns
2025-09-10 18:47:10 [main] INFO  tiempos - Duracion del proceso intercambiarReferencias: 23400 ns
2025-09-10 18:47:10 [main] INFO  tiempos - Duracion del proceso intercambiarReferencias: 49900 ns
2025-09-10 18:47:10 [main] INFO  tiempos - Duracion del proceso intercambiarReferencias: 32200 ns
2025-09-10 18:47:10 [main] INFO  tiempos - Duracion del proceso intercambiarReferencias: 64300 ns
2025-09-10 18:47:10 [main] INFO  tiempos - Duracion del proceso intercambiarReferencias: 32900 ns
2025-09-10 18:47:10 [main] INFO  tiempos - Duracion del proceso intercambiarReferencias: 36000 ns
2025-09-10 18:47:10 [main] INFO  tiempos - Duracion del proceso intercambiarReferencias: 16600 ns
2025-09-10 18:47:10 [main] INFO  tiempos - Duracion del proceso intercambiarReferencias: 32000 ns
2025-09-10 18:47:10 [main] INFO  tiempos - Duracion del proceso intercambiarReferencias: 31700 ns
2025-09-10 18:47:10 [main] INFO  tiempos - Duracion del proceso intercambiarReferencias: 16000 ns
2025-09-10 18:47:10 [main] INFO  tiempos - Duracion del proceso intercambiarReferencias: 15900 ns
2025-09-10 18:47:10 [main] INFO  tiempos - Duracion del proceso intercambiarReferencias: 37800 ns
2025-09-10 18:47:10 [main] INFO  tiempos - Duracion del proceso intercambiarReferencias: 16800 ns
2025-09-10 18:47:10 [main] INFO  tiempos - Duracion del proceso intercambiarReferencias: 16400 ns
2025-09-10 18:47:10 [main] INFO  tiempos - Duracion del proceso intercambiarReferencias: 34200 ns
2025-09-10 18:47:10 [main] INFO  tiempos - Duracion del proceso intercambiarReferencias: 16800 ns
2025-09-10 18:47:10 [main] INFO  tiempos - Duracion del proceso intercambiarReferencias: 31700 ns
2025-09-10 18:47:10 [main] INFO  tiempos - Duracion del proceso intercambiarReferencias: 32000 ns
2025-09-10 18:47:10 [main] INFO  tiempos - Duracion del proceso intercambiarReferencias: 32400 ns
2025-09-10 18:47:10 [main] INFO  tiempos - Duracion del proceso intercambiarReferencias: 47700 ns
2025-09-10 18:47:10 [main] INFO  tiempos - Duracion de desencriptarFrase: 806300 ns
2025-09-10 18:47:10 [main] INFO  tiempos - intercambiarReferencias duration: 0 ms
2025-09-10 18:47:10 [main] INFO  tiempos - Duracion del proceso intercambiarReferencias: 18200 ns
2025-09-10 18:47:10 [main] INFO  tiempos - Duracion del proceso intercambiarReferencias: 19400 ns
2025-09-10 18:47:10 [main] INFO  tiempos - Duracion del proceso intercambiarReferencias: 38400 ns
2025-09-10 18:47:10 [main] INFO  tiempos - Duracion del proceso intercambiarReferencias: 57600 ns
2025-09-10 18:47:10 [main] INFO  tiempos - Duracion del proceso intercambiarReferencias: 59800 ns
2025-09-10 18:47:10 [main] INFO  tiempos - Duracion del proceso intercambiarReferencias: 20000 ns
2025-09-10 18:47:10 [main] INFO  tiempos - intercambiarReferencias duration: 0 ms
2025-09-10 18:47:10 [main] INFO  tiempos - Duracion del proceso intercambiarReferencias: 13800 ns
2025-09-10 18:47:10 [main] INFO  tiempos - Duracion del proceso intercambiarReferencias: 48300 ns
2025-09-10 18:47:10 [main] INFO  tiempos - Duracion del proceso intercambiarReferencias: 31100 ns
2025-09-10 18:47:10 [main] INFO  tiempos - Duracion del proceso intercambiarReferencias: 49000 ns
2025-09-10 18:47:10 [main] INFO  tiempos - Duracion del proceso intercambiarReferencias: 31200 ns
2025-09-10 18:47:10 [main] INFO  tiempos - Duracion de encriptarFrase: 1382900 ns
2025-09-10 18:47:10 [main] INFO  tiempos - intercambiarReferencias duration: 0 ms
2025-09-10 18:47:10 [main] INFO  tiempos - Duracion del proceso intercambiarReferencias: 17900 ns
2025-09-10 18:47:10 [main] INFO  tiempos - Duracion del proceso intercambiarReferencias: 18100 ns
2025-09-10 18:47:10 [main] INFO  tiempos - Duracion del proceso intercambiarReferencias: 32600 ns
2025-09-10 18:47:10 [main] INFO  tiempos - Duracion del proceso intercambiarReferencias: 53000 ns
2025-09-10 18:47:10 [main] INFO  tiempos - Duracion del proceso intercambiarReferencias: 50200 ns
2025-09-10 18:47:10 [main] INFO  tiempos - Duracion del proceso intercambiarReferencias: 16500 ns
2025-09-10 18:47:10 [main] INFO  tiempos - intercambiarReferencias duration: 0 ms
2025-09-10 18:47:10 [main] INFO  tiempos - Duracion del proceso intercambiarReferencias: 11300 ns
2025-09-10 18:47:10 [main] INFO  tiempos - Duracion del proceso intercambiarReferencias: 48300 ns
2025-09-10 18:47:10 [main] INFO  tiempos - Duracion del proceso intercambiarReferencias: 33500 ns
2025-09-10 18:47:10 [main] INFO  tiempos - Duracion del proceso intercambiarReferencias: 49900 ns
2025-09-10 18:47:10 [main] INFO  tiempos - Duracion del proceso intercambiarReferencias: 34200 ns
2025-09-10 18:47:10 [main] INFO  tiempos - Duracion de desencriptarFrase: 468000 ns
2025-09-10 18:47:10 [main] INFO  tiempos - Duracion del proceso intercambiarReferencias: 16900 ns
2025-09-10 18:47:10 [main] INFO  tiempos - Duracion del proceso intercambiarReferencias: 31600 ns
2025-09-10 18:47:10 [main] INFO  tiempos - Duracion del proceso intercambiarReferencias: 34600 ns
2025-09-10 18:47:10 [main] INFO  tiempos - Duracion del proceso intercambiarReferencias: 16400 ns
2025-09-10 18:47:10 [main] INFO  tiempos - Duracion del proceso intercambiarReferencias: 31200 ns
2025-09-10 18:47:10 [main] INFO  tiempos - Duracion del proceso intercambiarReferencias: 67000 ns
2025-09-10 18:47:10 [main] INFO  tiempos - Duracion del proceso intercambiarReferencias: 40500 ns
2025-09-10 18:47:10 [main] INFO  tiempos - Duracion del proceso intercambiarReferencias: 63200 ns
2025-09-10 18:47:10 [main] INFO  tiempos - Duracion del proceso intercambiarReferencias: 15600 ns
2025-09-10 18:47:10 [main] INFO  tiempos - Duracion del proceso intercambiarReferencias: 47400 ns
2025-09-10 18:47:10 [main] INFO  tiempos - Duracion del proceso intercambiarReferencias: 69000 ns
2025-09-10 18:47:10 [main] INFO  tiempos - Duracion del proceso intercambiarReferencias: 16400 ns
2025-09-10 18:47:10 [main] INFO  tiempos - Duracion del proceso intercambiarReferencias: 50100 ns
2025-09-10 18:47:10 [main] INFO  tiempos - Duracion de encriptarFrase: 1727200 ns
2025-09-10 18:47:10 [main] INFO  tiempos - Duracion del proceso intercambiarReferencias: 23000 ns
2025-09-10 18:47:10 [main] INFO  tiempos - Duracion del proceso intercambiarReferencias: 34100 ns
2025-09-10 18:47:10 [main] INFO  tiempos - Duracion del proceso intercambiarReferencias: 34800 ns
2025-09-10 18:47:10 [main] INFO  tiempos - Duracion del proceso intercambiarReferencias: 16300 ns
2025-09-10 18:47:10 [main] INFO  tiempos - Duracion del proceso intercambiarReferencias: 32700 ns
2025-09-10 18:47:10 [main] INFO  tiempos - Duracion del proceso intercambiarReferencias: 69800 ns
2025-09-10 18:47:10 [main] INFO  tiempos - Duracion del proceso intercambiarReferencias: 16800 ns
2025-09-10 18:47:10 [main] INFO  tiempos - Duracion del proceso intercambiarReferencias: 64200 ns
2025-09-10 18:47:10 [main] INFO  tiempos - Duracion del proceso intercambiarReferencias: 16000 ns
2025-09-10 18:47:10 [main] INFO  tiempos - Duracion del proceso intercambiarReferencias: 48300 ns
2025-09-10 18:47:10 [main] INFO  tiempos - Duracion del proceso intercambiarReferencias: 66700 ns
2025-09-10 18:47:10 [main] INFO  tiempos - Duracion del proceso intercambiarReferencias: 17300 ns
2025-09-10 18:47:10 [main] INFO  tiempos - Duracion del proceso intercambiarReferencias: 48000 ns
2025-09-10 18:47:10 [main] INFO  tiempos - Duracion de desencriptarFrase: 610100 ns
2025-09-10 18:47:10 [main] INFO  tiempos - Duracion del proceso intercambiarReferencias: 17400 ns
2025-09-10 18:47:10 [main] INFO  tiempos - Duracion del proceso intercambiarReferencias: 16500 ns
2025-09-10 18:47:10 [main] INFO  tiempos - intercambiarReferencias duration: 0 ms
2025-09-10 18:47:10 [main] INFO  tiempos - Duracion del proceso intercambiarReferencias: 12000 ns
2025-09-10 18:47:10 [main] INFO  tiempos - Duracion del proceso intercambiarReferencias: 33000 ns
2025-09-10 18:47:10 [main] INFO  tiempos - Duracion del proceso intercambiarReferencias: 16200 ns
2025-09-10 18:47:10 [main] INFO  tiempos - Duracion del proceso intercambiarReferencias: 16900 ns
2025-09-10 18:47:10 [main] INFO  tiempos - Duracion del proceso intercambiarReferencias: 33200 ns
2025-09-10 18:47:10 [main] INFO  tiempos - Duracion del proceso intercambiarReferencias: 16100 ns
2025-09-10 18:47:10 [main] INFO  tiempos - Duracion del proceso intercambiarReferencias: 51600 ns
2025-09-10 18:47:10 [main] INFO  tiempos - Duracion del proceso intercambiarReferencias: 16200 ns
2025-09-10 18:47:10 [main] INFO  tiempos - Duracion del proceso intercambiarReferencias: 16100 ns
2025-09-10 18:47:10 [main] INFO  tiempos - Duracion del proceso intercambiarReferencias: 48800 ns
2025-09-10 18:47:10 [main] INFO  tiempos - Duracion del proceso intercambiarReferencias: 32800 ns
2025-09-10 18:47:10 [main] INFO  tiempos - Duracion del proceso intercambiarReferencias: 16300 ns
2025-09-10 18:47:10 [main] INFO  tiempos - Duracion del proceso intercambiarReferencias: 16000 ns
2025-09-10 18:47:10 [main] INFO  tiempos - Duracion del proceso intercambiarReferencias: 43500 ns
2025-09-10 18:47:10 [main] INFO  tiempos - Duracion del proceso intercambiarReferencias: 16000 ns
2025-09-10 18:47:10 [main] INFO  tiempos - Duracion del proceso intercambiarReferencias: 64700 ns
2025-09-10 18:47:10 [main] INFO  tiempos - Duracion del proceso intercambiarReferencias: 15700 ns
2025-09-10 18:47:10 [main] INFO  tiempos - Duracion del proceso intercambiarReferencias: 32100 ns
2025-09-10 18:47:10 [main] INFO  tiempos - Duracion del proceso intercambiarReferencias: 31700 ns
2025-09-10 18:47:10 [main] INFO  tiempos - Duracion del proceso intercambiarReferencias: 15900 ns
2025-09-10 18:47:10 [main] INFO  tiempos - Duracion del proceso intercambiarReferencias: 31900 ns
2025-09-10 18:47:10 [main] INFO  tiempos - Duracion de encriptarFrase: 2550400 ns
2025-09-10 18:47:10 [main] INFO  tiempos - Duracion del proceso intercambiarReferencias: 38400 ns
2025-09-10 18:47:10 [main] INFO  tiempos - Duracion del proceso intercambiarReferencias: 17400 ns
2025-09-10 18:47:10 [main] INFO  tiempos - intercambiarReferencias duration: 0 ms
2025-09-10 18:47:10 [main] INFO  tiempos - Duracion del proceso intercambiarReferencias: 17600 ns
2025-09-10 18:47:10 [main] INFO  tiempos - Duracion del proceso intercambiarReferencias: 33200 ns
2025-09-10 18:47:10 [main] INFO  tiempos - Duracion del proceso intercambiarReferencias: 16600 ns
2025-09-10 18:47:10 [main] INFO  tiempos - Duracion del proceso intercambiarReferencias: 21500 ns
2025-09-10 18:47:10 [main] INFO  tiempos - Duracion del proceso intercambiarReferencias: 32900 ns
2025-09-10 18:47:10 [main] INFO  tiempos - Duracion del proceso intercambiarReferencias: 16700 ns
2025-09-10 18:47:10 [main] INFO  tiempos - Duracion del proceso intercambiarReferencias: 48600 ns
2025-09-10 18:47:10 [main] INFO  tiempos - Duracion del proceso intercambiarReferencias: 16300 ns
2025-09-10 18:47:10 [main] INFO  tiempos - Duracion del proceso intercambiarReferencias: 16000 ns
2025-09-10 18:47:10 [main] INFO  tiempos - Duracion del proceso intercambiarReferencias: 51600 ns
2025-09-10 18:47:10 [main] INFO  tiempos - Duracion del proceso intercambiarReferencias: 32800 ns
2025-09-10 18:47:10 [main] INFO  tiempos - Duracion del proceso intercambiarReferencias: 18800 ns
2025-09-10 18:47:10 [main] INFO  tiempos - Duracion del proceso intercambiarReferencias: 16400 ns
2025-09-10 18:47:10 [main] INFO  tiempos - Duracion del proceso intercambiarReferencias: 32100 ns
2025-09-10 18:47:10 [main] INFO  tiempos - Duracion del proceso intercambiarReferencias: 16100 ns
2025-09-10 18:47:10 [main] INFO  tiempos - Duracion del proceso intercambiarReferencias: 65300 ns
2025-09-10 18:47:10 [main] INFO  tiempos - Duracion del proceso intercambiarReferencias: 16200 ns
2025-09-10 18:47:10 [main] INFO  tiempos - Duracion del proceso intercambiarReferencias: 32400 ns
2025-09-10 18:47:10 [main] INFO  tiempos - Duracion del proceso intercambiarReferencias: 34700 ns
2025-09-10 18:47:10 [main] INFO  tiempos - Duracion del proceso intercambiarReferencias: 16700 ns
2025-09-10 18:47:10 [main] INFO  tiempos - Duracion del proceso intercambiarReferencias: 32400 ns
2025-09-10 18:47:10 [main] INFO  tiempos - Duracion de desencriptarFrase: 876400 ns
2025-09-10 18:47:10 [main] INFO  tiempos - Duracion del proceso intercambiarReferencias: 32700 ns
2025-09-10 18:47:10 [main] INFO  tiempos - Duracion del proceso intercambiarReferencias: 20900 ns
2025-09-10 18:47:10 [main] INFO  tiempos - Duracion del proceso intercambiarReferencias: 32400 ns
2025-09-10 18:47:10 [main] INFO  tiempos - Duracion del proceso intercambiarReferencias: 114500 ns
2025-09-10 18:47:10 [main] INFO  tiempos - Duracion del proceso intercambiarReferencias: 32100 ns
2025-09-10 18:47:10 [main] INFO  tiempos - Duracion del proceso intercambiarReferencias: 106300 ns
2025-09-10 18:47:10 [main] INFO  tiempos - Duracion de encriptarFrase: 1194400 ns
2025-09-10 18:47:10 [main] INFO  tiempos - Duracion del proceso intercambiarReferencias: 41000 ns
2025-09-10 18:47:10 [main] INFO  tiempos - Duracion del proceso intercambiarReferencias: 17500 ns
2025-09-10 18:47:10 [main] INFO  tiempos - Duracion del proceso intercambiarReferencias: 36000 ns
2025-09-10 18:47:10 [main] INFO  tiempos - Duracion del proceso intercambiarReferencias: 138600 ns
2025-09-10 18:47:10 [main] INFO  tiempos - Duracion del proceso intercambiarReferencias: 33400 ns
2025-09-10 18:47:10 [main] INFO  tiempos - Duracion del proceso intercambiarReferencias: 63300 ns
2025-09-10 18:47:10 [main] INFO  tiempos - Duracion de desencriptarFrase: 409200 ns
2025-09-10 18:47:10 [main] INFO  tiempos - Duracion del proceso intercambiarReferencias: 28300 ns
2025-09-10 18:47:10 [main] INFO  tiempos - Duracion del proceso intercambiarReferencias: 27700 ns
2025-09-10 18:47:10 [main] INFO  tiempos - Duracion del proceso intercambiarReferencias: 73400 ns
2025-09-10 18:47:10 [main] INFO  tiempos - Duracion del proceso intercambiarReferencias: 83700 ns
2025-09-10 18:47:10 [main] INFO  tiempos - Duracion del proceso intercambiarReferencias: 76300 ns
2025-09-10 18:47:10 [main] INFO  tiempos - Duracion del proceso intercambiarReferencias: 23900 ns
2025-09-10 18:47:10 [main] INFO  tiempos - Duracion del proceso intercambiarReferencias: 24200 ns
2025-09-10 18:47:10 [main] INFO  tiempos - Duracion del proceso intercambiarReferencias: 54200 ns
2025-09-10 18:47:10 [main] INFO  tiempos - Duracion del proceso intercambiarReferencias: 45900 ns
2025-09-10 18:47:10 [main] INFO  tiempos - Duracion del proceso intercambiarReferencias: 37300 ns
2025-09-10 18:47:10 [main] INFO  tiempos - Duracion del proceso intercambiarReferencias: 30600 ns
2025-09-10 18:47:10 [main] INFO  tiempos - Duracion del proceso intercambiarReferencias: 17600 ns
2025-09-10 18:47:10 [main] INFO  tiempos - Duracion del proceso intercambiarReferencias: 60900 ns
2025-09-10 18:47:10 [main] INFO  tiempos - Duracion del proceso intercambiarReferencias: 17300 ns
2025-09-10 18:47:10 [main] INFO  tiempos - Duracion del proceso intercambiarReferencias: 15300 ns
2025-09-10 18:47:10 [main] INFO  tiempos - Duracion del proceso intercambiarReferencias: 63500 ns
2025-09-10 18:47:10 [main] INFO  tiempos - Duracion del proceso intercambiarReferencias: 15200 ns
2025-09-10 18:47:10 [main] INFO  tiempos - Duracion del proceso intercambiarReferencias: 54400 ns
2025-09-10 18:47:10 [main] INFO  tiempos - Duracion de encriptarFrase: 2676600 ns
2025-09-10 18:47:10 [main] INFO  tiempos - Duracion del proceso intercambiarReferencias: 32600 ns
2025-09-10 18:47:10 [main] INFO  tiempos - Duracion del proceso intercambiarReferencias: 17700 ns
2025-09-10 18:47:10 [main] INFO  tiempos - Duracion del proceso intercambiarReferencias: 49600 ns
2025-09-10 18:47:10 [main] INFO  tiempos - Duracion del proceso intercambiarReferencias: 47900 ns
2025-09-10 18:47:10 [main] INFO  tiempos - Duracion del proceso intercambiarReferencias: 48100 ns
2025-09-10 18:47:10 [main] INFO  tiempos - Duracion del proceso intercambiarReferencias: 16000 ns
2025-09-10 18:47:10 [main] INFO  tiempos - Duracion del proceso intercambiarReferencias: 21200 ns
2025-09-10 18:47:10 [main] INFO  tiempos - Duracion del proceso intercambiarReferencias: 48100 ns
2025-09-10 18:47:10 [main] INFO  tiempos - Duracion del proceso intercambiarReferencias: 47700 ns
2025-09-10 18:47:10 [main] INFO  tiempos - Duracion del proceso intercambiarReferencias: 31900 ns
2025-09-10 18:47:10 [main] INFO  tiempos - Duracion del proceso intercambiarReferencias: 31700 ns
2025-09-10 18:47:10 [main] INFO  tiempos - Duracion del proceso intercambiarReferencias: 15900 ns
2025-09-10 18:47:10 [main] INFO  tiempos - Duracion del proceso intercambiarReferencias: 65600 ns
2025-09-10 18:47:10 [main] INFO  tiempos - Duracion del proceso intercambiarReferencias: 16100 ns
2025-09-10 18:47:10 [main] INFO  tiempos - Duracion del proceso intercambiarReferencias: 15800 ns
2025-09-10 18:47:10 [main] INFO  tiempos - Duracion del proceso intercambiarReferencias: 72700 ns
2025-09-10 18:47:10 [main] INFO  tiempos - Duracion del proceso intercambiarReferencias: 16300 ns
2025-09-10 18:47:10 [main] INFO  tiempos - Duracion del proceso intercambiarReferencias: 47100 ns
2025-09-10 18:47:10 [main] INFO  tiempos - Duracion de desencriptarFrase: 810800 ns
2025-09-10 18:47:10 [main] INFO  tiempos - Duracion del proceso intercambiarReferencias: 121600 ns
2025-09-10 18:47:10 [main] INFO  tiempos - Duracion del proceso intercambiarReferencias: 71300 ns
2025-09-10 18:47:10 [main] INFO  tiempos - Duracion del proceso intercambiarReferencias: 73300 ns
2025-09-10 18:47:10 [main] INFO  tiempos - Duracion de encriptarFrase: 1093900 ns
2025-09-10 18:47:10 [main] INFO  tiempos - Duracion del proceso intercambiarReferencias: 137700 ns
2025-09-10 18:47:10 [main] INFO  tiempos - Duracion del proceso intercambiarReferencias: 78100 ns
2025-09-10 18:47:10 [main] INFO  tiempos - Duracion del proceso intercambiarReferencias: 123800 ns
2025-09-10 18:47:10 [main] INFO  tiempos - Duracion de desencriptarFrase: 416500 ns
2025-09-10 18:47:10 [main] INFO  tiempos - Duracion del proceso intercambiarReferencias: 77100 ns
2025-09-10 18:47:10 [main] INFO  tiempos - Duracion del proceso intercambiarReferencias: 50000 ns
2025-09-10 18:47:10 [main] INFO  tiempos - Duracion del proceso intercambiarReferencias: 24900 ns
2025-09-10 18:47:10 [main] INFO  tiempos - Duracion del proceso intercambiarReferencias: 78600 ns
2025-09-10 18:47:10 [main] INFO  tiempos - Duracion del proceso intercambiarReferencias: 26000 ns
2025-09-10 18:47:10 [main] INFO  tiempos - Duracion del proceso intercambiarReferencias: 55800 ns
2025-09-10 18:47:10 [main] INFO  tiempos - Duracion del proceso intercambiarReferencias: 115700 ns
2025-09-10 18:47:10 [main] INFO  tiempos - Duracion del proceso intercambiarReferencias: 72800 ns
2025-09-10 18:47:10 [main] INFO  tiempos - Duracion del proceso intercambiarReferencias: 92600 ns
2025-09-10 18:47:10 [main] INFO  tiempos - Duracion del proceso intercambiarReferencias: 30800 ns
2025-09-10 18:47:10 [main] INFO  tiempos - Duracion del proceso intercambiarReferencias: 30700 ns
2025-09-10 18:47:10 [main] INFO  tiempos - Duracion del proceso intercambiarReferencias: 104500 ns
2025-09-10 18:47:10 [main] INFO  tiempos - Duracion del proceso intercambiarReferencias: 47600 ns
2025-09-10 18:47:10 [main] INFO  tiempos - Duracion del proceso intercambiarReferencias: 31700 ns
2025-09-10 18:47:10 [main] INFO  tiempos - Duracion del proceso intercambiarReferencias: 15700 ns
2025-09-10 18:47:10 [main] INFO  tiempos - Duracion del proceso intercambiarReferencias: 64800 ns
2025-09-10 18:47:10 [main] INFO  tiempos - Duracion del proceso intercambiarReferencias: 31300 ns
2025-09-10 18:47:10 [main] INFO  tiempos - Duracion del proceso intercambiarReferencias: 15600 ns
2025-09-10 18:47:10 [main] INFO  tiempos - Duracion del proceso intercambiarReferencias: 111200 ns
2025-09-10 18:47:10 [main] INFO  tiempos - Duracion de encriptarFrase: 3879600 ns
2025-09-10 18:47:10 [main] INFO  tiempos - Duracion del proceso intercambiarReferencias: 55500 ns
2025-09-10 18:47:10 [main] INFO  tiempos - Duracion del proceso intercambiarReferencias: 33400 ns
2025-09-10 18:47:10 [main] INFO  tiempos - Duracion del proceso intercambiarReferencias: 16400 ns
2025-09-10 18:47:10 [main] INFO  tiempos - Duracion del proceso intercambiarReferencias: 53200 ns
2025-09-10 18:47:10 [main] INFO  tiempos - Duracion del proceso intercambiarReferencias: 17300 ns
2025-09-10 18:47:10 [main] INFO  tiempos - Duracion del proceso intercambiarReferencias: 34600 ns
2025-09-10 18:47:10 [main] INFO  tiempos - Duracion del proceso intercambiarReferencias: 63000 ns
2025-09-10 18:47:10 [main] INFO  tiempos - Duracion del proceso intercambiarReferencias: 32400 ns
2025-09-10 18:47:10 [main] INFO  tiempos - Duracion del proceso intercambiarReferencias: 48100 ns
2025-09-10 18:47:10 [main] INFO  tiempos - Duracion del proceso intercambiarReferencias: 15700 ns
2025-09-10 18:47:10 [main] INFO  tiempos - Duracion del proceso intercambiarReferencias: 16000 ns
2025-09-10 18:47:10 [main] INFO  tiempos - Duracion del proceso intercambiarReferencias: 48700 ns
2025-09-10 18:47:10 [main] INFO  tiempos - Duracion del proceso intercambiarReferencias: 47200 ns
2025-09-10 18:47:10 [main] INFO  tiempos - Duracion del proceso intercambiarReferencias: 31300 ns
2025-09-10 18:47:10 [main] INFO  tiempos - Duracion del proceso intercambiarReferencias: 16400 ns
2025-09-10 18:47:10 [main] INFO  tiempos - Duracion del proceso intercambiarReferencias: 63700 ns
2025-09-10 18:47:10 [main] INFO  tiempos - Duracion del proceso intercambiarReferencias: 33900 ns
2025-09-10 18:47:10 [main] INFO  tiempos - Duracion del proceso intercambiarReferencias: 15900 ns
2025-09-10 18:47:10 [main] INFO  tiempos - Duracion del proceso intercambiarReferencias: 110100 ns
2025-09-10 18:47:10 [main] INFO  tiempos - Duracion de desencriptarFrase: 944500 ns
2025-09-10 18:47:10 [main] INFO  tiempos - Duracion del proceso intercambiarReferencias: 47800 ns
2025-09-10 18:47:10 [main] INFO  tiempos - Duracion del proceso intercambiarReferencias: 31200 ns
2025-09-10 18:47:10 [main] INFO  tiempos - Duracion del proceso intercambiarReferencias: 31200 ns
2025-09-10 18:47:10 [main] INFO  tiempos - Duracion del proceso intercambiarReferencias: 15700 ns
2025-09-10 18:47:10 [main] INFO  tiempos - Duracion del proceso intercambiarReferencias: 31000 ns
2025-09-10 18:47:10 [main] INFO  tiempos - Duracion del proceso intercambiarReferencias: 46500 ns
2025-09-10 18:47:10 [main] INFO  tiempos - Duracion del proceso intercambiarReferencias: 15600 ns
2025-09-10 18:47:10 [main] INFO  tiempos - Duracion del proceso intercambiarReferencias: 31000 ns
2025-09-10 18:47:10 [main] INFO  tiempos - Duracion del proceso intercambiarReferencias: 47400 ns
2025-09-10 18:47:10 [main] INFO  tiempos - Duracion del proceso intercambiarReferencias: 31200 ns
2025-09-10 18:47:10 [main] INFO  tiempos - Duracion del proceso intercambiarReferencias: 30900 ns
2025-09-10 18:47:10 [main] INFO  tiempos - Duracion del proceso intercambiarReferencias: 47200 ns
2025-09-10 18:47:10 [main] INFO  tiempos - Duracion del proceso intercambiarReferencias: 15500 ns
2025-09-10 18:47:10 [main] INFO  tiempos - Duracion del proceso intercambiarReferencias: 31100 ns
2025-09-10 18:47:10 [main] INFO  tiempos - Duracion de encriptarFrase: 1664600 ns
2025-09-10 18:47:10 [main] INFO  tiempos - Duracion del proceso intercambiarReferencias: 67600 ns
2025-09-10 18:47:10 [main] INFO  tiempos - Duracion del proceso intercambiarReferencias: 32100 ns
2025-09-10 18:47:10 [main] INFO  tiempos - Duracion del proceso intercambiarReferencias: 31400 ns
2025-09-10 18:47:10 [main] INFO  tiempos - Duracion del proceso intercambiarReferencias: 18400 ns
2025-09-10 18:47:10 [main] INFO  tiempos - Duracion del proceso intercambiarReferencias: 30900 ns
2025-09-10 18:47:10 [main] INFO  tiempos - Duracion del proceso intercambiarReferencias: 47000 ns
2025-09-10 18:47:10 [main] INFO  tiempos - Duracion del proceso intercambiarReferencias: 27800 ns
2025-09-10 18:47:10 [main] INFO  tiempos - Duracion del proceso intercambiarReferencias: 32100 ns
2025-09-10 18:47:10 [main] INFO  tiempos - Duracion del proceso intercambiarReferencias: 48200 ns
2025-09-10 18:47:10 [main] INFO  tiempos - Duracion del proceso intercambiarReferencias: 31600 ns
2025-09-10 18:47:10 [main] INFO  tiempos - Duracion del proceso intercambiarReferencias: 31200 ns
2025-09-10 18:47:10 [main] INFO  tiempos - Duracion del proceso intercambiarReferencias: 46500 ns
2025-09-10 18:47:10 [main] INFO  tiempos - Duracion del proceso intercambiarReferencias: 15400 ns
2025-09-10 18:47:10 [main] INFO  tiempos - Duracion del proceso intercambiarReferencias: 33700 ns
2025-09-10 18:47:10 [main] INFO  tiempos - Duracion de desencriptarFrase: 617500 ns
2025-09-10 18:47:10 [main] INFO  tiempos - Duracion del proceso intercambiarReferencias: 34800 ns
2025-09-10 18:47:10 [main] INFO  tiempos - Duracion del proceso intercambiarReferencias: 31500 ns
2025-09-10 18:47:10 [main] INFO  tiempos - Duracion del proceso intercambiarReferencias: 54200 ns
2025-09-10 18:47:10 [main] INFO  tiempos - Duracion del proceso intercambiarReferencias: 31400 ns
2025-09-10 18:47:10 [main] INFO  tiempos - Duracion del proceso intercambiarReferencias: 17700 ns
2025-09-10 18:47:10 [main] INFO  tiempos - Duracion del proceso intercambiarReferencias: 31300 ns
2025-09-10 18:47:10 [main] INFO  tiempos - Duracion del proceso intercambiarReferencias: 32800 ns
2025-09-10 18:47:10 [main] INFO  tiempos - Duracion del proceso intercambiarReferencias: 34700 ns
2025-09-10 18:47:10 [main] INFO  tiempos - Duracion del proceso intercambiarReferencias: 122700 ns
2025-09-10 18:47:10 [main] INFO  tiempos - Duracion del proceso intercambiarReferencias: 49100 ns
2025-09-10 18:47:10 [main] INFO  tiempos - Duracion del proceso intercambiarReferencias: 46200 ns
2025-09-10 18:47:10 [main] INFO  tiempos - Duracion del proceso intercambiarReferencias: 46800 ns
2025-09-10 18:47:10 [main] INFO  tiempos - Duracion del proceso intercambiarReferencias: 47200 ns
2025-09-10 18:47:10 [main] INFO  tiempos - Duracion de encriptarFrase: 2180600 ns
2025-09-10 18:47:10 [main] INFO  tiempos - Duracion del proceso intercambiarReferencias: 25100 ns
2025-09-10 18:47:10 [main] INFO  tiempos - Duracion del proceso intercambiarReferencias: 57100 ns
2025-09-10 18:47:10 [main] INFO  tiempos - Duracion del proceso intercambiarReferencias: 64100 ns
2025-09-10 18:47:10 [main] INFO  tiempos - Duracion del proceso intercambiarReferencias: 38100 ns
2025-09-10 18:47:10 [main] INFO  tiempos - Duracion del proceso intercambiarReferencias: 19200 ns
2025-09-10 18:47:10 [main] INFO  tiempos - Duracion del proceso intercambiarReferencias: 38200 ns
2025-09-10 18:47:10 [main] INFO  tiempos - Duracion del proceso intercambiarReferencias: 38600 ns
2025-09-10 18:47:10 [main] INFO  tiempos - Duracion del proceso intercambiarReferencias: 38200 ns
2025-09-10 18:47:10 [main] INFO  tiempos - Duracion del proceso intercambiarReferencias: 157500 ns
2025-09-10 18:47:10 [main] INFO  tiempos - Duracion del proceso intercambiarReferencias: 57500 ns
2025-09-10 18:47:10 [main] INFO  tiempos - Duracion del proceso intercambiarReferencias: 57100 ns
2025-09-10 18:47:10 [main] INFO  tiempos - Duracion del proceso intercambiarReferencias: 19300 ns
2025-09-10 18:47:10 [main] INFO  tiempos - Duracion del proceso intercambiarReferencias: 50100 ns
2025-09-10 18:47:10 [main] INFO  tiempos - Duracion de desencriptarFrase: 802900 ns
2025-09-10 18:47:10 [main] INFO  tiempos - Duracion del proceso intercambiarReferencias: 25400 ns
2025-09-10 18:47:10 [main] INFO  tiempos - Duracion del proceso intercambiarReferencias: 48700 ns
2025-09-10 18:47:10 [main] INFO  tiempos - Duracion del proceso intercambiarReferencias: 53600 ns
2025-09-10 18:47:10 [main] INFO  tiempos - Duracion del proceso intercambiarReferencias: 24000 ns
2025-09-10 18:47:10 [main] INFO  tiempos - Duracion del proceso intercambiarReferencias: 23800 ns
2025-09-10 18:47:10 [main] INFO  tiempos - Duracion del proceso intercambiarReferencias: 52900 ns
2025-09-10 18:47:10 [main] INFO  tiempos - Duracion del proceso intercambiarReferencias: 62000 ns
2025-09-10 18:47:10 [main] INFO  tiempos - Duracion del proceso intercambiarReferencias: 16500 ns
2025-09-10 18:47:10 [main] INFO  tiempos - Duracion del proceso intercambiarReferencias: 50500 ns
2025-09-10 18:47:10 [main] INFO  tiempos - Duracion del proceso intercambiarReferencias: 15500 ns
2025-09-10 18:47:10 [main] INFO  tiempos - Duracion del proceso intercambiarReferencias: 61300 ns
2025-09-10 18:47:10 [main] INFO  tiempos - Duracion del proceso intercambiarReferencias: 31100 ns
2025-09-10 18:47:10 [main] INFO  tiempos - Duracion del proceso intercambiarReferencias: 43000 ns
2025-09-10 18:47:10 [main] INFO  tiempos - Duracion de encriptarFrase: 1777000 ns
2025-09-10 18:47:10 [main] INFO  tiempos - Duracion del proceso intercambiarReferencias: 23300 ns
2025-09-10 18:47:10 [main] INFO  tiempos - Duracion del proceso intercambiarReferencias: 33300 ns
2025-09-10 18:47:10 [main] INFO  tiempos - Duracion del proceso intercambiarReferencias: 35400 ns
2025-09-10 18:47:10 [main] INFO  tiempos - Duracion del proceso intercambiarReferencias: 17600 ns
2025-09-10 18:47:10 [main] INFO  tiempos - Duracion del proceso intercambiarReferencias: 20900 ns
2025-09-10 18:47:10 [main] INFO  tiempos - Duracion del proceso intercambiarReferencias: 31400 ns
2025-09-10 18:47:10 [main] INFO  tiempos - Duracion del proceso intercambiarReferencias: 64600 ns
2025-09-10 18:47:10 [main] INFO  tiempos - Duracion del proceso intercambiarReferencias: 16200 ns
2025-09-10 18:47:10 [main] INFO  tiempos - Duracion del proceso intercambiarReferencias: 45800 ns
2025-09-10 18:47:10 [main] INFO  tiempos - Duracion del proceso intercambiarReferencias: 15500 ns
2025-09-10 18:47:10 [main] INFO  tiempos - Duracion del proceso intercambiarReferencias: 65300 ns
2025-09-10 18:47:10 [main] INFO  tiempos - Duracion del proceso intercambiarReferencias: 30500 ns
2025-09-10 18:47:10 [main] INFO  tiempos - Duracion del proceso intercambiarReferencias: 30700 ns
2025-09-10 18:47:10 [main] INFO  tiempos - Duracion de desencriptarFrase: 563000 ns
2025-09-10 18:47:10 [main] INFO  tiempos - Duracion del proceso intercambiarReferencias: 15900 ns
2025-09-10 18:47:10 [main] INFO  tiempos - Duracion del proceso intercambiarReferencias: 62000 ns
2025-09-10 18:47:10 [main] INFO  tiempos - Duracion del proceso intercambiarReferencias: 15400 ns
2025-09-10 18:47:10 [main] INFO  tiempos - Duracion del proceso intercambiarReferencias: 31400 ns
2025-09-10 18:47:10 [main] INFO  tiempos - Duracion del proceso intercambiarReferencias: 31100 ns
2025-09-10 18:47:10 [main] INFO  tiempos - Duracion del proceso intercambiarReferencias: 46700 ns
2025-09-10 18:47:10 [main] INFO  tiempos - Duracion del proceso intercambiarReferencias: 30900 ns
2025-09-10 18:47:10 [main] INFO  tiempos - Duracion del proceso intercambiarReferencias: 15400 ns
2025-09-10 18:47:10 [main] INFO  tiempos - Duracion del proceso intercambiarReferencias: 46200 ns
2025-09-10 18:47:10 [main] INFO  tiempos - Duracion del proceso intercambiarReferencias: 18100 ns
2025-09-10 18:47:10 [main] INFO  tiempos - Duracion del proceso intercambiarReferencias: 31000 ns
2025-09-10 18:47:10 [main] INFO  tiempos - Duracion del proceso intercambiarReferencias: 62000 ns
2025-09-10 18:47:10 [main] INFO  tiempos - Duracion del proceso intercambiarReferencias: 65900 ns
2025-09-10 18:47:10 [main] INFO  tiempos - Duracion del proceso intercambiarReferencias: 39700 ns
2025-09-10 18:47:10 [main] INFO  tiempos - Duracion del proceso intercambiarReferencias: 92700 ns
2025-09-10 18:47:10 [main] INFO  tiempos - Duracion de encriptarFrase: 2128000 ns
2025-09-10 18:47:10 [main] INFO  tiempos - Duracion del proceso intercambiarReferencias: 27100 ns
2025-09-10 18:47:10 [main] INFO  tiempos - Duracion del proceso intercambiarReferencias: 63900 ns
2025-09-10 18:47:10 [main] INFO  tiempos - Duracion del proceso intercambiarReferencias: 17100 ns
2025-09-10 18:47:10 [main] INFO  tiempos - Duracion del proceso intercambiarReferencias: 31400 ns
2025-09-10 18:47:10 [main] INFO  tiempos - Duracion del proceso intercambiarReferencias: 31300 ns
2025-09-10 18:47:10 [main] INFO  tiempos - Duracion del proceso intercambiarReferencias: 90100 ns
2025-09-10 18:47:10 [main] INFO  tiempos - Duracion del proceso intercambiarReferencias: 33400 ns
2025-09-10 18:47:10 [main] INFO  tiempos - Duracion del proceso intercambiarReferencias: 15400 ns
2025-09-10 18:47:10 [main] INFO  tiempos - Duracion del proceso intercambiarReferencias: 46000 ns
2025-09-10 18:47:10 [main] INFO  tiempos - Duracion del proceso intercambiarReferencias: 16500 ns
2025-09-10 18:47:10 [main] INFO  tiempos - Duracion del proceso intercambiarReferencias: 30700 ns
2025-09-10 18:47:10 [main] INFO  tiempos - Duracion del proceso intercambiarReferencias: 60700 ns
2025-09-10 18:47:10 [main] INFO  tiempos - Duracion del proceso intercambiarReferencias: 64100 ns
2025-09-10 18:47:10 [main] INFO  tiempos - Duracion del proceso intercambiarReferencias: 30900 ns
2025-09-10 18:47:10 [main] INFO  tiempos - Duracion del proceso intercambiarReferencias: 92700 ns
2025-09-10 18:47:10 [main] INFO  tiempos - Duracion de desencriptarFrase: 782500 ns
2025-09-10 18:47:10 [main] INFO  tiempos - Duracion del proceso intercambiarReferencias: 69300 ns
2025-09-10 18:47:10 [main] INFO  tiempos - Duracion del proceso intercambiarReferencias: 31100 ns
2025-09-10 18:47:10 [main] INFO  tiempos - Duracion del proceso intercambiarReferencias: 63800 ns
2025-09-10 18:47:10 [main] INFO  tiempos - Duracion del proceso intercambiarReferencias: 63900 ns
2025-09-10 18:47:10 [main] INFO  tiempos - Duracion del proceso intercambiarReferencias: 17000 ns
2025-09-10 18:47:10 [main] INFO  tiempos - Duracion del proceso intercambiarReferencias: 15200 ns
2025-09-10 18:47:10 [main] INFO  tiempos - Duracion del proceso intercambiarReferencias: 49100 ns
2025-09-10 18:47:10 [main] INFO  tiempos - Duracion del proceso intercambiarReferencias: 63900 ns
2025-09-10 18:47:10 [main] INFO  tiempos - Duracion de encriptarFrase: 1138500 ns
2025-09-10 18:47:10 [main] INFO  tiempos - Duracion del proceso intercambiarReferencias: 23200 ns
2025-09-10 18:47:10 [main] INFO  tiempos - Duracion del proceso intercambiarReferencias: 33500 ns
2025-09-10 18:47:10 [main] INFO  tiempos - Duracion del proceso intercambiarReferencias: 63700 ns
2025-09-10 18:47:10 [main] INFO  tiempos - Duracion del proceso intercambiarReferencias: 65700 ns
2025-09-10 18:47:10 [main] INFO  tiempos - Duracion del proceso intercambiarReferencias: 18600 ns
2025-09-10 18:47:10 [main] INFO  tiempos - Duracion del proceso intercambiarReferencias: 17700 ns
2025-09-10 18:47:10 [main] INFO  tiempos - Duracion del proceso intercambiarReferencias: 47000 ns
2025-09-10 18:47:10 [main] INFO  tiempos - Duracion del proceso intercambiarReferencias: 63200 ns
2025-09-10 18:47:10 [main] INFO  tiempos - Duracion de desencriptarFrase: 462800 ns
2025-09-10 18:47:10 [main] INFO  tiempos - Duracion del proceso intercambiarReferencias: 30800 ns
2025-09-10 18:47:10 [main] INFO  tiempos - Duracion del proceso intercambiarReferencias: 25000 ns
2025-09-10 18:47:10 [main] INFO  tiempos - Duracion del proceso intercambiarReferencias: 44900 ns
2025-09-10 18:47:10 [main] INFO  tiempos - Duracion del proceso intercambiarReferencias: 54300 ns
2025-09-10 18:47:10 [main] INFO  tiempos - Duracion del proceso intercambiarReferencias: 31200 ns
2025-09-10 18:47:10 [main] INFO  tiempos - Duracion del proceso intercambiarReferencias: 107800 ns
2025-09-10 18:47:10 [main] INFO  tiempos - Duracion del proceso intercambiarReferencias: 26200 ns
2025-09-10 18:47:10 [main] INFO  tiempos - intercambiarReferencias duration: 0 ms
2025-09-10 18:47:10 [main] INFO  tiempos - Duracion del proceso intercambiarReferencias: 19600 ns
2025-09-10 18:47:10 [main] INFO  tiempos - Duracion del proceso intercambiarReferencias: 24000 ns
2025-09-10 18:47:10 [main] INFO  tiempos - Duracion del proceso intercambiarReferencias: 75000 ns
2025-09-10 18:47:10 [main] INFO  tiempos - Duracion de encriptarFrase: 1585000 ns
2025-09-10 18:47:10 [main] INFO  tiempos - Duracion del proceso intercambiarReferencias: 22600 ns
2025-09-10 18:47:10 [main] INFO  tiempos - Duracion del proceso intercambiarReferencias: 17500 ns
2025-09-10 18:47:10 [main] INFO  tiempos - Duracion del proceso intercambiarReferencias: 16300 ns
2025-09-10 18:47:10 [main] INFO  tiempos - Duracion del proceso intercambiarReferencias: 31400 ns
2025-09-10 18:47:10 [main] INFO  tiempos - Duracion del proceso intercambiarReferencias: 16000 ns
2025-09-10 18:47:10 [main] INFO  tiempos - Duracion del proceso intercambiarReferencias: 63100 ns
2025-09-10 18:47:10 [main] INFO  tiempos - Duracion del proceso intercambiarReferencias: 19700 ns
2025-09-10 18:47:10 [main] INFO  tiempos - intercambiarReferencias duration: 0 ms
2025-09-10 18:47:10 [main] INFO  tiempos - Duracion del proceso intercambiarReferencias: 12900 ns
2025-09-10 18:47:10 [main] INFO  tiempos - Duracion del proceso intercambiarReferencias: 16100 ns
2025-09-10 18:47:10 [main] INFO  tiempos - Duracion del proceso intercambiarReferencias: 46800 ns
2025-09-10 18:47:10 [main] INFO  tiempos - Duracion de desencriptarFrase: 355100 ns
2025-09-10 18:47:10 [main] INFO  tiempos - Duracion del proceso Main: 2881 ms
2025-09-10 18:47:34 [main] INFO  tiempos - Duracion del proceso intercambiarReferencias: 295800 ns
2025-09-10 18:47:34 [main] INFO  tiempos - Duracion del proceso intercambiarReferencias: 134700 ns
2025-09-10 18:47:34 [main] INFO  tiempos - Duracion del proceso intercambiarReferencias: 465500 ns
2025-09-10 18:47:34 [main] INFO  tiempos - Duracion del proceso intercambiarReferencias: 187700 ns
2025-09-10 18:47:34 [main] INFO  tiempos - Duracion del proceso intercambiarReferencias: 329800 ns
2025-09-10 18:47:34 [main] INFO  tiempos - Duracion del proceso intercambiarReferencias: 305300 ns
2025-09-10 18:47:34 [main] INFO  tiempos - Duracion del proceso intercambiarReferencias: 196800 ns
2025-09-10 18:47:34 [main] INFO  tiempos - Duracion del proceso intercambiarReferencias: 136700 ns
2025-09-10 18:47:34 [main] INFO  tiempos - Duracion del proceso intercambiarReferencias: 580900 ns
2025-09-10 18:47:34 [main] INFO  tiempos - Duracion del proceso intercambiarReferencias: 188100 ns
2025-09-10 18:47:34 [main] INFO  tiempos - Duracion del proceso intercambiarReferencias: 440000 ns
2025-09-10 18:47:34 [main] INFO  tiempos - Duracion del proceso intercambiarReferencias: 183300 ns
2025-09-10 18:47:34 [main] INFO  tiempos - Duracion del proceso intercambiarReferencias: 209500 ns
2025-09-10 18:47:34 [main] INFO  tiempos - Duracion del proceso intercambiarReferencias: 82700 ns
2025-09-10 18:47:34 [main] INFO  tiempos - Duracion del proceso intercambiarReferencias: 181500 ns
2025-09-10 18:47:34 [main] INFO  tiempos - Duracion del proceso intercambiarReferencias: 163900 ns
2025-09-10 18:47:34 [main] INFO  tiempos - Duracion del proceso intercambiarReferencias: 75700 ns
2025-09-10 18:47:34 [main] INFO  tiempos - Duracion del proceso intercambiarReferencias: 234000 ns
2025-09-10 18:47:34 [main] INFO  tiempos - Duracion de encriptarFrase: 16059200 ns
2025-09-10 18:47:34 [main] INFO  tiempos - Duracion del proceso intercambiarReferencias: 185100 ns
2025-09-10 18:47:34 [main] INFO  tiempos - Duracion del proceso intercambiarReferencias: 79000 ns
2025-09-10 18:47:34 [main] INFO  tiempos - Duracion del proceso intercambiarReferencias: 285200 ns
2025-09-10 18:47:34 [main] INFO  tiempos - Duracion del proceso intercambiarReferencias: 75900 ns
2025-09-10 18:47:34 [main] INFO  tiempos - Duracion del proceso intercambiarReferencias: 241000 ns
2025-09-10 18:47:34 [main] INFO  tiempos - Duracion del proceso intercambiarReferencias: 202000 ns
2025-09-10 18:47:34 [main] INFO  tiempos - Duracion del proceso intercambiarReferencias: 148500 ns
2025-09-10 18:47:34 [main] INFO  tiempos - Duracion del proceso intercambiarReferencias: 71100 ns
2025-09-10 18:47:34 [main] INFO  tiempos - Duracion del proceso intercambiarReferencias: 375400 ns
2025-09-10 18:47:34 [main] INFO  tiempos - Duracion del proceso intercambiarReferencias: 145200 ns
2025-09-10 18:47:34 [main] INFO  tiempos - Duracion del proceso intercambiarReferencias: 235400 ns
2025-09-10 18:47:34 [main] INFO  tiempos - Duracion del proceso intercambiarReferencias: 152000 ns
2025-09-10 18:47:34 [main] INFO  tiempos - Duracion del proceso intercambiarReferencias: 166200 ns
2025-09-10 18:47:34 [main] INFO  tiempos - Duracion del proceso intercambiarReferencias: 72200 ns
2025-09-10 18:47:34 [main] INFO  tiempos - Duracion del proceso intercambiarReferencias: 266200 ns
2025-09-10 18:47:34 [main] INFO  tiempos - Duracion del proceso intercambiarReferencias: 335100 ns
2025-09-10 18:47:34 [main] INFO  tiempos - Duracion del proceso intercambiarReferencias: 75500 ns
2025-09-10 18:47:34 [main] INFO  tiempos - Duracion del proceso intercambiarReferencias: 233900 ns
2025-09-10 18:47:34 [main] INFO  tiempos - Duracion de desencriptarFrase: 4092900 ns
2025-09-10 18:47:34 [main] INFO  tiempos - Duracion del proceso intercambiarReferencias: 103500 ns
2025-09-10 18:47:34 [main] INFO  tiempos - Duracion del proceso intercambiarReferencias: 225300 ns
2025-09-10 18:47:34 [main] INFO  tiempos - Duracion del proceso intercambiarReferencias: 71900 ns
2025-09-10 18:47:34 [main] INFO  tiempos - Duracion del proceso intercambiarReferencias: 128800 ns
2025-09-10 18:47:34 [main] INFO  tiempos - Duracion del proceso intercambiarReferencias: 65500 ns
2025-09-10 18:47:34 [main] INFO  tiempos - Duracion del proceso intercambiarReferencias: 66400 ns
2025-09-10 18:47:34 [main] INFO  tiempos - Duracion del proceso intercambiarReferencias: 372200 ns
2025-09-10 18:47:34 [main] INFO  tiempos - Duracion del proceso intercambiarReferencias: 62600 ns
2025-09-10 18:47:34 [main] INFO  tiempos - Duracion del proceso intercambiarReferencias: 191300 ns
2025-09-10 18:47:34 [main] INFO  tiempos - Duracion del proceso intercambiarReferencias: 58800 ns
2025-09-10 18:47:34 [main] INFO  tiempos - Duracion del proceso intercambiarReferencias: 118300 ns
2025-09-10 18:47:34 [main] INFO  tiempos - Duracion del proceso intercambiarReferencias: 138400 ns
2025-09-10 18:47:34 [main] INFO  tiempos - Duracion del proceso intercambiarReferencias: 87000 ns
2025-09-10 18:47:34 [main] INFO  tiempos - Duracion del proceso intercambiarReferencias: 148600 ns
2025-09-10 18:47:34 [main] INFO  tiempos - Duracion del proceso intercambiarReferencias: 95200 ns
2025-09-10 18:47:34 [main] INFO  tiempos - Duracion de encriptarFrase: 7370300 ns
2025-09-10 18:47:34 [main] INFO  tiempos - Duracion del proceso intercambiarReferencias: 84100 ns
2025-09-10 18:47:34 [main] INFO  tiempos - Duracion del proceso intercambiarReferencias: 171800 ns
2025-09-10 18:47:34 [main] INFO  tiempos - Duracion del proceso intercambiarReferencias: 56900 ns
2025-09-10 18:47:34 [main] INFO  tiempos - Duracion del proceso intercambiarReferencias: 99900 ns
2025-09-10 18:47:34 [main] INFO  tiempos - Duracion del proceso intercambiarReferencias: 53900 ns
2025-09-10 18:47:34 [main] INFO  tiempos - Duracion del proceso intercambiarReferencias: 51500 ns
2025-09-10 18:47:34 [main] INFO  tiempos - Duracion del proceso intercambiarReferencias: 308100 ns
2025-09-10 18:47:34 [main] INFO  tiempos - Duracion del proceso intercambiarReferencias: 54000 ns
2025-09-10 18:47:34 [main] INFO  tiempos - Duracion del proceso intercambiarReferencias: 154100 ns
2025-09-10 18:47:34 [main] INFO  tiempos - Duracion del proceso intercambiarReferencias: 91400 ns
2025-09-10 18:47:34 [main] INFO  tiempos - Duracion del proceso intercambiarReferencias: 97400 ns
2025-09-10 18:47:34 [main] INFO  tiempos - Duracion del proceso intercambiarReferencias: 108500 ns
2025-09-10 18:47:34 [main] INFO  tiempos - Duracion del proceso intercambiarReferencias: 79800 ns
2025-09-10 18:47:34 [main] INFO  tiempos - Duracion del proceso intercambiarReferencias: 97200 ns
2025-09-10 18:47:34 [main] INFO  tiempos - Duracion del proceso intercambiarReferencias: 53100 ns
2025-09-10 18:47:34 [main] INFO  tiempos - Duracion de desencriptarFrase: 2083700 ns
2025-09-10 18:47:34 [main] INFO  tiempos - Duracion del proceso intercambiarReferencias: 86900 ns
2025-09-10 18:47:34 [main] INFO  tiempos - Duracion del proceso intercambiarReferencias: 43500 ns
2025-09-10 18:47:34 [main] INFO  tiempos - Duracion del proceso intercambiarReferencias: 122900 ns
2025-09-10 18:47:34 [main] INFO  tiempos - Duracion del proceso intercambiarReferencias: 195100 ns
2025-09-10 18:47:34 [main] INFO  tiempos - Duracion del proceso intercambiarReferencias: 123700 ns
2025-09-10 18:47:34 [main] INFO  tiempos - Duracion del proceso intercambiarReferencias: 40900 ns
2025-09-10 18:47:34 [main] INFO  tiempos - Duracion del proceso intercambiarReferencias: 85000 ns
2025-09-10 18:47:34 [main] INFO  tiempos - Duracion del proceso intercambiarReferencias: 103200 ns
2025-09-10 18:47:34 [main] INFO  tiempos - Duracion de encriptarFrase: 2974600 ns
2025-09-10 18:47:34 [main] INFO  tiempos - Duracion del proceso intercambiarReferencias: 139700 ns
2025-09-10 18:47:34 [main] INFO  tiempos - Duracion del proceso intercambiarReferencias: 42400 ns
2025-09-10 18:47:34 [main] INFO  tiempos - Duracion del proceso intercambiarReferencias: 71600 ns
2025-09-10 18:47:34 [main] INFO  tiempos - Duracion del proceso intercambiarReferencias: 136600 ns
2025-09-10 18:47:34 [main] INFO  tiempos - Duracion del proceso intercambiarReferencias: 150500 ns
2025-09-10 18:47:34 [main] INFO  tiempos - Duracion del proceso intercambiarReferencias: 39100 ns
2025-09-10 18:47:34 [main] INFO  tiempos - Duracion del proceso intercambiarReferencias: 69500 ns
2025-09-10 18:47:34 [main] INFO  tiempos - Duracion del proceso intercambiarReferencias: 97900 ns
2025-09-10 18:47:34 [main] INFO  tiempos - Duracion de desencriptarFrase: 953300 ns
2025-09-10 18:47:34 [main] INFO  tiempos - Duracion del proceso intercambiarReferencias: 87500 ns
2025-09-10 18:47:34 [main] INFO  tiempos - Duracion del proceso intercambiarReferencias: 34600 ns
2025-09-10 18:47:34 [main] INFO  tiempos - Duracion del proceso intercambiarReferencias: 35300 ns
2025-09-10 18:47:34 [main] INFO  tiempos - Duracion del proceso intercambiarReferencias: 71500 ns
2025-09-10 18:47:34 [main] INFO  tiempos - Duracion del proceso intercambiarReferencias: 33300 ns
2025-09-10 18:47:34 [main] INFO  tiempos - Duracion del proceso intercambiarReferencias: 135300 ns
2025-09-10 18:47:34 [main] INFO  tiempos - Duracion del proceso intercambiarReferencias: 66500 ns
2025-09-10 18:47:34 [main] INFO  tiempos - Duracion del proceso intercambiarReferencias: 32900 ns
2025-09-10 18:47:34 [main] INFO  tiempos - Duracion del proceso intercambiarReferencias: 34100 ns
2025-09-10 18:47:34 [main] INFO  tiempos - Duracion del proceso intercambiarReferencias: 125300 ns
2025-09-10 18:47:34 [main] INFO  tiempos - Duracion de encriptarFrase: 2460600 ns
2025-09-10 18:47:34 [main] INFO  tiempos - Duracion del proceso intercambiarReferencias: 80700 ns
2025-09-10 18:47:34 [main] INFO  tiempos - Duracion del proceso intercambiarReferencias: 34500 ns
2025-09-10 18:47:34 [main] INFO  tiempos - Duracion del proceso intercambiarReferencias: 32600 ns
2025-09-10 18:47:34 [main] INFO  tiempos - Duracion del proceso intercambiarReferencias: 80900 ns
2025-09-10 18:47:34 [main] INFO  tiempos - Duracion del proceso intercambiarReferencias: 50400 ns
2025-09-10 18:47:34 [main] INFO  tiempos - Duracion del proceso intercambiarReferencias: 158700 ns
2025-09-10 18:47:34 [main] INFO  tiempos - Duracion del proceso intercambiarReferencias: 59200 ns
2025-09-10 18:47:34 [main] INFO  tiempos - Duracion del proceso intercambiarReferencias: 35900 ns
2025-09-10 18:47:34 [main] INFO  tiempos - Duracion del proceso intercambiarReferencias: 33700 ns
2025-09-10 18:47:34 [main] INFO  tiempos - Duracion del proceso intercambiarReferencias: 111800 ns
2025-09-10 18:47:34 [main] INFO  tiempos - Duracion de desencriptarFrase: 923800 ns
2025-09-10 18:47:34 [main] INFO  tiempos - Duracion del proceso intercambiarReferencias: 44800 ns
2025-09-10 18:47:34 [main] INFO  tiempos - Duracion del proceso intercambiarReferencias: 128000 ns
2025-09-10 18:47:34 [main] INFO  tiempos - Duracion del proceso intercambiarReferencias: 31700 ns
2025-09-10 18:47:34 [main] INFO  tiempos - Duracion del proceso intercambiarReferencias: 193400 ns
2025-09-10 18:47:34 [main] INFO  tiempos - Duracion de encriptarFrase: 1731400 ns
2025-09-10 18:47:34 [main] INFO  tiempos - Duracion del proceso intercambiarReferencias: 34400 ns
2025-09-10 18:47:34 [main] INFO  tiempos - Duracion del proceso intercambiarReferencias: 184400 ns
2025-09-10 18:47:34 [main] INFO  tiempos - Duracion del proceso intercambiarReferencias: 27300 ns
2025-09-10 18:47:34 [main] INFO  tiempos - Duracion del proceso intercambiarReferencias: 131900 ns
2025-09-10 18:47:34 [main] INFO  tiempos - Duracion de desencriptarFrase: 509300 ns
2025-09-10 18:47:34 [main] INFO  tiempos - Duracion del proceso intercambiarReferencias: 47900 ns
2025-09-10 18:47:34 [main] INFO  tiempos - Duracion del proceso intercambiarReferencias: 49100 ns
2025-09-10 18:47:34 [main] INFO  tiempos - Duracion del proceso intercambiarReferencias: 47500 ns
2025-09-10 18:47:34 [main] INFO  tiempos - Duracion del proceso intercambiarReferencias: 32800 ns
2025-09-10 18:47:34 [main] INFO  tiempos - Duracion del proceso intercambiarReferencias: 45200 ns
2025-09-10 18:47:34 [main] INFO  tiempos - Duracion del proceso intercambiarReferencias: 64600 ns
2025-09-10 18:47:34 [main] INFO  tiempos - Duracion del proceso intercambiarReferencias: 30700 ns
2025-09-10 18:47:34 [main] INFO  tiempos - Duracion del proceso intercambiarReferencias: 22000 ns
2025-09-10 18:47:34 [main] INFO  tiempos - Duracion del proceso intercambiarReferencias: 98800 ns
2025-09-10 18:47:34 [main] INFO  tiempos - Duracion del proceso intercambiarReferencias: 101800 ns
2025-09-10 18:47:34 [main] INFO  tiempos - Duracion del proceso intercambiarReferencias: 21400 ns
2025-09-10 18:47:34 [main] INFO  tiempos - Duracion del proceso intercambiarReferencias: 89700 ns
2025-09-10 18:47:34 [main] INFO  tiempos - Duracion de encriptarFrase: 2425100 ns
2025-09-10 18:47:34 [main] INFO  tiempos - Duracion del proceso intercambiarReferencias: 78000 ns
2025-09-10 18:47:34 [main] INFO  tiempos - Duracion del proceso intercambiarReferencias: 44800 ns
2025-09-10 18:47:34 [main] INFO  tiempos - Duracion del proceso intercambiarReferencias: 24100 ns
2025-09-10 18:47:34 [main] INFO  tiempos - Duracion del proceso intercambiarReferencias: 22500 ns
2025-09-10 18:47:34 [main] INFO  tiempos - Duracion del proceso intercambiarReferencias: 43700 ns
2025-09-10 18:47:34 [main] INFO  tiempos - Duracion del proceso intercambiarReferencias: 63500 ns
2025-09-10 18:47:34 [main] INFO  tiempos - Duracion del proceso intercambiarReferencias: 22300 ns
2025-09-10 18:47:34 [main] INFO  tiempos - Duracion del proceso intercambiarReferencias: 21800 ns
2025-09-10 18:47:34 [main] INFO  tiempos - Duracion del proceso intercambiarReferencias: 87400 ns
2025-09-10 18:47:34 [main] INFO  tiempos - Duracion del proceso intercambiarReferencias: 103500 ns
2025-09-10 18:47:34 [main] INFO  tiempos - Duracion del proceso intercambiarReferencias: 21800 ns
2025-09-10 18:47:34 [main] INFO  tiempos - Duracion del proceso intercambiarReferencias: 114300 ns
2025-09-10 18:47:34 [main] INFO  tiempos - Duracion de desencriptarFrase: 834100 ns
2025-09-10 18:47:34 [main] INFO  tiempos - Duracion del proceso intercambiarReferencias: 82500 ns
2025-09-10 18:47:34 [main] INFO  tiempos - Duracion del proceso intercambiarReferencias: 41600 ns
2025-09-10 18:47:34 [main] INFO  tiempos - Duracion del proceso intercambiarReferencias: 21300 ns
2025-09-10 18:47:34 [main] INFO  tiempos - Duracion del proceso intercambiarReferencias: 21200 ns
2025-09-10 18:47:34 [main] INFO  tiempos - Duracion del proceso intercambiarReferencias: 21800 ns
2025-09-10 18:47:34 [main] INFO  tiempos - Duracion del proceso intercambiarReferencias: 62100 ns
2025-09-10 18:47:34 [main] INFO  tiempos - Duracion del proceso intercambiarReferencias: 21000 ns
2025-09-10 18:47:34 [main] INFO  tiempos - Duracion del proceso intercambiarReferencias: 22300 ns
2025-09-10 18:47:34 [main] INFO  tiempos - Duracion del proceso intercambiarReferencias: 20700 ns
2025-09-10 18:47:34 [main] INFO  tiempos - Duracion del proceso intercambiarReferencias: 41600 ns
2025-09-10 18:47:34 [main] INFO  tiempos - Duracion del proceso intercambiarReferencias: 20900 ns
2025-09-10 18:47:34 [main] INFO  tiempos - Duracion del proceso intercambiarReferencias: 40300 ns
2025-09-10 18:47:34 [main] INFO  tiempos - Duracion de encriptarFrase: 1562800 ns
2025-09-10 18:47:34 [main] INFO  tiempos - Duracion del proceso intercambiarReferencias: 91400 ns
2025-09-10 18:47:34 [main] INFO  tiempos - Duracion del proceso intercambiarReferencias: 43000 ns
2025-09-10 18:47:34 [main] INFO  tiempos - Duracion del proceso intercambiarReferencias: 24500 ns
2025-09-10 18:47:34 [main] INFO  tiempos - Duracion del proceso intercambiarReferencias: 21100 ns
2025-09-10 18:47:34 [main] INFO  tiempos - Duracion del proceso intercambiarReferencias: 25600 ns
2025-09-10 18:47:34 [main] INFO  tiempos - Duracion del proceso intercambiarReferencias: 60900 ns
2025-09-10 18:47:34 [main] INFO  tiempos - Duracion del proceso intercambiarReferencias: 20900 ns
2025-09-10 18:47:34 [main] INFO  tiempos - Duracion del proceso intercambiarReferencias: 21000 ns
2025-09-10 18:47:34 [main] INFO  tiempos - Duracion del proceso intercambiarReferencias: 20900 ns
2025-09-10 18:47:34 [main] INFO  tiempos - Duracion del proceso intercambiarReferencias: 58500 ns
2025-09-10 18:47:34 [main] INFO  tiempos - Duracion del proceso intercambiarReferencias: 21900 ns
2025-09-10 18:47:34 [main] INFO  tiempos - Duracion del proceso intercambiarReferencias: 41300 ns
2025-09-10 18:47:34 [main] INFO  tiempos - Duracion de desencriptarFrase: 598600 ns
2025-09-10 18:47:34 [main] INFO  tiempos - Duracion del proceso intercambiarReferencias: 27000 ns
2025-09-10 18:47:34 [main] INFO  tiempos - Duracion del proceso intercambiarReferencias: 75600 ns
2025-09-10 18:47:34 [main] INFO  tiempos - Duracion del proceso intercambiarReferencias: 28900 ns
2025-09-10 18:47:34 [main] INFO  tiempos - Duracion del proceso intercambiarReferencias: 73400 ns
2025-09-10 18:47:34 [main] INFO  tiempos - Duracion del proceso intercambiarReferencias: 60900 ns
2025-09-10 18:47:34 [main] INFO  tiempos - Duracion del proceso intercambiarReferencias: 20900 ns
2025-09-10 18:47:34 [main] INFO  tiempos - Duracion del proceso intercambiarReferencias: 46600 ns
2025-09-10 18:47:34 [main] INFO  tiempos - Duracion del proceso intercambiarReferencias: 41500 ns
2025-09-10 18:47:34 [main] INFO  tiempos - Duracion del proceso intercambiarReferencias: 43600 ns
2025-09-10 18:47:34 [main] INFO  tiempos - Duracion del proceso intercambiarReferencias: 23700 ns
2025-09-10 18:47:34 [main] INFO  tiempos - Duracion del proceso intercambiarReferencias: 61300 ns
2025-09-10 18:47:34 [main] INFO  tiempos - Duracion del proceso intercambiarReferencias: 74600 ns
2025-09-10 18:47:34 [main] INFO  tiempos - Duracion del proceso intercambiarReferencias: 109900 ns
2025-09-10 18:47:34 [main] INFO  tiempos - Duracion de encriptarFrase: 2464700 ns
2025-09-10 18:47:34 [main] INFO  tiempos - Duracion del proceso intercambiarReferencias: 67800 ns
2025-09-10 18:47:34 [main] INFO  tiempos - Duracion del proceso intercambiarReferencias: 144200 ns
2025-09-10 18:47:34 [main] INFO  tiempos - Duracion del proceso intercambiarReferencias: 70800 ns
2025-09-10 18:47:34 [main] INFO  tiempos - Duracion del proceso intercambiarReferencias: 118000 ns
2025-09-10 18:47:34 [main] INFO  tiempos - Duracion del proceso intercambiarReferencias: 73000 ns
2025-09-10 18:47:34 [main] INFO  tiempos - Duracion del proceso intercambiarReferencias: 32100 ns
2025-09-10 18:47:34 [main] INFO  tiempos - Duracion del proceso intercambiarReferencias: 42800 ns
2025-09-10 18:47:34 [main] INFO  tiempos - Duracion del proceso intercambiarReferencias: 41700 ns
2025-09-10 18:47:34 [main] INFO  tiempos - Duracion del proceso intercambiarReferencias: 41400 ns
2025-09-10 18:47:34 [main] INFO  tiempos - Duracion del proceso intercambiarReferencias: 23600 ns
2025-09-10 18:47:34 [main] INFO  tiempos - Duracion del proceso intercambiarReferencias: 62800 ns
2025-09-10 18:47:34 [main] INFO  tiempos - Duracion del proceso intercambiarReferencias: 65600 ns
2025-09-10 18:47:34 [main] INFO  tiempos - Duracion del proceso intercambiarReferencias: 99500 ns
2025-09-10 18:47:34 [main] INFO  tiempos - Duracion de desencriptarFrase: 1124700 ns
2025-09-10 18:47:34 [main] INFO  tiempos - Duracion del proceso intercambiarReferencias: 63400 ns
2025-09-10 18:47:34 [main] INFO  tiempos - Duracion del proceso intercambiarReferencias: 39400 ns
2025-09-10 18:47:34 [main] INFO  tiempos - Duracion del proceso intercambiarReferencias: 46500 ns
2025-09-10 18:47:34 [main] INFO  tiempos - Duracion del proceso intercambiarReferencias: 39500 ns
2025-09-10 18:47:34 [main] INFO  tiempos - Duracion del proceso intercambiarReferencias: 39800 ns
2025-09-10 18:47:34 [main] INFO  tiempos - Duracion del proceso intercambiarReferencias: 59000 ns
2025-09-10 18:47:34 [main] INFO  tiempos - Duracion del proceso intercambiarReferencias: 38800 ns
2025-09-10 18:47:34 [main] INFO  tiempos - Duracion del proceso intercambiarReferencias: 40800 ns
2025-09-10 18:47:34 [main] INFO  tiempos - Duracion de encriptarFrase: 1341200 ns
2025-09-10 18:47:34 [main] INFO  tiempos - Duracion del proceso intercambiarReferencias: 69900 ns
2025-09-10 18:47:34 [main] INFO  tiempos - Duracion del proceso intercambiarReferencias: 24000 ns
2025-09-10 18:47:34 [main] INFO  tiempos - Duracion del proceso intercambiarReferencias: 40800 ns
2025-09-10 18:47:34 [main] INFO  tiempos - Duracion del proceso intercambiarReferencias: 40200 ns
2025-09-10 18:47:34 [main] INFO  tiempos - Duracion del proceso intercambiarReferencias: 43800 ns
2025-09-10 18:47:34 [main] INFO  tiempos - Duracion del proceso intercambiarReferencias: 59700 ns
2025-09-10 18:47:34 [main] INFO  tiempos - Duracion del proceso intercambiarReferencias: 39600 ns
2025-09-10 18:47:34 [main] INFO  tiempos - Duracion del proceso intercambiarReferencias: 44200 ns
2025-09-10 18:47:34 [main] INFO  tiempos - Duracion de desencriptarFrase: 485600 ns
2025-09-10 18:47:34 [main] INFO  tiempos - Duracion del proceso intercambiarReferencias: 27800 ns
2025-09-10 18:47:34 [main] INFO  tiempos - Duracion del proceso intercambiarReferencias: 26600 ns
2025-09-10 18:47:34 [main] INFO  tiempos - Duracion del proceso intercambiarReferencias: 25600 ns
2025-09-10 18:47:34 [main] INFO  tiempos - Duracion del proceso intercambiarReferencias: 67500 ns
2025-09-10 18:47:34 [main] INFO  tiempos - Duracion del proceso intercambiarReferencias: 39600 ns
2025-09-10 18:47:34 [main] INFO  tiempos - Duracion del proceso intercambiarReferencias: 39400 ns
2025-09-10 18:47:34 [main] INFO  tiempos - Duracion del proceso intercambiarReferencias: 19700 ns
2025-09-10 18:47:34 [main] INFO  tiempos - Duracion del proceso intercambiarReferencias: 96100 ns
2025-09-10 18:47:34 [main] INFO  tiempos - Duracion del proceso intercambiarReferencias: 41500 ns
2025-09-10 18:47:34 [main] INFO  tiempos - Duracion del proceso intercambiarReferencias: 20600 ns
2025-09-10 18:47:34 [main] INFO  tiempos - Duracion del proceso intercambiarReferencias: 139200 ns
2025-09-10 18:47:34 [main] INFO  tiempos - Duracion de encriptarFrase: 2008400 ns
2025-09-10 18:47:34 [main] INFO  tiempos - Duracion del proceso intercambiarReferencias: 33800 ns
2025-09-10 18:47:34 [main] INFO  tiempos - Duracion del proceso intercambiarReferencias: 27700 ns
2025-09-10 18:47:34 [main] INFO  tiempos - Duracion del proceso intercambiarReferencias: 162900 ns
2025-09-10 18:47:34 [main] INFO  tiempos - Duracion del proceso intercambiarReferencias: 51300 ns
2025-09-10 18:47:34 [main] INFO  tiempos - Duracion del proceso intercambiarReferencias: 42300 ns
2025-09-10 18:47:34 [main] INFO  tiempos - Duracion del proceso intercambiarReferencias: 40100 ns
2025-09-10 18:47:34 [main] INFO  tiempos - Duracion del proceso intercambiarReferencias: 20800 ns
2025-09-10 18:47:34 [main] INFO  tiempos - Duracion del proceso intercambiarReferencias: 111300 ns
2025-09-10 18:47:34 [main] INFO  tiempos - Duracion del proceso intercambiarReferencias: 42200 ns
2025-09-10 18:47:34 [main] INFO  tiempos - Duracion del proceso intercambiarReferencias: 20800 ns
2025-09-10 18:47:34 [main] INFO  tiempos - Duracion del proceso intercambiarReferencias: 116400 ns
2025-09-10 18:47:34 [main] INFO  tiempos - Duracion de desencriptarFrase: 828700 ns
2025-09-10 18:47:34 [main] INFO  tiempos - Duracion del proceso intercambiarReferencias: 25800 ns
2025-09-10 18:47:34 [main] INFO  tiempos - Duracion del proceso intercambiarReferencias: 59200 ns
2025-09-10 18:47:34 [main] INFO  tiempos - Duracion del proceso intercambiarReferencias: 42600 ns
2025-09-10 18:47:34 [main] INFO  tiempos - Duracion del proceso intercambiarReferencias: 40900 ns
2025-09-10 18:47:34 [main] INFO  tiempos - Duracion del proceso intercambiarReferencias: 40400 ns
2025-09-10 18:47:34 [main] INFO  tiempos - Duracion del proceso intercambiarReferencias: 20200 ns
2025-09-10 18:47:34 [main] INFO  tiempos - Duracion del proceso intercambiarReferencias: 75900 ns
2025-09-10 18:47:34 [main] INFO  tiempos - Duracion del proceso intercambiarReferencias: 20200 ns
2025-09-10 18:47:34 [main] INFO  tiempos - Duracion del proceso intercambiarReferencias: 97600 ns
2025-09-10 18:47:34 [main] INFO  tiempos - Duracion de encriptarFrase: 1518300 ns
2025-09-10 18:47:34 [main] INFO  tiempos - Duracion del proceso intercambiarReferencias: 34800 ns
2025-09-10 18:47:34 [main] INFO  tiempos - Duracion del proceso intercambiarReferencias: 60700 ns
2025-09-10 18:47:34 [main] INFO  tiempos - Duracion del proceso intercambiarReferencias: 40100 ns
2025-09-10 18:47:34 [main] INFO  tiempos - Duracion del proceso intercambiarReferencias: 38800 ns
2025-09-10 18:47:34 [main] INFO  tiempos - Duracion del proceso intercambiarReferencias: 39400 ns
2025-09-10 18:47:34 [main] INFO  tiempos - Duracion del proceso intercambiarReferencias: 22100 ns
2025-09-10 18:47:34 [main] INFO  tiempos - Duracion del proceso intercambiarReferencias: 76300 ns
2025-09-10 18:47:34 [main] INFO  tiempos - Duracion del proceso intercambiarReferencias: 20100 ns
2025-09-10 18:47:34 [main] INFO  tiempos - Duracion del proceso intercambiarReferencias: 99400 ns
2025-09-10 18:47:34 [main] INFO  tiempos - Duracion de desencriptarFrase: 553400 ns
2025-09-10 18:47:34 [main] INFO  tiempos - Duracion del proceso intercambiarReferencias: 76600 ns
2025-09-10 18:47:34 [main] INFO  tiempos - Duracion del proceso intercambiarReferencias: 423300 ns
2025-09-10 18:47:34 [main] INFO  tiempos - Duracion del proceso intercambiarReferencias: 40500 ns
2025-09-10 18:47:34 [main] INFO  tiempos - Duracion del proceso intercambiarReferencias: 41500 ns
2025-09-10 18:47:34 [main] INFO  tiempos - Duracion del proceso intercambiarReferencias: 20300 ns
2025-09-10 18:47:34 [main] INFO  tiempos - Duracion del proceso intercambiarReferencias: 57900 ns
2025-09-10 18:47:34 [main] INFO  tiempos - Duracion del proceso intercambiarReferencias: 21800 ns
2025-09-10 18:47:34 [main] INFO  tiempos - Duracion del proceso intercambiarReferencias: 109700 ns
2025-09-10 18:47:34 [main] INFO  tiempos - Duracion de encriptarFrase: 1891500 ns
2025-09-10 18:47:34 [main] INFO  tiempos - Duracion del proceso intercambiarReferencias: 71100 ns
2025-09-10 18:47:34 [main] INFO  tiempos - Duracion del proceso intercambiarReferencias: 65300 ns
2025-09-10 18:47:34 [main] INFO  tiempos - Duracion del proceso intercambiarReferencias: 42600 ns
2025-09-10 18:47:34 [main] INFO  tiempos - Duracion del proceso intercambiarReferencias: 40300 ns
2025-09-10 18:47:34 [main] INFO  tiempos - Duracion del proceso intercambiarReferencias: 20500 ns
2025-09-10 18:47:34 [main] INFO  tiempos - Duracion del proceso intercambiarReferencias: 63300 ns
2025-09-10 18:47:34 [main] INFO  tiempos - Duracion del proceso intercambiarReferencias: 21100 ns
2025-09-10 18:47:34 [main] INFO  tiempos - Duracion del proceso intercambiarReferencias: 102700 ns
2025-09-10 18:47:34 [main] INFO  tiempos - Duracion de desencriptarFrase: 565200 ns
2025-09-10 18:47:34 [main] INFO  tiempos - Duracion del proceso intercambiarReferencias: 74500 ns
2025-09-10 18:47:34 [main] INFO  tiempos - Duracion del proceso intercambiarReferencias: 99700 ns
2025-09-10 18:47:34 [main] INFO  tiempos - Duracion del proceso intercambiarReferencias: 24700 ns
2025-09-10 18:47:34 [main] INFO  tiempos - Duracion del proceso intercambiarReferencias: 80300 ns
2025-09-10 18:47:34 [main] INFO  tiempos - Duracion del proceso intercambiarReferencias: 20300 ns
2025-09-10 18:47:34 [main] INFO  tiempos - Duracion del proceso intercambiarReferencias: 58700 ns
2025-09-10 18:47:34 [main] INFO  tiempos - Duracion del proceso intercambiarReferencias: 38600 ns
2025-09-10 18:47:34 [main] INFO  tiempos - Duracion del proceso intercambiarReferencias: 38800 ns
2025-09-10 18:47:34 [main] INFO  tiempos - Duracion del proceso intercambiarReferencias: 57300 ns
2025-09-10 18:47:34 [main] INFO  tiempos - Duracion del proceso intercambiarReferencias: 39300 ns
2025-09-10 18:47:34 [main] INFO  tiempos - Duracion del proceso intercambiarReferencias: 19900 ns
2025-09-10 18:47:34 [main] INFO  tiempos - Duracion del proceso intercambiarReferencias: 38900 ns
2025-09-10 18:47:34 [main] INFO  tiempos - Duracion del proceso intercambiarReferencias: 41500 ns
2025-09-10 18:47:34 [main] INFO  tiempos - Duracion del proceso intercambiarReferencias: 58200 ns
2025-09-10 18:47:34 [main] INFO  tiempos - Duracion de encriptarFrase: 2428000 ns
2025-09-10 18:47:34 [main] INFO  tiempos - Duracion del proceso intercambiarReferencias: 67800 ns
2025-09-10 18:47:34 [main] INFO  tiempos - Duracion del proceso intercambiarReferencias: 84400 ns
2025-09-10 18:47:34 [main] INFO  tiempos - Duracion del proceso intercambiarReferencias: 21300 ns
2025-09-10 18:47:34 [main] INFO  tiempos - Duracion del proceso intercambiarReferencias: 57800 ns
2025-09-10 18:47:34 [main] INFO  tiempos - Duracion del proceso intercambiarReferencias: 20100 ns
2025-09-10 18:47:34 [main] INFO  tiempos - Duracion del proceso intercambiarReferencias: 58000 ns
2025-09-10 18:47:34 [main] INFO  tiempos - Duracion del proceso intercambiarReferencias: 40400 ns
2025-09-10 18:47:34 [main] INFO  tiempos - Duracion del proceso intercambiarReferencias: 42600 ns
2025-09-10 18:47:34 [main] INFO  tiempos - Duracion del proceso intercambiarReferencias: 60100 ns
2025-09-10 18:47:34 [main] INFO  tiempos - Duracion del proceso intercambiarReferencias: 39700 ns
2025-09-10 18:47:34 [main] INFO  tiempos - Duracion del proceso intercambiarReferencias: 20300 ns
2025-09-10 18:47:34 [main] INFO  tiempos - Duracion del proceso intercambiarReferencias: 38900 ns
2025-09-10 18:47:34 [main] INFO  tiempos - Duracion del proceso intercambiarReferencias: 61900 ns
2025-09-10 18:47:34 [main] INFO  tiempos - Duracion del proceso intercambiarReferencias: 61800 ns
2025-09-10 18:47:34 [main] INFO  tiempos - Duracion de desencriptarFrase: 828000 ns
2025-09-10 18:47:34 [main] INFO  tiempos - Duracion del proceso intercambiarReferencias: 26900 ns
2025-09-10 18:47:34 [main] INFO  tiempos - Duracion del proceso intercambiarReferencias: 47800 ns
2025-09-10 18:47:34 [main] INFO  tiempos - Duracion del proceso intercambiarReferencias: 29600 ns
2025-09-10 18:47:34 [main] INFO  tiempos - Duracion del proceso intercambiarReferencias: 69000 ns
2025-09-10 18:47:34 [main] INFO  tiempos - Duracion del proceso intercambiarReferencias: 64600 ns
2025-09-10 18:47:34 [main] INFO  tiempos - Duracion del proceso intercambiarReferencias: 98700 ns
2025-09-10 18:47:34 [main] INFO  tiempos - Duracion del proceso intercambiarReferencias: 19600 ns
2025-09-10 18:47:34 [main] INFO  tiempos - Duracion del proceso intercambiarReferencias: 112100 ns
2025-09-10 18:47:34 [main] INFO  tiempos - Duracion de encriptarFrase: 1511000 ns
2025-09-10 18:47:34 [main] INFO  tiempos - Duracion del proceso intercambiarReferencias: 30200 ns
2025-09-10 18:47:34 [main] INFO  tiempos - Duracion del proceso intercambiarReferencias: 41500 ns
2025-09-10 18:47:34 [main] INFO  tiempos - Duracion del proceso intercambiarReferencias: 20600 ns
2025-09-10 18:47:34 [main] INFO  tiempos - Duracion del proceso intercambiarReferencias: 44400 ns
2025-09-10 18:47:34 [main] INFO  tiempos - Duracion del proceso intercambiarReferencias: 58900 ns
2025-09-10 18:47:34 [main] INFO  tiempos - Duracion del proceso intercambiarReferencias: 94800 ns
2025-09-10 18:47:34 [main] INFO  tiempos - Duracion del proceso intercambiarReferencias: 23600 ns
2025-09-10 18:47:34 [main] INFO  tiempos - Duracion del proceso intercambiarReferencias: 117100 ns
2025-09-10 18:47:34 [main] INFO  tiempos - Duracion de desencriptarFrase: 534900 ns
2025-09-10 18:47:34 [main] INFO  tiempos - Duracion del proceso intercambiarReferencias: 25500 ns
2025-09-10 18:47:34 [main] INFO  tiempos - Duracion del proceso intercambiarReferencias: 39800 ns
2025-09-10 18:47:34 [main] INFO  tiempos - Duracion del proceso intercambiarReferencias: 63000 ns
2025-09-10 18:47:34 [main] INFO  tiempos - Duracion del proceso intercambiarReferencias: 20100 ns
2025-09-10 18:47:34 [main] INFO  tiempos - Duracion del proceso intercambiarReferencias: 24900 ns
2025-09-10 18:47:34 [main] INFO  tiempos - Duracion del proceso intercambiarReferencias: 39500 ns
2025-09-10 18:47:34 [main] INFO  tiempos - Duracion del proceso intercambiarReferencias: 21300 ns
2025-09-10 18:47:34 [main] INFO  tiempos - Duracion del proceso intercambiarReferencias: 38900 ns
2025-09-10 18:47:34 [main] INFO  tiempos - Duracion del proceso intercambiarReferencias: 19800 ns
2025-09-10 18:47:34 [main] INFO  tiempos - Duracion del proceso intercambiarReferencias: 57000 ns
2025-09-10 18:47:34 [main] INFO  tiempos - Duracion del proceso intercambiarReferencias: 19900 ns
2025-09-10 18:47:34 [main] INFO  tiempos - Duracion del proceso intercambiarReferencias: 97300 ns
2025-09-10 18:47:34 [main] INFO  tiempos - Duracion de encriptarFrase: 1707000 ns
2025-09-10 18:47:34 [main] INFO  tiempos - Duracion del proceso intercambiarReferencias: 26600 ns
2025-09-10 18:47:34 [main] INFO  tiempos - Duracion del proceso intercambiarReferencias: 41200 ns
2025-09-10 18:47:34 [main] INFO  tiempos - Duracion del proceso intercambiarReferencias: 59300 ns
2025-09-10 18:47:34 [main] INFO  tiempos - Duracion del proceso intercambiarReferencias: 21000 ns
2025-09-10 18:47:34 [main] INFO  tiempos - Duracion del proceso intercambiarReferencias: 20400 ns
2025-09-10 18:47:34 [main] INFO  tiempos - Duracion del proceso intercambiarReferencias: 38800 ns
2025-09-10 18:47:34 [main] INFO  tiempos - Duracion del proceso intercambiarReferencias: 24600 ns
2025-09-10 18:47:34 [main] INFO  tiempos - Duracion del proceso intercambiarReferencias: 63200 ns
2025-09-10 18:47:34 [main] INFO  tiempos - Duracion del proceso intercambiarReferencias: 22300 ns
2025-09-10 18:47:34 [main] INFO  tiempos - Duracion del proceso intercambiarReferencias: 58400 ns
2025-09-10 18:47:34 [main] INFO  tiempos - Duracion del proceso intercambiarReferencias: 33100 ns
2025-09-10 18:47:34 [main] INFO  tiempos - Duracion del proceso intercambiarReferencias: 96300 ns
2025-09-10 18:47:34 [main] INFO  tiempos - Duracion de desencriptarFrase: 638600 ns
2025-09-10 18:47:34 [main] INFO  tiempos - Duracion del proceso intercambiarReferencias: 73700 ns
2025-09-10 18:47:34 [main] INFO  tiempos - Duracion del proceso intercambiarReferencias: 20300 ns
2025-09-10 18:47:34 [main] INFO  tiempos - Duracion del proceso intercambiarReferencias: 43700 ns
2025-09-10 18:47:34 [main] INFO  tiempos - Duracion del proceso intercambiarReferencias: 20400 ns
2025-09-10 18:47:34 [main] INFO  tiempos - Duracion del proceso intercambiarReferencias: 31100 ns
2025-09-10 18:47:34 [main] INFO  tiempos - Duracion del proceso intercambiarReferencias: 58300 ns
2025-09-10 18:47:34 [main] INFO  tiempos - Duracion del proceso intercambiarReferencias: 18100 ns
2025-09-10 18:47:34 [main] INFO  tiempos - Duracion del proceso intercambiarReferencias: 17900 ns
2025-09-10 18:47:34 [main] INFO  tiempos - Duracion del proceso intercambiarReferencias: 17900 ns
2025-09-10 18:47:34 [main] INFO  tiempos - Duracion del proceso intercambiarReferencias: 54100 ns
2025-09-10 18:47:34 [main] INFO  tiempos - Duracion de encriptarFrase: 1302000 ns
2025-09-10 18:47:34 [main] INFO  tiempos - Duracion del proceso intercambiarReferencias: 53700 ns
2025-09-10 18:47:34 [main] INFO  tiempos - Duracion del proceso intercambiarReferencias: 23900 ns
2025-09-10 18:47:34 [main] INFO  tiempos - Duracion del proceso intercambiarReferencias: 37000 ns
2025-09-10 18:47:34 [main] INFO  tiempos - Duracion del proceso intercambiarReferencias: 19500 ns
2025-09-10 18:47:34 [main] INFO  tiempos - Duracion del proceso intercambiarReferencias: 18700 ns
2025-09-10 18:47:34 [main] INFO  tiempos - Duracion del proceso intercambiarReferencias: 59500 ns
2025-09-10 18:47:34 [main] INFO  tiempos - Duracion del proceso intercambiarReferencias: 18700 ns
2025-09-10 18:47:34 [main] INFO  tiempos - Duracion del proceso intercambiarReferencias: 18500 ns
2025-09-10 18:47:34 [main] INFO  tiempos - Duracion del proceso intercambiarReferencias: 18300 ns
2025-09-10 18:47:34 [main] INFO  tiempos - Duracion del proceso intercambiarReferencias: 53500 ns
2025-09-10 18:47:34 [main] INFO  tiempos - Duracion de desencriptarFrase: 436800 ns
2025-09-10 18:47:34 [main] INFO  tiempos - Duracion del proceso intercambiarReferencias: 43300 ns
2025-09-10 18:47:34 [main] INFO  tiempos - Duracion del proceso intercambiarReferencias: 19700 ns
2025-09-10 18:47:34 [main] INFO  tiempos - Duracion del proceso intercambiarReferencias: 36600 ns
2025-09-10 18:47:34 [main] INFO  tiempos - Duracion del proceso intercambiarReferencias: 39900 ns
2025-09-10 18:47:34 [main] INFO  tiempos - Duracion del proceso intercambiarReferencias: 36300 ns
2025-09-10 18:47:34 [main] INFO  tiempos - Duracion del proceso intercambiarReferencias: 57300 ns
2025-09-10 18:47:34 [main] INFO  tiempos - Duracion del proceso intercambiarReferencias: 18200 ns
2025-09-10 18:47:34 [main] INFO  tiempos - Duracion del proceso intercambiarReferencias: 36200 ns
2025-09-10 18:47:34 [main] INFO  tiempos - Duracion del proceso intercambiarReferencias: 37000 ns
2025-09-10 18:47:34 [main] INFO  tiempos - Duracion del proceso intercambiarReferencias: 18300 ns
2025-09-10 18:47:34 [main] INFO  tiempos - Duracion del proceso intercambiarReferencias: 57500 ns
2025-09-10 18:47:34 [main] INFO  tiempos - Duracion de encriptarFrase: 1429300 ns
2025-09-10 18:47:34 [main] INFO  tiempos - Duracion del proceso intercambiarReferencias: 52900 ns
2025-09-10 18:47:34 [main] INFO  tiempos - Duracion del proceso intercambiarReferencias: 20100 ns
2025-09-10 18:47:34 [main] INFO  tiempos - Duracion del proceso intercambiarReferencias: 37600 ns
2025-09-10 18:47:34 [main] INFO  tiempos - Duracion del proceso intercambiarReferencias: 37400 ns
2025-09-10 18:47:34 [main] INFO  tiempos - Duracion del proceso intercambiarReferencias: 37100 ns
2025-09-10 18:47:34 [main] INFO  tiempos - Duracion del proceso intercambiarReferencias: 108500 ns
2025-09-10 18:47:34 [main] INFO  tiempos - Duracion del proceso intercambiarReferencias: 19800 ns
2025-09-10 18:47:34 [main] INFO  tiempos - Duracion del proceso intercambiarReferencias: 37000 ns
2025-09-10 18:47:34 [main] INFO  tiempos - Duracion del proceso intercambiarReferencias: 36400 ns
2025-09-10 18:47:34 [main] INFO  tiempos - Duracion del proceso intercambiarReferencias: 18200 ns
2025-09-10 18:47:34 [main] INFO  tiempos - Duracion del proceso intercambiarReferencias: 75500 ns
2025-09-10 18:47:34 [main] INFO  tiempos - Duracion de desencriptarFrase: 614500 ns
2025-09-10 18:47:34 [main] INFO  tiempos - Duracion del proceso intercambiarReferencias: 48500 ns
2025-09-10 18:47:34 [main] INFO  tiempos - Duracion del proceso intercambiarReferencias: 45700 ns
2025-09-10 18:47:34 [main] INFO  tiempos - Duracion del proceso intercambiarReferencias: 66100 ns
2025-09-10 18:47:34 [main] INFO  tiempos - Duracion del proceso intercambiarReferencias: 44000 ns
2025-09-10 18:47:34 [main] INFO  tiempos - Duracion del proceso intercambiarReferencias: 36400 ns
2025-09-10 18:47:34 [main] INFO  tiempos - Duracion del proceso intercambiarReferencias: 36300 ns
2025-09-10 18:47:34 [main] INFO  tiempos - Duracion del proceso intercambiarReferencias: 70900 ns
2025-09-10 18:47:34 [main] INFO  tiempos - Duracion del proceso intercambiarReferencias: 158700 ns
2025-09-10 18:47:34 [main] INFO  tiempos - Duracion de encriptarFrase: 1831900 ns
2025-09-10 18:47:34 [main] INFO  tiempos - Duracion del proceso intercambiarReferencias: 48600 ns
2025-09-10 18:47:34 [main] INFO  tiempos - Duracion del proceso intercambiarReferencias: 37800 ns
2025-09-10 18:47:34 [main] INFO  tiempos - Duracion del proceso intercambiarReferencias: 164500 ns
2025-09-10 18:47:34 [main] INFO  tiempos - Duracion del proceso intercambiarReferencias: 36300 ns
2025-09-10 18:47:34 [main] INFO  tiempos - Duracion del proceso intercambiarReferencias: 40400 ns
2025-09-10 18:47:34 [main] INFO  tiempos - Duracion del proceso intercambiarReferencias: 35100 ns
2025-09-10 18:47:34 [main] INFO  tiempos - Duracion del proceso intercambiarReferencias: 88600 ns
2025-09-10 18:47:34 [main] INFO  tiempos - Duracion del proceso intercambiarReferencias: 192100 ns
2025-09-10 18:47:34 [main] INFO  tiempos - Duracion de desencriptarFrase: 761400 ns
2025-09-10 18:47:34 [main] INFO  tiempos - Duracion del proceso intercambiarReferencias: 57400 ns
2025-09-10 18:47:34 [main] INFO  tiempos - Duracion del proceso intercambiarReferencias: 25200 ns
2025-09-10 18:47:34 [main] INFO  tiempos - Duracion del proceso intercambiarReferencias: 18400 ns
2025-09-10 18:47:34 [main] INFO  tiempos - Duracion del proceso intercambiarReferencias: 97600 ns
2025-09-10 18:47:34 [main] INFO  tiempos - Duracion del proceso intercambiarReferencias: 17500 ns
2025-09-10 18:47:34 [main] INFO  tiempos - Duracion del proceso intercambiarReferencias: 17300 ns
2025-09-10 18:47:34 [main] INFO  tiempos - Duracion del proceso intercambiarReferencias: 36100 ns
2025-09-10 18:47:34 [main] INFO  tiempos - Duracion del proceso intercambiarReferencias: 17000 ns
2025-09-10 18:47:34 [main] INFO  tiempos - Duracion del proceso intercambiarReferencias: 57700 ns
2025-09-10 18:47:34 [main] INFO  tiempos - intercambiarReferencias duration: 0 ms
2025-09-10 18:47:34 [main] INFO  tiempos - Duracion del proceso intercambiarReferencias: 26600 ns
2025-09-10 18:47:34 [main] INFO  tiempos - Duracion del proceso intercambiarReferencias: 37200 ns
2025-09-10 18:47:34 [main] INFO  tiempos - Duracion del proceso intercambiarReferencias: 50800 ns
2025-09-10 18:47:34 [main] INFO  tiempos - Duracion del proceso intercambiarReferencias: 16800 ns
2025-09-10 18:47:34 [main] INFO  tiempos - Duracion del proceso intercambiarReferencias: 97100 ns
2025-09-10 18:47:34 [main] INFO  tiempos - Duracion del proceso intercambiarReferencias: 49400 ns
2025-09-10 18:47:34 [main] INFO  tiempos - Duracion del proceso intercambiarReferencias: 16600 ns
2025-09-10 18:47:34 [main] INFO  tiempos - Duracion del proceso intercambiarReferencias: 18100 ns
2025-09-10 18:47:34 [main] INFO  tiempos - Duracion del proceso intercambiarReferencias: 16700 ns
2025-09-10 18:47:34 [main] INFO  tiempos - Duracion del proceso intercambiarReferencias: 155100 ns
2025-09-10 18:47:34 [main] INFO  tiempos - Duracion del proceso intercambiarReferencias: 33700 ns
2025-09-10 18:47:34 [main] INFO  tiempos - Duracion del proceso intercambiarReferencias: 81000 ns
2025-09-10 18:47:34 [main] INFO  tiempos - Duracion de encriptarFrase: 3064600 ns
2025-09-10 18:47:34 [main] INFO  tiempos - Duracion del proceso intercambiarReferencias: 41200 ns
2025-09-10 18:47:34 [main] INFO  tiempos - Duracion del proceso intercambiarReferencias: 18600 ns
2025-09-10 18:47:34 [main] INFO  tiempos - Duracion del proceso intercambiarReferencias: 17600 ns
2025-09-10 18:47:34 [main] INFO  tiempos - Duracion del proceso intercambiarReferencias: 68800 ns
2025-09-10 18:47:34 [main] INFO  tiempos - Duracion del proceso intercambiarReferencias: 20300 ns
2025-09-10 18:47:34 [main] INFO  tiempos - Duracion del proceso intercambiarReferencias: 18400 ns
2025-09-10 18:47:34 [main] INFO  tiempos - Duracion del proceso intercambiarReferencias: 17100 ns
2025-09-10 18:47:34 [main] INFO  tiempos - Duracion del proceso intercambiarReferencias: 16700 ns
2025-09-10 18:47:34 [main] INFO  tiempos - Duracion del proceso intercambiarReferencias: 50400 ns
2025-09-10 18:47:34 [main] INFO  tiempos - intercambiarReferencias duration: 0 ms
2025-09-10 18:47:34 [main] INFO  tiempos - Duracion del proceso intercambiarReferencias: 12200 ns
2025-09-10 18:47:34 [main] INFO  tiempos - Duracion del proceso intercambiarReferencias: 34000 ns
2025-09-10 18:47:34 [main] INFO  tiempos - Duracion del proceso intercambiarReferencias: 49500 ns
2025-09-10 18:47:34 [main] INFO  tiempos - Duracion del proceso intercambiarReferencias: 16800 ns
2025-09-10 18:47:34 [main] INFO  tiempos - Duracion del proceso intercambiarReferencias: 82800 ns
2025-09-10 18:47:34 [main] INFO  tiempos - Duracion del proceso intercambiarReferencias: 49300 ns
2025-09-10 18:47:34 [main] INFO  tiempos - Duracion del proceso intercambiarReferencias: 16600 ns
2025-09-10 18:47:34 [main] INFO  tiempos - Duracion del proceso intercambiarReferencias: 17000 ns
2025-09-10 18:47:34 [main] INFO  tiempos - Duracion del proceso intercambiarReferencias: 16900 ns
2025-09-10 18:47:34 [main] INFO  tiempos - Duracion del proceso intercambiarReferencias: 66400 ns
2025-09-10 18:47:34 [main] INFO  tiempos - Duracion del proceso intercambiarReferencias: 38100 ns
2025-09-10 18:47:34 [main] INFO  tiempos - Duracion del proceso intercambiarReferencias: 66800 ns
2025-09-10 18:47:34 [main] INFO  tiempos - Duracion de desencriptarFrase: 943500 ns
2025-09-10 18:47:34 [main] INFO  tiempos - Duracion del proceso intercambiarReferencias: 104700 ns
2025-09-10 18:47:34 [main] INFO  tiempos - Duracion del proceso intercambiarReferencias: 128400 ns
2025-09-10 18:47:34 [main] INFO  tiempos - Duracion del proceso intercambiarReferencias: 69600 ns
2025-09-10 18:47:34 [main] INFO  tiempos - Duracion del proceso intercambiarReferencias: 36600 ns
2025-09-10 18:47:34 [main] INFO  tiempos - Duracion del proceso intercambiarReferencias: 88900 ns
2025-09-10 18:47:34 [main] INFO  tiempos - Duracion del proceso intercambiarReferencias: 95700 ns
2025-09-10 18:47:34 [main] INFO  tiempos - Duracion del proceso intercambiarReferencias: 56200 ns
2025-09-10 18:47:34 [main] INFO  tiempos - Duracion del proceso intercambiarReferencias: 54600 ns
2025-09-10 18:47:34 [main] INFO  tiempos - Duracion del proceso intercambiarReferencias: 66900 ns
2025-09-10 18:47:34 [main] INFO  tiempos - Duracion del proceso intercambiarReferencias: 16500 ns
2025-09-10 18:47:34 [main] INFO  tiempos - Duracion del proceso intercambiarReferencias: 17200 ns
2025-09-10 18:47:34 [main] INFO  tiempos - Duracion del proceso intercambiarReferencias: 16800 ns
2025-09-10 18:47:34 [main] INFO  tiempos - Duracion del proceso intercambiarReferencias: 16800 ns
2025-09-10 18:47:34 [main] INFO  tiempos - Duracion del proceso intercambiarReferencias: 49600 ns
2025-09-10 18:47:34 [main] INFO  tiempos - Duracion del proceso intercambiarReferencias: 16200 ns
2025-09-10 18:47:34 [main] INFO  tiempos - Duracion de encriptarFrase: 3058300 ns
2025-09-10 18:47:34 [main] INFO  tiempos - Duracion del proceso intercambiarReferencias: 121500 ns
2025-09-10 18:47:34 [main] INFO  tiempos - Duracion del proceso intercambiarReferencias: 141500 ns
2025-09-10 18:47:34 [main] INFO  tiempos - Duracion del proceso intercambiarReferencias: 36100 ns
2025-09-10 18:47:34 [main] INFO  tiempos - Duracion del proceso intercambiarReferencias: 17100 ns
2025-09-10 18:47:34 [main] INFO  tiempos - Duracion del proceso intercambiarReferencias: 34100 ns
2025-09-10 18:47:34 [main] INFO  tiempos - Duracion del proceso intercambiarReferencias: 33300 ns
2025-09-10 18:47:34 [main] INFO  tiempos - Duracion del proceso intercambiarReferencias: 21500 ns
2025-09-10 18:47:34 [main] INFO  tiempos - Duracion del proceso intercambiarReferencias: 69500 ns
2025-09-10 18:47:34 [main] INFO  tiempos - Duracion del proceso intercambiarReferencias: 68800 ns
2025-09-10 18:47:34 [main] INFO  tiempos - Duracion del proceso intercambiarReferencias: 16700 ns
2025-09-10 18:47:34 [main] INFO  tiempos - Duracion del proceso intercambiarReferencias: 17000 ns
2025-09-10 18:47:34 [main] INFO  tiempos - Duracion del proceso intercambiarReferencias: 16900 ns
2025-09-10 18:47:34 [main] INFO  tiempos - Duracion del proceso intercambiarReferencias: 17200 ns
2025-09-10 18:47:34 [main] INFO  tiempos - Duracion del proceso intercambiarReferencias: 50500 ns
2025-09-10 18:47:34 [main] INFO  tiempos - Duracion del proceso intercambiarReferencias: 17100 ns
2025-09-10 18:47:34 [main] INFO  tiempos - Duracion de desencriptarFrase: 867200 ns
2025-09-10 18:47:34 [main] INFO  tiempos - Duracion del proceso intercambiarReferencias: 34700 ns
2025-09-10 18:47:34 [main] INFO  tiempos - Duracion del proceso intercambiarReferencias: 33500 ns
2025-09-10 18:47:34 [main] INFO  tiempos - Duracion del proceso intercambiarReferencias: 35700 ns
2025-09-10 18:47:34 [main] INFO  tiempos - Duracion del proceso intercambiarReferencias: 50100 ns
2025-09-10 18:47:34 [main] INFO  tiempos - Duracion del proceso intercambiarReferencias: 16500 ns
2025-09-10 18:47:34 [main] INFO  tiempos - Duracion del proceso intercambiarReferencias: 33000 ns
2025-09-10 18:47:34 [main] INFO  tiempos - Duracion de encriptarFrase: 822500 ns
2025-09-10 18:47:34 [main] INFO  tiempos - Duracion del proceso intercambiarReferencias: 38300 ns
2025-09-10 18:47:34 [main] INFO  tiempos - Duracion del proceso intercambiarReferencias: 33700 ns
2025-09-10 18:47:34 [main] INFO  tiempos - Duracion del proceso intercambiarReferencias: 33400 ns
2025-09-10 18:47:34 [main] INFO  tiempos - Duracion del proceso intercambiarReferencias: 53400 ns
2025-09-10 18:47:34 [main] INFO  tiempos - Duracion del proceso intercambiarReferencias: 19700 ns
2025-09-10 18:47:34 [main] INFO  tiempos - Duracion del proceso intercambiarReferencias: 33000 ns
2025-09-10 18:47:34 [main] INFO  tiempos - Duracion de desencriptarFrase: 278900 ns
2025-09-10 18:47:34 [main] INFO  tiempos - Duracion del proceso intercambiarReferencias: 19400 ns
2025-09-10 18:47:34 [main] INFO  tiempos - Duracion del proceso intercambiarReferencias: 38500 ns
2025-09-10 18:47:34 [main] INFO  tiempos - Duracion del proceso intercambiarReferencias: 16800 ns
2025-09-10 18:47:34 [main] INFO  tiempos - Duracion del proceso intercambiarReferencias: 49500 ns
2025-09-10 18:47:34 [main] INFO  tiempos - Duracion del proceso intercambiarReferencias: 16300 ns
2025-09-10 18:47:34 [main] INFO  tiempos - Duracion del proceso intercambiarReferencias: 65800 ns
2025-09-10 18:47:34 [main] INFO  tiempos - Duracion del proceso intercambiarReferencias: 40100 ns
2025-09-10 18:47:34 [main] INFO  tiempos - Duracion del proceso intercambiarReferencias: 67900 ns
2025-09-10 18:47:34 [main] INFO  tiempos - Duracion del proceso intercambiarReferencias: 16200 ns
2025-09-10 18:47:34 [main] INFO  tiempos - Duracion del proceso intercambiarReferencias: 56300 ns
2025-09-10 18:47:34 [main] INFO  tiempos - Duracion de encriptarFrase: 1497000 ns
2025-09-10 18:47:34 [main] INFO  tiempos - Duracion del proceso intercambiarReferencias: 23400 ns
2025-09-10 18:47:34 [main] INFO  tiempos - Duracion del proceso intercambiarReferencias: 35700 ns
2025-09-10 18:47:34 [main] INFO  tiempos - Duracion del proceso intercambiarReferencias: 17300 ns
2025-09-10 18:47:34 [main] INFO  tiempos - Duracion del proceso intercambiarReferencias: 54200 ns
2025-09-10 18:47:34 [main] INFO  tiempos - Duracion del proceso intercambiarReferencias: 17000 ns
2025-09-10 18:47:34 [main] INFO  tiempos - Duracion del proceso intercambiarReferencias: 72000 ns
2025-09-10 18:47:34 [main] INFO  tiempos - Duracion del proceso intercambiarReferencias: 34300 ns
2025-09-10 18:47:34 [main] INFO  tiempos - Duracion del proceso intercambiarReferencias: 66500 ns
2025-09-10 18:47:34 [main] INFO  tiempos - Duracion del proceso intercambiarReferencias: 16800 ns
2025-09-10 18:47:34 [main] INFO  tiempos - Duracion del proceso intercambiarReferencias: 110800 ns
2025-09-10 18:47:34 [main] INFO  tiempos - Duracion de desencriptarFrase: 552300 ns
2025-09-10 18:47:34 [main] INFO  tiempos - Duracion del proceso intercambiarReferencias: 33500 ns
2025-09-10 18:47:34 [main] INFO  tiempos - Duracion del proceso intercambiarReferencias: 16100 ns
2025-09-10 18:47:34 [main] INFO  tiempos - intercambiarReferencias duration: 0 ms
2025-09-10 18:47:34 [main] INFO  tiempos - Duracion del proceso intercambiarReferencias: 11900 ns
2025-09-10 18:47:34 [main] INFO  tiempos - Duracion del proceso intercambiarReferencias: 39400 ns
2025-09-10 18:47:34 [main] INFO  tiempos - Duracion del proceso intercambiarReferencias: 32300 ns
2025-09-10 18:47:34 [main] INFO  tiempos - Duracion del proceso intercambiarReferencias: 32700 ns
2025-09-10 18:47:34 [main] INFO  tiempos - Duracion del proceso intercambiarReferencias: 16800 ns
2025-09-10 18:47:34 [main] INFO  tiempos - Duracion del proceso intercambiarReferencias: 32400 ns
2025-09-10 18:47:34 [main] INFO  tiempos - Duracion del proceso intercambiarReferencias: 16500 ns
2025-09-10 18:47:34 [main] INFO  tiempos - Duracion del proceso intercambiarReferencias: 32700 ns
2025-09-10 18:47:34 [main] INFO  tiempos - Duracion del proceso intercambiarReferencias: 67500 ns
2025-09-10 18:47:34 [main] INFO  tiempos - Duracion de encriptarFrase: 1160600 ns
2025-09-10 18:47:34 [main] INFO  tiempos - Duracion del proceso intercambiarReferencias: 40700 ns
2025-09-10 18:47:34 [main] INFO  tiempos - Duracion del proceso intercambiarReferencias: 18300 ns
2025-09-10 18:47:34 [main] INFO  tiempos - intercambiarReferencias duration: 0 ms
2025-09-10 18:47:34 [main] INFO  tiempos - Duracion del proceso intercambiarReferencias: 12500 ns
2025-09-10 18:47:34 [main] INFO  tiempos - Duracion del proceso intercambiarReferencias: 33200 ns
2025-09-10 18:47:34 [main] INFO  tiempos - Duracion del proceso intercambiarReferencias: 33100 ns
2025-09-10 18:47:34 [main] INFO  tiempos - Duracion del proceso intercambiarReferencias: 33400 ns
2025-09-10 18:47:34 [main] INFO  tiempos - Duracion del proceso intercambiarReferencias: 16800 ns
2025-09-10 18:47:34 [main] INFO  tiempos - Duracion del proceso intercambiarReferencias: 32900 ns
2025-09-10 18:47:34 [main] INFO  tiempos - Duracion del proceso intercambiarReferencias: 20500 ns
2025-09-10 18:47:34 [main] INFO  tiempos - Duracion del proceso intercambiarReferencias: 36100 ns
2025-09-10 18:47:34 [main] INFO  tiempos - Duracion del proceso intercambiarReferencias: 66400 ns
2025-09-10 18:47:34 [main] INFO  tiempos - Duracion de desencriptarFrase: 450600 ns
2025-09-10 18:47:34 [main] INFO  tiempos - Duracion del proceso intercambiarReferencias: 16700 ns
2025-09-10 18:47:34 [main] INFO  tiempos - Duracion del proceso intercambiarReferencias: 18500 ns
2025-09-10 18:47:34 [main] INFO  tiempos - Duracion del proceso intercambiarReferencias: 32100 ns
2025-09-10 18:47:34 [main] INFO  tiempos - Duracion del proceso intercambiarReferencias: 52300 ns
2025-09-10 18:47:34 [main] INFO  tiempos - Duracion del proceso intercambiarReferencias: 99300 ns
2025-09-10 18:47:34 [main] INFO  tiempos - Duracion del proceso intercambiarReferencias: 16200 ns
2025-09-10 18:47:34 [main] INFO  tiempos - Duracion del proceso intercambiarReferencias: 16700 ns
2025-09-10 18:47:34 [main] INFO  tiempos - Duracion del proceso intercambiarReferencias: 81500 ns
2025-09-10 18:47:34 [main] INFO  tiempos - Duracion del proceso intercambiarReferencias: 16600 ns
2025-09-10 18:47:34 [main] INFO  tiempos - Duracion del proceso intercambiarReferencias: 34800 ns
2025-09-10 18:47:34 [main] INFO  tiempos - Duracion del proceso intercambiarReferencias: 31500 ns
2025-09-10 18:47:34 [main] INFO  tiempos - Duracion de encriptarFrase: 1369700 ns
2025-09-10 18:47:34 [main] INFO  tiempos - Duracion del proceso intercambiarReferencias: 24900 ns
2025-09-10 18:47:34 [main] INFO  tiempos - Duracion del proceso intercambiarReferencias: 18400 ns
2025-09-10 18:47:34 [main] INFO  tiempos - Duracion del proceso intercambiarReferencias: 39100 ns
2025-09-10 18:47:34 [main] INFO  tiempos - Duracion del proceso intercambiarReferencias: 52800 ns
2025-09-10 18:47:34 [main] INFO  tiempos - Duracion del proceso intercambiarReferencias: 73600 ns
2025-09-10 18:47:34 [main] INFO  tiempos - Duracion del proceso intercambiarReferencias: 20300 ns
2025-09-10 18:47:34 [main] INFO  tiempos - Duracion del proceso intercambiarReferencias: 17300 ns
2025-09-10 18:47:34 [main] INFO  tiempos - Duracion del proceso intercambiarReferencias: 83300 ns
2025-09-10 18:47:34 [main] INFO  tiempos - Duracion del proceso intercambiarReferencias: 17000 ns
2025-09-10 18:47:34 [main] INFO  tiempos - Duracion del proceso intercambiarReferencias: 33800 ns
2025-09-10 18:47:34 [main] INFO  tiempos - Duracion del proceso intercambiarReferencias: 16700 ns
2025-09-10 18:47:34 [main] INFO  tiempos - Duracion de desencriptarFrase: 527900 ns
2025-09-10 18:47:34 [main] INFO  tiempos - Duracion del proceso intercambiarReferencias: 30100 ns
2025-09-10 18:47:34 [main] INFO  tiempos - Duracion del proceso intercambiarReferencias: 25300 ns
2025-09-10 18:47:34 [main] INFO  tiempos - Duracion del proceso intercambiarReferencias: 25100 ns
2025-09-10 18:47:34 [main] INFO  tiempos - Duracion del proceso intercambiarReferencias: 124800 ns
2025-09-10 18:47:34 [main] INFO  tiempos - Duracion del proceso intercambiarReferencias: 72100 ns
2025-09-10 18:47:34 [main] INFO  tiempos - Duracion del proceso intercambiarReferencias: 146600 ns
2025-09-10 18:47:34 [main] INFO  tiempos - Duracion del proceso intercambiarReferencias: 29200 ns
2025-09-10 18:47:34 [main] INFO  tiempos - Duracion del proceso intercambiarReferencias: 29400 ns
2025-09-10 18:47:34 [main] INFO  tiempos - Duracion del proceso intercambiarReferencias: 28800 ns
2025-09-10 18:47:34 [main] INFO  tiempos - Duracion del proceso intercambiarReferencias: 29900 ns
2025-09-10 18:47:34 [main] INFO  tiempos - Duracion del proceso intercambiarReferencias: 63500 ns
2025-09-10 18:47:34 [main] INFO  tiempos - Duracion del proceso intercambiarReferencias: 30300 ns
2025-09-10 18:47:34 [main] INFO  tiempos - Duracion del proceso intercambiarReferencias: 29200 ns
2025-09-10 18:47:34 [main] INFO  tiempos - Duracion del proceso intercambiarReferencias: 107200 ns
2025-09-10 18:47:34 [main] INFO  tiempos - Duracion de encriptarFrase: 2677500 ns
2025-09-10 18:47:34 [main] INFO  tiempos - Duracion del proceso intercambiarReferencias: 26400 ns
2025-09-10 18:47:34 [main] INFO  tiempos - Duracion del proceso intercambiarReferencias: 18300 ns
2025-09-10 18:47:34 [main] INFO  tiempos - Duracion del proceso intercambiarReferencias: 17000 ns
2025-09-10 18:47:34 [main] INFO  tiempos - Duracion del proceso intercambiarReferencias: 17400 ns
2025-09-10 18:47:34 [main] INFO  tiempos - Duracion del proceso intercambiarReferencias: 63800 ns
2025-09-10 18:47:34 [main] INFO  tiempos - Duracion del proceso intercambiarReferencias: 85200 ns
2025-09-10 18:47:34 [main] INFO  tiempos - Duracion del proceso intercambiarReferencias: 16900 ns
2025-09-10 18:47:34 [main] INFO  tiempos - Duracion del proceso intercambiarReferencias: 16700 ns
2025-09-10 18:47:34 [main] INFO  tiempos - Duracion del proceso intercambiarReferencias: 16900 ns
2025-09-10 18:47:34 [main] INFO  tiempos - Duracion del proceso intercambiarReferencias: 16800 ns
2025-09-10 18:47:34 [main] INFO  tiempos - Duracion del proceso intercambiarReferencias: 34100 ns
2025-09-10 18:47:34 [main] INFO  tiempos - Duracion del proceso intercambiarReferencias: 16600 ns
2025-09-10 18:47:34 [main] INFO  tiempos - Duracion del proceso intercambiarReferencias: 17600 ns
2025-09-10 18:47:34 [main] INFO  tiempos - Duracion del proceso intercambiarReferencias: 71900 ns
2025-09-10 18:47:34 [main] INFO  tiempos - Duracion de desencriptarFrase: 570400 ns
2025-09-10 18:47:34 [main] INFO  tiempos - Duracion del proceso intercambiarReferencias: 34800 ns
2025-09-10 18:47:34 [main] INFO  tiempos - Duracion del proceso intercambiarReferencias: 34200 ns
2025-09-10 18:47:34 [main] INFO  tiempos - Duracion del proceso intercambiarReferencias: 17000 ns
2025-09-10 18:47:34 [main] INFO  tiempos - Duracion del proceso intercambiarReferencias: 82500 ns
2025-09-10 18:47:34 [main] INFO  tiempos - Duracion del proceso intercambiarReferencias: 34600 ns
2025-09-10 18:47:34 [main] INFO  tiempos - Duracion del proceso intercambiarReferencias: 34700 ns
2025-09-10 18:47:34 [main] INFO  tiempos - Duracion del proceso intercambiarReferencias: 16700 ns
2025-09-10 18:47:34 [main] INFO  tiempos - Duracion del proceso intercambiarReferencias: 52300 ns
2025-09-10 18:47:34 [main] INFO  tiempos - Duracion de encriptarFrase: 1105500 ns
2025-09-10 18:47:34 [main] INFO  tiempos - Duracion del proceso intercambiarReferencias: 41800 ns
2025-09-10 18:47:34 [main] INFO  tiempos - Duracion del proceso intercambiarReferencias: 68700 ns
2025-09-10 18:47:34 [main] INFO  tiempos - Duracion del proceso intercambiarReferencias: 17100 ns
2025-09-10 18:47:34 [main] INFO  tiempos - Duracion del proceso intercambiarReferencias: 16900 ns
2025-09-10 18:47:34 [main] INFO  tiempos - Duracion del proceso intercambiarReferencias: 16900 ns
2025-09-10 18:47:34 [main] INFO  tiempos - Duracion del proceso intercambiarReferencias: 37800 ns
2025-09-10 18:47:34 [main] INFO  tiempos - Duracion del proceso intercambiarReferencias: 17200 ns
2025-09-10 18:47:34 [main] INFO  tiempos - Duracion del proceso intercambiarReferencias: 51900 ns
2025-09-10 18:47:34 [main] INFO  tiempos - Duracion de desencriptarFrase: 356200 ns
2025-09-10 18:47:34 [main] INFO  tiempos - Duracion del proceso intercambiarReferencias: 26200 ns
2025-09-10 18:47:34 [main] INFO  tiempos - Duracion del proceso intercambiarReferencias: 26000 ns
2025-09-10 18:47:34 [main] INFO  tiempos - Duracion del proceso intercambiarReferencias: 68900 ns
2025-09-10 18:47:34 [main] INFO  tiempos - Duracion del proceso intercambiarReferencias: 35800 ns
2025-09-10 18:47:34 [main] INFO  tiempos - Duracion del proceso intercambiarReferencias: 16400 ns
2025-09-10 18:47:34 [main] INFO  tiempos - Duracion del proceso intercambiarReferencias: 36100 ns
2025-09-10 18:47:34 [main] INFO  tiempos - Duracion del proceso intercambiarReferencias: 17700 ns
2025-09-10 18:47:34 [main] INFO  tiempos - Duracion del proceso intercambiarReferencias: 67600 ns
2025-09-10 18:47:34 [main] INFO  tiempos - Duracion del proceso intercambiarReferencias: 32600 ns
2025-09-10 18:47:34 [main] INFO  tiempos - Duracion del proceso intercambiarReferencias: 48700 ns
2025-09-10 18:47:34 [main] INFO  tiempos - Duracion del proceso intercambiarReferencias: 49100 ns
2025-09-10 18:47:34 [main] INFO  tiempos - Duracion del proceso intercambiarReferencias: 33500 ns
2025-09-10 18:47:34 [main] INFO  tiempos - Duracion del proceso intercambiarReferencias: 16500 ns
2025-09-10 18:47:34 [main] INFO  tiempos - Duracion del proceso intercambiarReferencias: 16400 ns
2025-09-10 18:47:34 [main] INFO  tiempos - Duracion del proceso intercambiarReferencias: 51200 ns
2025-09-10 18:47:34 [main] INFO  tiempos - Duracion del proceso intercambiarReferencias: 16000 ns
2025-09-10 18:47:34 [main] INFO  tiempos - Duracion del proceso intercambiarReferencias: 17300 ns
2025-09-10 18:47:34 [main] INFO  tiempos - Duracion del proceso intercambiarReferencias: 32800 ns
2025-09-10 18:47:34 [main] INFO  tiempos - Duracion del proceso intercambiarReferencias: 16200 ns
2025-09-10 18:47:34 [main] INFO  tiempos - Duracion del proceso intercambiarReferencias: 16000 ns
2025-09-10 18:47:34 [main] INFO  tiempos - Duracion del proceso intercambiarReferencias: 63700 ns
2025-09-10 18:47:34 [main] INFO  tiempos - Duracion del proceso intercambiarReferencias: 19600 ns
2025-09-10 18:47:34 [main] INFO  tiempos - Duracion del proceso intercambiarReferencias: 16200 ns
2025-09-10 18:47:34 [main] INFO  tiempos - Duracion del proceso intercambiarReferencias: 49700 ns
2025-09-10 18:47:34 [main] INFO  tiempos - Duracion de encriptarFrase: 2871400 ns
2025-09-10 18:47:34 [main] INFO  tiempos - Duracion del proceso intercambiarReferencias: 41600 ns
2025-09-10 18:47:34 [main] INFO  tiempos - Duracion del proceso intercambiarReferencias: 35300 ns
2025-09-10 18:47:34 [main] INFO  tiempos - Duracion del proceso intercambiarReferencias: 121900 ns
2025-09-10 18:47:34 [main] INFO  tiempos - Duracion del proceso intercambiarReferencias: 60500 ns
2025-09-10 18:47:34 [main] INFO  tiempos - Duracion del proceso intercambiarReferencias: 31300 ns
2025-09-10 18:47:34 [main] INFO  tiempos - Duracion del proceso intercambiarReferencias: 56000 ns
2025-09-10 18:47:34 [main] INFO  tiempos - Duracion del proceso intercambiarReferencias: 25800 ns
2025-09-10 18:47:34 [main] INFO  tiempos - Duracion del proceso intercambiarReferencias: 112700 ns
2025-09-10 18:47:34 [main] INFO  tiempos - Duracion del proceso intercambiarReferencias: 55000 ns
2025-09-10 18:47:34 [main] INFO  tiempos - Duracion del proceso intercambiarReferencias: 87700 ns
2025-09-10 18:47:34 [main] INFO  tiempos - Duracion del proceso intercambiarReferencias: 81300 ns
2025-09-10 18:47:34 [main] INFO  tiempos - Duracion del proceso intercambiarReferencias: 52500 ns
2025-09-10 18:47:34 [main] INFO  tiempos - Duracion del proceso intercambiarReferencias: 26900 ns
2025-09-10 18:47:34 [main] INFO  tiempos - Duracion del proceso intercambiarReferencias: 31600 ns
2025-09-10 18:47:34 [main] INFO  tiempos - Duracion del proceso intercambiarReferencias: 105100 ns
2025-09-10 18:47:34 [main] INFO  tiempos - Duracion del proceso intercambiarReferencias: 27800 ns
2025-09-10 18:47:34 [main] INFO  tiempos - Duracion del proceso intercambiarReferencias: 30000 ns
2025-09-10 18:47:34 [main] INFO  tiempos - Duracion del proceso intercambiarReferencias: 60100 ns
2025-09-10 18:47:34 [main] INFO  tiempos - Duracion del proceso intercambiarReferencias: 32300 ns
2025-09-10 18:47:34 [main] INFO  tiempos - Duracion del proceso intercambiarReferencias: 30000 ns
2025-09-10 18:47:34 [main] INFO  tiempos - Duracion del proceso intercambiarReferencias: 66900 ns
2025-09-10 18:47:34 [main] INFO  tiempos - Duracion del proceso intercambiarReferencias: 35000 ns
2025-09-10 18:47:34 [main] INFO  tiempos - Duracion del proceso intercambiarReferencias: 36700 ns
2025-09-10 18:47:34 [main] INFO  tiempos - Duracion del proceso intercambiarReferencias: 97200 ns
2025-09-10 18:47:34 [main] INFO  tiempos - Duracion de desencriptarFrase: 1681700 ns
2025-09-10 18:47:34 [main] INFO  tiempos - intercambiarReferencias duration: 0 ms
2025-09-10 18:47:34 [main] INFO  tiempos - Duracion del proceso intercambiarReferencias: 24300 ns
2025-09-10 18:47:34 [main] INFO  tiempos - Duracion del proceso intercambiarReferencias: 89700 ns
2025-09-10 18:47:34 [main] INFO  tiempos - Duracion del proceso intercambiarReferencias: 28800 ns
2025-09-10 18:47:34 [main] INFO  tiempos - Duracion del proceso intercambiarReferencias: 54500 ns
2025-09-10 18:47:34 [main] INFO  tiempos - Duracion del proceso intercambiarReferencias: 30800 ns
2025-09-10 18:47:34 [main] INFO  tiempos - Duracion del proceso intercambiarReferencias: 87400 ns
2025-09-10 18:47:34 [main] INFO  tiempos - Duracion del proceso intercambiarReferencias: 26100 ns
2025-09-10 18:47:34 [main] INFO  tiempos - Duracion del proceso intercambiarReferencias: 80300 ns
2025-09-10 18:47:34 [main] INFO  tiempos - intercambiarReferencias duration: 0 ms
2025-09-10 18:47:34 [main] INFO  tiempos - Duracion del proceso intercambiarReferencias: 18500 ns
2025-09-10 18:47:34 [main] INFO  tiempos - Duracion del proceso intercambiarReferencias: 190400 ns
2025-09-10 18:47:34 [main] INFO  tiempos - Duracion del proceso intercambiarReferencias: 48600 ns
2025-09-10 18:47:34 [main] INFO  tiempos - Duracion del proceso intercambiarReferencias: 16600 ns
2025-09-10 18:47:34 [main] INFO  tiempos - Duracion del proceso intercambiarReferencias: 33600 ns
2025-09-10 18:47:34 [main] INFO  tiempos - Duracion del proceso intercambiarReferencias: 17200 ns
2025-09-10 18:47:34 [main] INFO  tiempos - Duracion del proceso intercambiarReferencias: 74900 ns
2025-09-10 18:47:34 [main] INFO  tiempos - Duracion del proceso intercambiarReferencias: 16700 ns
2025-09-10 18:47:34 [main] INFO  tiempos - Duracion de encriptarFrase: 2722600 ns
2025-09-10 18:47:34 [main] INFO  tiempos - intercambiarReferencias duration: 0 ms
2025-09-10 18:47:34 [main] INFO  tiempos - Duracion del proceso intercambiarReferencias: 20800 ns
2025-09-10 18:47:34 [main] INFO  tiempos - Duracion del proceso intercambiarReferencias: 52600 ns
2025-09-10 18:47:34 [main] INFO  tiempos - Duracion del proceso intercambiarReferencias: 17400 ns
2025-09-10 18:47:34 [main] INFO  tiempos - Duracion del proceso intercambiarReferencias: 33800 ns
2025-09-10 18:47:34 [main] INFO  tiempos - Duracion del proceso intercambiarReferencias: 51200 ns
2025-09-10 18:47:34 [main] INFO  tiempos - Duracion del proceso intercambiarReferencias: 53500 ns
2025-09-10 18:47:34 [main] INFO  tiempos - Duracion del proceso intercambiarReferencias: 17700 ns
2025-09-10 18:47:34 [main] INFO  tiempos - Duracion del proceso intercambiarReferencias: 51000 ns
2025-09-10 18:47:34 [main] INFO  tiempos - intercambiarReferencias duration: 0 ms
2025-09-10 18:47:34 [main] INFO  tiempos - Duracion del proceso intercambiarReferencias: 12400 ns
2025-09-10 18:47:34 [main] INFO  tiempos - Duracion del proceso intercambiarReferencias: 50000 ns
2025-09-10 18:47:34 [main] INFO  tiempos - Duracion del proceso intercambiarReferencias: 34700 ns
2025-09-10 18:47:34 [main] INFO  tiempos - Duracion del proceso intercambiarReferencias: 17400 ns
2025-09-10 18:47:34 [main] INFO  tiempos - Duracion del proceso intercambiarReferencias: 62300 ns
2025-09-10 18:47:34 [main] INFO  tiempos - Duracion del proceso intercambiarReferencias: 17600 ns
2025-09-10 18:47:34 [main] INFO  tiempos - Duracion del proceso intercambiarReferencias: 50700 ns
2025-09-10 18:47:34 [main] INFO  tiempos - Duracion del proceso intercambiarReferencias: 17300 ns
2025-09-10 18:47:34 [main] INFO  tiempos - Duracion de desencriptarFrase: 720000 ns
2025-09-10 18:47:34 [main] INFO  tiempos - Duracion del proceso intercambiarReferencias: 216800 ns
2025-09-10 18:47:34 [main] INFO  tiempos - Duracion del proceso intercambiarReferencias: 53000 ns
2025-09-10 18:47:34 [main] INFO  tiempos - Duracion del proceso intercambiarReferencias: 70800 ns
2025-09-10 18:47:34 [main] INFO  tiempos - Duracion del proceso intercambiarReferencias: 17100 ns
2025-09-10 18:47:34 [main] INFO  tiempos - Duracion del proceso intercambiarReferencias: 76700 ns
2025-09-10 18:47:34 [main] INFO  tiempos - Duracion del proceso intercambiarReferencias: 68600 ns
2025-09-10 18:47:34 [main] INFO  tiempos - intercambiarReferencias duration: 0 ms
2025-09-10 18:47:34 [main] INFO  tiempos - Duracion del proceso intercambiarReferencias: 12500 ns
2025-09-10 18:47:34 [main] INFO  tiempos - Duracion del proceso intercambiarReferencias: 21800 ns
2025-09-10 18:47:34 [main] INFO  tiempos - Duracion del proceso intercambiarReferencias: 34000 ns
2025-09-10 18:47:34 [main] INFO  tiempos - Duracion del proceso intercambiarReferencias: 53800 ns
2025-09-10 18:47:34 [main] INFO  tiempos - Duracion del proceso intercambiarReferencias: 17100 ns
2025-09-10 18:47:34 [main] INFO  tiempos - Duracion del proceso intercambiarReferencias: 117100 ns
2025-09-10 18:47:34 [main] INFO  tiempos - Duracion del proceso intercambiarReferencias: 17000 ns
2025-09-10 18:47:34 [main] INFO  tiempos - Duracion del proceso intercambiarReferencias: 16700 ns
2025-09-10 18:47:34 [main] INFO  tiempos - Duracion del proceso intercambiarReferencias: 50500 ns
2025-09-10 18:47:34 [main] INFO  tiempos - Duracion del proceso intercambiarReferencias: 34100 ns
2025-09-10 18:47:34 [main] INFO  tiempos - Duracion de encriptarFrase: 2757700 ns
2025-09-10 18:47:34 [main] INFO  tiempos - Duracion del proceso intercambiarReferencias: 41800 ns
2025-09-10 18:47:34 [main] INFO  tiempos - Duracion del proceso intercambiarReferencias: 98300 ns
2025-09-10 18:47:34 [main] INFO  tiempos - Duracion del proceso intercambiarReferencias: 34300 ns
2025-09-10 18:47:34 [main] INFO  tiempos - Duracion del proceso intercambiarReferencias: 17300 ns
2025-09-10 18:47:34 [main] INFO  tiempos - Duracion del proceso intercambiarReferencias: 50100 ns
2025-09-10 18:47:34 [main] INFO  tiempos - Duracion del proceso intercambiarReferencias: 67400 ns
2025-09-10 18:47:34 [main] INFO  tiempos - intercambiarReferencias duration: 0 ms
2025-09-10 18:47:34 [main] INFO  tiempos - Duracion del proceso intercambiarReferencias: 12600 ns
2025-09-10 18:47:34 [main] INFO  tiempos - Duracion del proceso intercambiarReferencias: 17200 ns
2025-09-10 18:47:34 [main] INFO  tiempos - Duracion del proceso intercambiarReferencias: 34900 ns
2025-09-10 18:47:34 [main] INFO  tiempos - Duracion del proceso intercambiarReferencias: 54900 ns
2025-09-10 18:47:34 [main] INFO  tiempos - Duracion del proceso intercambiarReferencias: 41100 ns
2025-09-10 18:47:34 [main] INFO  tiempos - Duracion del proceso intercambiarReferencias: 50300 ns
2025-09-10 18:47:34 [main] INFO  tiempos - Duracion del proceso intercambiarReferencias: 17100 ns
2025-09-10 18:47:34 [main] INFO  tiempos - Duracion del proceso intercambiarReferencias: 17200 ns
2025-09-10 18:47:34 [main] INFO  tiempos - Duracion del proceso intercambiarReferencias: 52000 ns
2025-09-10 18:47:34 [main] INFO  tiempos - Duracion del proceso intercambiarReferencias: 34000 ns
2025-09-10 18:47:34 [main] INFO  tiempos - Duracion de desencriptarFrase: 796300 ns
2025-09-10 18:47:34 [main] INFO  tiempos - Duracion del proceso intercambiarReferencias: 18400 ns
2025-09-10 18:47:34 [main] INFO  tiempos - Duracion del proceso intercambiarReferencias: 20700 ns
2025-09-10 18:47:34 [main] INFO  tiempos - Duracion del proceso intercambiarReferencias: 41300 ns
2025-09-10 18:47:34 [main] INFO  tiempos - Duracion del proceso intercambiarReferencias: 84400 ns
2025-09-10 18:47:34 [main] INFO  tiempos - Duracion del proceso intercambiarReferencias: 20000 ns
2025-09-10 18:47:34 [main] INFO  tiempos - Duracion del proceso intercambiarReferencias: 104600 ns
2025-09-10 18:47:34 [main] INFO  tiempos - Duracion del proceso intercambiarReferencias: 17300 ns
2025-09-10 18:47:34 [main] INFO  tiempos - Duracion del proceso intercambiarReferencias: 66400 ns
2025-09-10 18:47:34 [main] INFO  tiempos - Duracion del proceso intercambiarReferencias: 16500 ns
2025-09-10 18:47:34 [main] INFO  tiempos - Duracion del proceso intercambiarReferencias: 16700 ns
2025-09-10 18:47:34 [main] INFO  tiempos - Duracion del proceso intercambiarReferencias: 50300 ns
2025-09-10 18:47:34 [main] INFO  tiempos - Duracion de encriptarFrase: 1606600 ns
2025-09-10 18:47:34 [main] INFO  tiempos - Duracion del proceso intercambiarReferencias: 23600 ns
2025-09-10 18:47:34 [main] INFO  tiempos - Duracion del proceso intercambiarReferencias: 17800 ns
2025-09-10 18:47:34 [main] INFO  tiempos - Duracion del proceso intercambiarReferencias: 33300 ns
2025-09-10 18:47:34 [main] INFO  tiempos - Duracion del proceso intercambiarReferencias: 179900 ns
2025-09-10 18:47:34 [main] INFO  tiempos - Duracion del proceso intercambiarReferencias: 17400 ns
2025-09-10 18:47:34 [main] INFO  tiempos - Duracion del proceso intercambiarReferencias: 81900 ns
2025-09-10 18:47:34 [main] INFO  tiempos - Duracion del proceso intercambiarReferencias: 16600 ns
2025-09-10 18:47:34 [main] INFO  tiempos - Duracion del proceso intercambiarReferencias: 64800 ns
2025-09-10 18:47:34 [main] INFO  tiempos - Duracion del proceso intercambiarReferencias: 22800 ns
2025-09-10 18:47:34 [main] INFO  tiempos - Duracion del proceso intercambiarReferencias: 20100 ns
2025-09-10 18:47:34 [main] INFO  tiempos - Duracion del proceso intercambiarReferencias: 49900 ns
2025-09-10 18:47:34 [main] INFO  tiempos - Duracion de desencriptarFrase: 635100 ns
2025-09-10 18:47:34 [main] INFO  tiempos - Duracion del proceso intercambiarReferencias: 54600 ns
2025-09-10 18:47:34 [main] INFO  tiempos - Duracion del proceso intercambiarReferencias: 16900 ns
2025-09-10 18:47:34 [main] INFO  tiempos - Duracion del proceso intercambiarReferencias: 16700 ns
2025-09-10 18:47:34 [main] INFO  tiempos - Duracion del proceso intercambiarReferencias: 52700 ns
2025-09-10 18:47:34 [main] INFO  tiempos - Duracion del proceso intercambiarReferencias: 16800 ns
2025-09-10 18:47:34 [main] INFO  tiempos - Duracion del proceso intercambiarReferencias: 55100 ns
2025-09-10 18:47:34 [main] INFO  tiempos - Duracion del proceso intercambiarReferencias: 16200 ns
2025-09-10 18:47:34 [main] INFO  tiempos - Duracion del proceso intercambiarReferencias: 48300 ns
2025-09-10 18:47:34 [main] INFO  tiempos - Duracion del proceso intercambiarReferencias: 32600 ns
2025-09-10 18:47:34 [main] INFO  tiempos - Duracion del proceso intercambiarReferencias: 16200 ns
2025-09-10 18:47:34 [main] INFO  tiempos - Duracion de encriptarFrase: 1211800 ns
2025-09-10 18:47:34 [main] INFO  tiempos - Duracion del proceso intercambiarReferencias: 58500 ns
2025-09-10 18:47:34 [main] INFO  tiempos - Duracion del proceso intercambiarReferencias: 17400 ns
2025-09-10 18:47:34 [main] INFO  tiempos - Duracion del proceso intercambiarReferencias: 21300 ns
2025-09-10 18:47:34 [main] INFO  tiempos - Duracion del proceso intercambiarReferencias: 49400 ns
2025-09-10 18:47:34 [main] INFO  tiempos - Duracion del proceso intercambiarReferencias: 16500 ns
2025-09-10 18:47:34 [main] INFO  tiempos - Duracion del proceso intercambiarReferencias: 49100 ns
2025-09-10 18:47:34 [main] INFO  tiempos - Duracion del proceso intercambiarReferencias: 17000 ns
2025-09-10 18:47:34 [main] INFO  tiempos - Duracion del proceso intercambiarReferencias: 49600 ns
2025-09-10 18:47:34 [main] INFO  tiempos - Duracion del proceso intercambiarReferencias: 34500 ns
2025-09-10 18:47:34 [main] INFO  tiempos - Duracion del proceso intercambiarReferencias: 17500 ns
2025-09-10 18:47:34 [main] INFO  tiempos - Duracion de desencriptarFrase: 433700 ns
2025-09-10 18:47:34 [main] INFO  tiempos - Duracion del proceso intercambiarReferencias: 35800 ns
2025-09-10 18:47:34 [main] INFO  tiempos - Duracion del proceso intercambiarReferencias: 16500 ns
2025-09-10 18:47:34 [main] INFO  tiempos - Duracion del proceso intercambiarReferencias: 16900 ns
2025-09-10 18:47:34 [main] INFO  tiempos - Duracion del proceso intercambiarReferencias: 88600 ns
2025-09-10 18:47:34 [main] INFO  tiempos - Duracion del proceso intercambiarReferencias: 16200 ns
2025-09-10 18:47:34 [main] INFO  tiempos - Duracion del proceso intercambiarReferencias: 16200 ns
2025-09-10 18:47:34 [main] INFO  tiempos - Duracion del proceso intercambiarReferencias: 36600 ns
2025-09-10 18:47:34 [main] INFO  tiempos - Duracion del proceso intercambiarReferencias: 48700 ns
2025-09-10 18:47:34 [main] INFO  tiempos - Duracion del proceso intercambiarReferencias: 33300 ns
2025-09-10 18:47:34 [main] INFO  tiempos - Duracion del proceso intercambiarReferencias: 16400 ns
2025-09-10 18:47:34 [main] INFO  tiempos - Duracion del proceso intercambiarReferencias: 115500 ns
2025-09-10 18:47:34 [main] INFO  tiempos - Duracion de encriptarFrase: 1746600 ns
2025-09-10 18:47:34 [main] INFO  tiempos - Duracion del proceso intercambiarReferencias: 42400 ns
2025-09-10 18:47:34 [main] INFO  tiempos - Duracion del proceso intercambiarReferencias: 20300 ns
2025-09-10 18:47:34 [main] INFO  tiempos - Duracion del proceso intercambiarReferencias: 17100 ns
2025-09-10 18:47:34 [main] INFO  tiempos - Duracion del proceso intercambiarReferencias: 82900 ns
2025-09-10 18:47:34 [main] INFO  tiempos - Duracion del proceso intercambiarReferencias: 17000 ns
2025-09-10 18:47:34 [main] INFO  tiempos - Duracion del proceso intercambiarReferencias: 16500 ns
2025-09-10 18:47:34 [main] INFO  tiempos - Duracion del proceso intercambiarReferencias: 33600 ns
2025-09-10 18:47:34 [main] INFO  tiempos - Duracion del proceso intercambiarReferencias: 51500 ns
2025-09-10 18:47:34 [main] INFO  tiempos - Duracion del proceso intercambiarReferencias: 82600 ns
2025-09-10 18:47:34 [main] INFO  tiempos - Duracion del proceso intercambiarReferencias: 35600 ns
2025-09-10 18:47:34 [main] INFO  tiempos - Duracion del proceso intercambiarReferencias: 214700 ns
2025-09-10 18:47:34 [main] INFO  tiempos - Duracion de desencriptarFrase: 754400 ns
2025-09-10 18:47:34 [main] INFO  tiempos - Duracion del proceso intercambiarReferencias: 85400 ns
2025-09-10 18:47:34 [main] INFO  tiempos - Duracion del proceso intercambiarReferencias: 50500 ns
2025-09-10 18:47:34 [main] INFO  tiempos - Duracion del proceso intercambiarReferencias: 16600 ns
2025-09-10 18:47:34 [main] INFO  tiempos - Duracion del proceso intercambiarReferencias: 16800 ns
2025-09-10 18:47:34 [main] INFO  tiempos - Duracion del proceso intercambiarReferencias: 33300 ns
2025-09-10 18:47:34 [main] INFO  tiempos - Duracion de encriptarFrase: 796900 ns
2025-09-10 18:47:34 [main] INFO  tiempos - Duracion del proceso intercambiarReferencias: 91300 ns
2025-09-10 18:47:34 [main] INFO  tiempos - Duracion del proceso intercambiarReferencias: 71000 ns
2025-09-10 18:47:34 [main] INFO  tiempos - Duracion del proceso intercambiarReferencias: 19600 ns
2025-09-10 18:47:34 [main] INFO  tiempos - Duracion del proceso intercambiarReferencias: 17000 ns
2025-09-10 18:47:34 [main] INFO  tiempos - Duracion del proceso intercambiarReferencias: 33500 ns
2025-09-10 18:47:34 [main] INFO  tiempos - Duracion de desencriptarFrase: 299300 ns
2025-09-10 18:47:34 [main] INFO  tiempos - Duracion del proceso intercambiarReferencias: 35600 ns
2025-09-10 18:47:34 [main] INFO  tiempos - Duracion del proceso intercambiarReferencias: 130300 ns
2025-09-10 18:47:34 [main] INFO  tiempos - Duracion del proceso intercambiarReferencias: 54600 ns
2025-09-10 18:47:34 [main] INFO  tiempos - Duracion del proceso intercambiarReferencias: 33000 ns
2025-09-10 18:47:34 [main] INFO  tiempos - Duracion del proceso intercambiarReferencias: 16300 ns
2025-09-10 18:47:34 [main] INFO  tiempos - Duracion del proceso intercambiarReferencias: 46500 ns
2025-09-10 18:47:34 [main] INFO  tiempos - Duracion del proceso intercambiarReferencias: 16400 ns
2025-09-10 18:47:34 [main] INFO  tiempos - Duracion del proceso intercambiarReferencias: 16900 ns
2025-09-10 18:47:34 [main] INFO  tiempos - Duracion del proceso intercambiarReferencias: 36700 ns
2025-09-10 18:47:34 [main] INFO  tiempos - Duracion del proceso intercambiarReferencias: 65200 ns
2025-09-10 18:47:34 [main] INFO  tiempos - Duracion del proceso intercambiarReferencias: 54100 ns
2025-09-10 18:47:34 [main] INFO  tiempos - Duracion del proceso intercambiarReferencias: 110500 ns
2025-09-10 18:47:34 [main] INFO  tiempos - intercambiarReferencias duration: 0 ms
2025-09-10 18:47:34 [main] INFO  tiempos - Duracion del proceso intercambiarReferencias: 18600 ns
2025-09-10 18:47:34 [main] INFO  tiempos - Duracion del proceso intercambiarReferencias: 25800 ns
2025-09-10 18:47:34 [main] INFO  tiempos - Duracion del proceso intercambiarReferencias: 33700 ns
2025-09-10 18:47:34 [main] INFO  tiempos - Duracion del proceso intercambiarReferencias: 16300 ns
2025-09-10 18:47:34 [main] INFO  tiempos - Duracion del proceso intercambiarReferencias: 37000 ns
2025-09-10 18:47:34 [main] INFO  tiempos - Duracion del proceso intercambiarReferencias: 16400 ns
2025-09-10 18:47:34 [main] INFO  tiempos - Duracion del proceso intercambiarReferencias: 95400 ns
2025-09-10 18:47:34 [main] INFO  tiempos - Duracion del proceso intercambiarReferencias: 33400 ns
2025-09-10 18:47:34 [main] INFO  tiempos - Duracion del proceso intercambiarReferencias: 33400 ns
2025-09-10 18:47:34 [main] INFO  tiempos - Duracion del proceso intercambiarReferencias: 69700 ns
2025-09-10 18:47:34 [main] INFO  tiempos - Duracion de encriptarFrase: 3551100 ns
2025-09-10 18:47:34 [main] INFO  tiempos - Duracion del proceso intercambiarReferencias: 24000 ns
2025-09-10 18:47:34 [main] INFO  tiempos - Duracion del proceso intercambiarReferencias: 131700 ns
2025-09-10 18:47:34 [main] INFO  tiempos - Duracion del proceso intercambiarReferencias: 53500 ns
2025-09-10 18:47:34 [main] INFO  tiempos - Duracion del proceso intercambiarReferencias: 33800 ns
2025-09-10 18:47:34 [main] INFO  tiempos - Duracion del proceso intercambiarReferencias: 17500 ns
2025-09-10 18:47:34 [main] INFO  tiempos - Duracion del proceso intercambiarReferencias: 33000 ns
2025-09-10 18:47:34 [main] INFO  tiempos - Duracion del proceso intercambiarReferencias: 16500 ns
2025-09-10 18:47:34 [main] INFO  tiempos - Duracion del proceso intercambiarReferencias: 16800 ns
2025-09-10 18:47:34 [main] INFO  tiempos - Duracion del proceso intercambiarReferencias: 16300 ns
2025-09-10 18:47:34 [main] INFO  tiempos - Duracion del proceso intercambiarReferencias: 33200 ns
2025-09-10 18:47:34 [main] INFO  tiempos - Duracion del proceso intercambiarReferencias: 73400 ns
2025-09-10 18:47:34 [main] INFO  tiempos - Duracion del proceso intercambiarReferencias: 66700 ns
2025-09-10 18:47:34 [main] INFO  tiempos - intercambiarReferencias duration: 0 ms
2025-09-10 18:47:34 [main] INFO  tiempos - Duracion del proceso intercambiarReferencias: 12500 ns
2025-09-10 18:47:34 [main] INFO  tiempos - Duracion del proceso intercambiarReferencias: 16700 ns
2025-09-10 18:47:34 [main] INFO  tiempos - Duracion del proceso intercambiarReferencias: 33000 ns
2025-09-10 18:47:34 [main] INFO  tiempos - Duracion del proceso intercambiarReferencias: 17000 ns
2025-09-10 18:47:34 [main] INFO  tiempos - Duracion del proceso intercambiarReferencias: 33400 ns
2025-09-10 18:47:34 [main] INFO  tiempos - Duracion del proceso intercambiarReferencias: 18200 ns
2025-09-10 18:47:34 [main] INFO  tiempos - Duracion del proceso intercambiarReferencias: 52900 ns
2025-09-10 18:47:34 [main] INFO  tiempos - Duracion del proceso intercambiarReferencias: 33000 ns
2025-09-10 18:47:34 [main] INFO  tiempos - Duracion del proceso intercambiarReferencias: 33700 ns
2025-09-10 18:47:34 [main] INFO  tiempos - Duracion del proceso intercambiarReferencias: 66600 ns
2025-09-10 18:47:34 [main] INFO  tiempos - Duracion de desencriptarFrase: 1018800 ns
2025-09-10 18:47:34 [main] INFO  tiempos - Duracion del proceso intercambiarReferencias: 17200 ns
2025-09-10 18:47:34 [main] INFO  tiempos - Duracion del proceso intercambiarReferencias: 33000 ns
2025-09-10 18:47:34 [main] INFO  tiempos - Duracion del proceso intercambiarReferencias: 18900 ns
2025-09-10 18:47:34 [main] INFO  tiempos - Duracion del proceso intercambiarReferencias: 52000 ns
2025-09-10 18:47:34 [main] INFO  tiempos - Duracion del proceso intercambiarReferencias: 69000 ns
2025-09-10 18:47:34 [main] INFO  tiempos - Duracion del proceso intercambiarReferencias: 16500 ns
2025-09-10 18:47:34 [main] INFO  tiempos - Duracion del proceso intercambiarReferencias: 64900 ns
2025-09-10 18:47:34 [main] INFO  tiempos - Duracion del proceso intercambiarReferencias: 15900 ns
2025-09-10 18:47:34 [main] INFO  tiempos - Duracion del proceso intercambiarReferencias: 34800 ns
2025-09-10 18:47:34 [main] INFO  tiempos - Duracion del proceso intercambiarReferencias: 16300 ns
2025-09-10 18:47:34 [main] INFO  tiempos - Duracion del proceso intercambiarReferencias: 36200 ns
2025-09-10 18:47:34 [main] INFO  tiempos - Duracion del proceso intercambiarReferencias: 49100 ns
2025-09-10 18:47:34 [main] INFO  tiempos - Duracion del proceso intercambiarReferencias: 32400 ns
2025-09-10 18:47:34 [main] INFO  tiempos - Duracion del proceso intercambiarReferencias: 65900 ns
2025-09-10 18:47:34 [main] INFO  tiempos - Duracion del proceso intercambiarReferencias: 64900 ns
2025-09-10 18:47:34 [main] INFO  tiempos - Duracion del proceso intercambiarReferencias: 16000 ns
2025-09-10 18:47:34 [main] INFO  tiempos - Duracion del proceso intercambiarReferencias: 49800 ns
2025-09-10 18:47:34 [main] INFO  tiempos - Duracion de encriptarFrase: 2311300 ns
2025-09-10 18:47:34 [main] INFO  tiempos - Duracion del proceso intercambiarReferencias: 24400 ns
2025-09-10 18:47:34 [main] INFO  tiempos - Duracion del proceso intercambiarReferencias: 35600 ns
2025-09-10 18:47:34 [main] INFO  tiempos - Duracion del proceso intercambiarReferencias: 17600 ns
2025-09-10 18:47:34 [main] INFO  tiempos - Duracion del proceso intercambiarReferencias: 156800 ns
2025-09-10 18:47:34 [main] INFO  tiempos - Duracion del proceso intercambiarReferencias: 143600 ns
2025-09-10 18:47:34 [main] INFO  tiempos - Duracion del proceso intercambiarReferencias: 32400 ns
2025-09-10 18:47:34 [main] INFO  tiempos - Duracion del proceso intercambiarReferencias: 116100 ns
2025-09-10 18:47:34 [main] INFO  tiempos - Duracion del proceso intercambiarReferencias: 30400 ns
2025-09-10 18:47:34 [main] INFO  tiempos - Duracion del proceso intercambiarReferencias: 62400 ns
2025-09-10 18:47:34 [main] INFO  tiempos - Duracion del proceso intercambiarReferencias: 32800 ns
2025-09-10 18:47:34 [main] INFO  tiempos - Duracion del proceso intercambiarReferencias: 59700 ns
2025-09-10 18:47:34 [main] INFO  tiempos - Duracion del proceso intercambiarReferencias: 90400 ns
2025-09-10 18:47:34 [main] INFO  tiempos - Duracion del proceso intercambiarReferencias: 54500 ns
2025-09-10 18:47:34 [main] INFO  tiempos - Duracion del proceso intercambiarReferencias: 113800 ns
2025-09-10 18:47:34 [main] INFO  tiempos - Duracion del proceso intercambiarReferencias: 116600 ns
2025-09-10 18:47:34 [main] INFO  tiempos - Duracion del proceso intercambiarReferencias: 29600 ns
2025-09-10 18:47:34 [main] INFO  tiempos - Duracion del proceso intercambiarReferencias: 89200 ns
2025-09-10 18:47:34 [main] INFO  tiempos - Duracion de desencriptarFrase: 1449000 ns
2025-09-10 18:47:34 [main] INFO  tiempos - Duracion del proceso intercambiarReferencias: 30100 ns
2025-09-10 18:47:34 [main] INFO  tiempos - Duracion del proceso intercambiarReferencias: 16700 ns
2025-09-10 18:47:34 [main] INFO  tiempos - Duracion del proceso intercambiarReferencias: 51000 ns
2025-09-10 18:47:34 [main] INFO  tiempos - Duracion del proceso intercambiarReferencias: 16800 ns
2025-09-10 18:47:34 [main] INFO  tiempos - Duracion del proceso intercambiarReferencias: 32400 ns
2025-09-10 18:47:34 [main] INFO  tiempos - Duracion del proceso intercambiarReferencias: 37900 ns
2025-09-10 18:47:34 [main] INFO  tiempos - Duracion del proceso intercambiarReferencias: 84200 ns
2025-09-10 18:47:34 [main] INFO  tiempos - Duracion del proceso intercambiarReferencias: 63200 ns
2025-09-10 18:47:34 [main] INFO  tiempos - intercambiarReferencias duration: 0 ms
2025-09-10 18:47:34 [main] INFO  tiempos - Duracion del proceso intercambiarReferencias: 24200 ns
2025-09-10 18:47:34 [main] INFO  tiempos - Duracion del proceso intercambiarReferencias: 17900 ns
2025-09-10 18:47:34 [main] INFO  tiempos - Duracion del proceso intercambiarReferencias: 33200 ns
2025-09-10 18:47:34 [main] INFO  tiempos - Duracion de encriptarFrase: 1545000 ns
2025-09-10 18:47:34 [main] INFO  tiempos - Duracion del proceso intercambiarReferencias: 26400 ns
2025-09-10 18:47:34 [main] INFO  tiempos - Duracion del proceso intercambiarReferencias: 17900 ns
2025-09-10 18:47:34 [main] INFO  tiempos - Duracion del proceso intercambiarReferencias: 51000 ns
2025-09-10 18:47:34 [main] INFO  tiempos - Duracion del proceso intercambiarReferencias: 16400 ns
2025-09-10 18:47:34 [main] INFO  tiempos - Duracion del proceso intercambiarReferencias: 33000 ns
2025-09-10 18:47:34 [main] INFO  tiempos - Duracion del proceso intercambiarReferencias: 16500 ns
2025-09-10 18:47:34 [main] INFO  tiempos - Duracion del proceso intercambiarReferencias: 49700 ns
2025-09-10 18:47:34 [main] INFO  tiempos - Duracion del proceso intercambiarReferencias: 32900 ns
2025-09-10 18:47:34 [main] INFO  tiempos - intercambiarReferencias duration: 0 ms
2025-09-10 18:47:34 [main] INFO  tiempos - Duracion del proceso intercambiarReferencias: 13600 ns
2025-09-10 18:47:34 [main] INFO  tiempos - Duracion del proceso intercambiarReferencias: 16900 ns
2025-09-10 18:47:34 [main] INFO  tiempos - Duracion del proceso intercambiarReferencias: 33300 ns
2025-09-10 18:47:34 [main] INFO  tiempos - Duracion de desencriptarFrase: 415000 ns
2025-09-10 18:47:34 [main] INFO  tiempos - Duracion del proceso intercambiarReferencias: 52600 ns
2025-09-10 18:47:34 [main] INFO  tiempos - Duracion del proceso intercambiarReferencias: 33700 ns
2025-09-10 18:47:34 [main] INFO  tiempos - intercambiarReferencias duration: 0 ms
2025-09-10 18:47:34 [main] INFO  tiempos - Duracion del proceso intercambiarReferencias: 11900 ns
2025-09-10 18:47:34 [main] INFO  tiempos - Duracion del proceso intercambiarReferencias: 51500 ns
2025-09-10 18:47:34 [main] INFO  tiempos - Duracion del proceso intercambiarReferencias: 82300 ns
2025-09-10 18:47:34 [main] INFO  tiempos - Duracion del proceso intercambiarReferencias: 16700 ns
2025-09-10 18:47:34 [main] INFO  tiempos - Duracion del proceso intercambiarReferencias: 33000 ns
2025-09-10 18:47:34 [main] INFO  tiempos - Duracion del proceso intercambiarReferencias: 32500 ns
2025-09-10 18:47:34 [main] INFO  tiempos - Duracion del proceso intercambiarReferencias: 66800 ns
2025-09-10 18:47:34 [main] INFO  tiempos - Duracion del proceso intercambiarReferencias: 48600 ns
2025-09-10 18:47:34 [main] INFO  tiempos - Duracion del proceso intercambiarReferencias: 34200 ns
2025-09-10 18:47:34 [main] INFO  tiempos - Duracion del proceso intercambiarReferencias: 16200 ns
2025-09-10 18:47:34 [main] INFO  tiempos - Duracion del proceso intercambiarReferencias: 32800 ns
2025-09-10 18:47:34 [main] INFO  tiempos - Duracion del proceso intercambiarReferencias: 17600 ns
2025-09-10 18:47:34 [main] INFO  tiempos - Duracion del proceso intercambiarReferencias: 16400 ns
2025-09-10 18:47:34 [main] INFO  tiempos - Duracion del proceso intercambiarReferencias: 16200 ns
2025-09-10 18:47:34 [main] INFO  tiempos - Duracion del proceso intercambiarReferencias: 16100 ns
2025-09-10 18:47:34 [main] INFO  tiempos - Duracion del proceso intercambiarReferencias: 34000 ns
2025-09-10 18:47:34 [main] INFO  tiempos - Duracion del proceso intercambiarReferencias: 32300 ns
2025-09-10 18:47:34 [main] INFO  tiempos - Duracion del proceso intercambiarReferencias: 16200 ns
2025-09-10 18:47:34 [main] INFO  tiempos - Duracion del proceso intercambiarReferencias: 36100 ns
2025-09-10 18:47:34 [main] INFO  tiempos - Duracion del proceso intercambiarReferencias: 18200 ns
2025-09-10 18:47:34 [main] INFO  tiempos - Duracion del proceso intercambiarReferencias: 32300 ns
2025-09-10 18:47:34 [main] INFO  tiempos - Duracion del proceso intercambiarReferencias: 65300 ns
2025-09-10 18:47:34 [main] INFO  tiempos - Duracion de encriptarFrase: 2815500 ns
2025-09-10 18:47:34 [main] INFO  tiempos - Duracion del proceso intercambiarReferencias: 58600 ns
2025-09-10 18:47:34 [main] INFO  tiempos - Duracion del proceso intercambiarReferencias: 37800 ns
2025-09-10 18:47:34 [main] INFO  tiempos - intercambiarReferencias duration: 0 ms
2025-09-10 18:47:34 [main] INFO  tiempos - Duracion del proceso intercambiarReferencias: 13100 ns
2025-09-10 18:47:34 [main] INFO  tiempos - Duracion del proceso intercambiarReferencias: 49800 ns
2025-09-10 18:47:34 [main] INFO  tiempos - Duracion del proceso intercambiarReferencias: 84800 ns
2025-09-10 18:47:34 [main] INFO  tiempos - Duracion del proceso intercambiarReferencias: 35900 ns
2025-09-10 18:47:34 [main] INFO  tiempos - Duracion del proceso intercambiarReferencias: 37000 ns
2025-09-10 18:47:34 [main] INFO  tiempos - Duracion del proceso intercambiarReferencias: 36200 ns
2025-09-10 18:47:34 [main] INFO  tiempos - Duracion del proceso intercambiarReferencias: 70900 ns
2025-09-10 18:47:34 [main] INFO  tiempos - Duracion del proceso intercambiarReferencias: 49800 ns
2025-09-10 18:47:34 [main] INFO  tiempos - Duracion del proceso intercambiarReferencias: 33800 ns
2025-09-10 18:47:34 [main] INFO  tiempos - Duracion del proceso intercambiarReferencias: 17100 ns
2025-09-10 18:47:34 [main] INFO  tiempos - Duracion del proceso intercambiarReferencias: 33600 ns
2025-09-10 18:47:34 [main] INFO  tiempos - Duracion del proceso intercambiarReferencias: 16400 ns
2025-09-10 18:47:34 [main] INFO  tiempos - Duracion del proceso intercambiarReferencias: 82800 ns
2025-09-10 18:47:34 [main] INFO  tiempos - Duracion del proceso intercambiarReferencias: 17800 ns
2025-09-10 18:47:34 [main] INFO  tiempos - Duracion del proceso intercambiarReferencias: 16900 ns
2025-09-10 18:47:34 [main] INFO  tiempos - Duracion del proceso intercambiarReferencias: 33000 ns
2025-09-10 18:47:34 [main] INFO  tiempos - Duracion del proceso intercambiarReferencias: 33000 ns
2025-09-10 18:47:34 [main] INFO  tiempos - Duracion del proceso intercambiarReferencias: 16700 ns
2025-09-10 18:47:34 [main] INFO  tiempos - Duracion del proceso intercambiarReferencias: 32800 ns
2025-09-10 18:47:34 [main] INFO  tiempos - Duracion del proceso intercambiarReferencias: 16600 ns
2025-09-10 18:47:34 [main] INFO  tiempos - Duracion del proceso intercambiarReferencias: 32600 ns
2025-09-10 18:47:34 [main] INFO  tiempos - Duracion del proceso intercambiarReferencias: 69400 ns
2025-09-10 18:47:34 [main] INFO  tiempos - Duracion de desencriptarFrase: 1157800 ns
2025-09-10 18:47:34 [main] INFO  tiempos - Duracion del proceso intercambiarReferencias: 41000 ns
2025-09-10 18:47:34 [main] INFO  tiempos - Duracion del proceso intercambiarReferencias: 40600 ns
2025-09-10 18:47:34 [main] INFO  tiempos - Duracion del proceso intercambiarReferencias: 20300 ns
2025-09-10 18:47:34 [main] INFO  tiempos - Duracion del proceso intercambiarReferencias: 80400 ns
2025-09-10 18:47:34 [main] INFO  tiempos - Duracion del proceso intercambiarReferencias: 40700 ns
2025-09-10 18:47:34 [main] INFO  tiempos - Duracion del proceso intercambiarReferencias: 40100 ns
2025-09-10 18:47:34 [main] INFO  tiempos - Duracion del proceso intercambiarReferencias: 17100 ns
2025-09-10 18:47:34 [main] INFO  tiempos - Duracion del proceso intercambiarReferencias: 51600 ns
2025-09-10 18:47:34 [main] INFO  tiempos - Duracion del proceso intercambiarReferencias: 16400 ns
2025-09-10 18:47:34 [main] INFO  tiempos - Duracion del proceso intercambiarReferencias: 32300 ns
2025-09-10 18:47:34 [main] INFO  tiempos - Duracion del proceso intercambiarReferencias: 17900 ns
2025-09-10 18:47:34 [main] INFO  tiempos - Duracion del proceso intercambiarReferencias: 32200 ns
2025-09-10 18:47:34 [main] INFO  tiempos - Duracion del proceso intercambiarReferencias: 32500 ns
2025-09-10 18:47:34 [main] INFO  tiempos - Duracion del proceso intercambiarReferencias: 36500 ns
2025-09-10 18:47:34 [main] INFO  tiempos - Duracion del proceso intercambiarReferencias: 33500 ns
2025-09-10 18:47:34 [main] INFO  tiempos - Duracion del proceso intercambiarReferencias: 18600 ns
2025-09-10 18:47:34 [main] INFO  tiempos - Duracion del proceso intercambiarReferencias: 39900 ns
2025-09-10 18:47:34 [main] INFO  tiempos - Duracion del proceso intercambiarReferencias: 64400 ns
2025-09-10 18:47:34 [main] INFO  tiempos - Duracion de encriptarFrase: 2377800 ns
2025-09-10 18:47:34 [main] INFO  tiempos - Duracion del proceso intercambiarReferencias: 79100 ns
2025-09-10 18:47:34 [main] INFO  tiempos - Duracion del proceso intercambiarReferencias: 73000 ns
2025-09-10 18:47:34 [main] INFO  tiempos - Duracion del proceso intercambiarReferencias: 33600 ns
2025-09-10 18:47:34 [main] INFO  tiempos - Duracion del proceso intercambiarReferencias: 99900 ns
2025-09-10 18:47:34 [main] INFO  tiempos - Duracion del proceso intercambiarReferencias: 51800 ns
2025-09-10 18:47:34 [main] INFO  tiempos - Duracion del proceso intercambiarReferencias: 62800 ns
2025-09-10 18:47:34 [main] INFO  tiempos - Duracion del proceso intercambiarReferencias: 28700 ns
2025-09-10 18:47:34 [main] INFO  tiempos - Duracion del proceso intercambiarReferencias: 77000 ns
2025-09-10 18:47:34 [main] INFO  tiempos - Duracion del proceso intercambiarReferencias: 29000 ns
2025-09-10 18:47:34 [main] INFO  tiempos - Duracion del proceso intercambiarReferencias: 54700 ns
2025-09-10 18:47:34 [main] INFO  tiempos - Duracion del proceso intercambiarReferencias: 27200 ns
2025-09-10 18:47:34 [main] INFO  tiempos - Duracion del proceso intercambiarReferencias: 71000 ns
2025-09-10 18:47:34 [main] INFO  tiempos - Duracion del proceso intercambiarReferencias: 54300 ns
2025-09-10 18:47:34 [main] INFO  tiempos - Duracion del proceso intercambiarReferencias: 62200 ns
2025-09-10 18:47:34 [main] INFO  tiempos - Duracion del proceso intercambiarReferencias: 59000 ns
2025-09-10 18:47:34 [main] INFO  tiempos - Duracion del proceso intercambiarReferencias: 28400 ns
2025-09-10 18:47:34 [main] INFO  tiempos - Duracion del proceso intercambiarReferencias: 62200 ns
2025-09-10 18:47:34 [main] INFO  tiempos - Duracion del proceso intercambiarReferencias: 68900 ns
2025-09-10 18:47:34 [main] INFO  tiempos - Duracion de desencriptarFrase: 1328600 ns
2025-09-10 18:47:34 [main] INFO  tiempos - Duracion del proceso intercambiarReferencias: 17900 ns
2025-09-10 18:47:34 [main] INFO  tiempos - Duracion del proceso intercambiarReferencias: 50500 ns
2025-09-10 18:47:34 [main] INFO  tiempos - Duracion del proceso intercambiarReferencias: 16400 ns
2025-09-10 18:47:34 [main] INFO  tiempos - Duracion del proceso intercambiarReferencias: 82200 ns
2025-09-10 18:47:34 [main] INFO  tiempos - Duracion del proceso intercambiarReferencias: 17000 ns
2025-09-10 18:47:34 [main] INFO  tiempos - Duracion del proceso intercambiarReferencias: 16600 ns
2025-09-10 18:47:34 [main] INFO  tiempos - Duracion del proceso intercambiarReferencias: 33300 ns
2025-09-10 18:47:34 [main] INFO  tiempos - Duracion del proceso intercambiarReferencias: 16500 ns
2025-09-10 18:47:34 [main] INFO  tiempos - Duracion del proceso intercambiarReferencias: 33600 ns
2025-09-10 18:47:34 [main] INFO  tiempos - Duracion del proceso intercambiarReferencias: 16000 ns
2025-09-10 18:47:34 [main] INFO  tiempos - Duracion del proceso intercambiarReferencias: 89300 ns
2025-09-10 18:47:34 [main] INFO  tiempos - Duracion de encriptarFrase: 1329600 ns
2025-09-10 18:47:34 [main] INFO  tiempos - Duracion del proceso intercambiarReferencias: 23500 ns
2025-09-10 18:47:34 [main] INFO  tiempos - Duracion del proceso intercambiarReferencias: 57100 ns
2025-09-10 18:47:34 [main] INFO  tiempos - Duracion del proceso intercambiarReferencias: 36200 ns
2025-09-10 18:47:34 [main] INFO  tiempos - Duracion del proceso intercambiarReferencias: 162000 ns
2025-09-10 18:47:34 [main] INFO  tiempos - Duracion del proceso intercambiarReferencias: 35800 ns
2025-09-10 18:47:34 [main] INFO  tiempos - Duracion del proceso intercambiarReferencias: 82300 ns
2025-09-10 18:47:34 [main] INFO  tiempos - Duracion del proceso intercambiarReferencias: 64800 ns
2025-09-10 18:47:34 [main] INFO  tiempos - Duracion del proceso intercambiarReferencias: 33100 ns
2025-09-10 18:47:34 [main] INFO  tiempos - Duracion del proceso intercambiarReferencias: 69100 ns
2025-09-10 18:47:34 [main] INFO  tiempos - Duracion del proceso intercambiarReferencias: 38400 ns
2025-09-10 18:47:34 [main] INFO  tiempos - Duracion del proceso intercambiarReferencias: 36500 ns
2025-09-10 18:47:34 [main] INFO  tiempos - Duracion de desencriptarFrase: 807200 ns
2025-09-10 18:47:34 [main] INFO  tiempos - Duracion del proceso intercambiarReferencias: 50800 ns
2025-09-10 18:47:34 [main] INFO  tiempos - Duracion del proceso intercambiarReferencias: 16800 ns
2025-09-10 18:47:34 [main] INFO  tiempos - Duracion del proceso intercambiarReferencias: 87200 ns
2025-09-10 18:47:34 [main] INFO  tiempos - Duracion del proceso intercambiarReferencias: 53300 ns
2025-09-10 18:47:34 [main] INFO  tiempos - Duracion del proceso intercambiarReferencias: 19900 ns
2025-09-10 18:47:34 [main] INFO  tiempos - Duracion del proceso intercambiarReferencias: 36500 ns
2025-09-10 18:47:34 [main] INFO  tiempos - Duracion del proceso intercambiarReferencias: 18200 ns
2025-09-10 18:47:34 [main] INFO  tiempos - Duracion del proceso intercambiarReferencias: 33100 ns
2025-09-10 18:47:34 [main] INFO  tiempos - Duracion de encriptarFrase: 1131500 ns
2025-09-10 18:47:34 [main] INFO  tiempos - Duracion del proceso intercambiarReferencias: 55300 ns
2025-09-10 18:47:34 [main] INFO  tiempos - Duracion del proceso intercambiarReferencias: 17400 ns
2025-09-10 18:47:34 [main] INFO  tiempos - Duracion del proceso intercambiarReferencias: 50400 ns
2025-09-10 18:47:34 [main] INFO  tiempos - Duracion del proceso intercambiarReferencias: 49600 ns
2025-09-10 18:47:34 [main] INFO  tiempos - Duracion del proceso intercambiarReferencias: 18900 ns
2025-09-10 18:47:34 [main] INFO  tiempos - Duracion del proceso intercambiarReferencias: 35100 ns
2025-09-10 18:47:34 [main] INFO  tiempos - Duracion del proceso intercambiarReferencias: 17400 ns
2025-09-10 18:47:34 [main] INFO  tiempos - Duracion del proceso intercambiarReferencias: 33800 ns
2025-09-10 18:47:34 [main] INFO  tiempos - Duracion de desencriptarFrase: 359600 ns
2025-09-10 18:47:34 [main] INFO  tiempos - Duracion del proceso intercambiarReferencias: 21800 ns
2025-09-10 18:47:34 [main] INFO  tiempos - Duracion del proceso intercambiarReferencias: 61300 ns
2025-09-10 18:47:34 [main] INFO  tiempos - Duracion del proceso intercambiarReferencias: 21100 ns
2025-09-10 18:47:34 [main] INFO  tiempos - Duracion del proceso intercambiarReferencias: 42900 ns
2025-09-10 18:47:34 [main] INFO  tiempos - Duracion del proceso intercambiarReferencias: 40700 ns
2025-09-10 18:47:34 [main] INFO  tiempos - Duracion del proceso intercambiarReferencias: 40200 ns
2025-09-10 18:47:34 [main] INFO  tiempos - Duracion del proceso intercambiarReferencias: 33700 ns
2025-09-10 18:47:34 [main] INFO  tiempos - Duracion del proceso intercambiarReferencias: 16300 ns
2025-09-10 18:47:34 [main] INFO  tiempos - Duracion del proceso intercambiarReferencias: 36100 ns
2025-09-10 18:47:34 [main] INFO  tiempos - Duracion de encriptarFrase: 1189200 ns
2025-09-10 18:47:34 [main] INFO  tiempos - Duracion del proceso intercambiarReferencias: 24500 ns
2025-09-10 18:47:34 [main] INFO  tiempos - Duracion del proceso intercambiarReferencias: 51600 ns
2025-09-10 18:47:34 [main] INFO  tiempos - Duracion del proceso intercambiarReferencias: 18000 ns
2025-09-10 18:47:34 [main] INFO  tiempos - Duracion del proceso intercambiarReferencias: 33700 ns
2025-09-10 18:47:34 [main] INFO  tiempos - Duracion del proceso intercambiarReferencias: 33700 ns
2025-09-10 18:47:34 [main] INFO  tiempos - Duracion del proceso intercambiarReferencias: 33900 ns
2025-09-10 18:47:34 [main] INFO  tiempos - Duracion del proceso intercambiarReferencias: 36900 ns
2025-09-10 18:47:34 [main] INFO  tiempos - Duracion del proceso intercambiarReferencias: 17000 ns
2025-09-10 18:47:34 [main] INFO  tiempos - Duracion del proceso intercambiarReferencias: 33500 ns
2025-09-10 18:47:34 [main] INFO  tiempos - Duracion de desencriptarFrase: 380500 ns
2025-09-10 18:47:34 [main] INFO  tiempos - Duracion del proceso intercambiarReferencias: 83900 ns
2025-09-10 18:47:34 [main] INFO  tiempos - Duracion del proceso intercambiarReferencias: 25300 ns
2025-09-10 18:47:34 [main] INFO  tiempos - Duracion del proceso intercambiarReferencias: 24900 ns
2025-09-10 18:47:34 [main] INFO  tiempos - Duracion del proceso intercambiarReferencias: 25000 ns
2025-09-10 18:47:34 [main] INFO  tiempos - Duracion del proceso intercambiarReferencias: 54900 ns
2025-09-10 18:47:34 [main] INFO  tiempos - Duracion del proceso intercambiarReferencias: 25800 ns
2025-09-10 18:47:34 [main] INFO  tiempos - Duracion del proceso intercambiarReferencias: 50800 ns
2025-09-10 18:47:34 [main] INFO  tiempos - Duracion del proceso intercambiarReferencias: 99900 ns
2025-09-10 18:47:34 [main] INFO  tiempos - Duracion del proceso intercambiarReferencias: 26400 ns
2025-09-10 18:47:34 [main] INFO  tiempos - Duracion del proceso intercambiarReferencias: 25100 ns
2025-09-10 18:47:34 [main] INFO  tiempos - Duracion del proceso intercambiarReferencias: 18300 ns
2025-09-10 18:47:34 [main] INFO  tiempos - Duracion del proceso intercambiarReferencias: 32400 ns
2025-09-10 18:47:34 [main] INFO  tiempos - intercambiarReferencias duration: 0 ms
2025-09-10 18:47:34 [main] INFO  tiempos - Duracion del proceso intercambiarReferencias: 13600 ns
2025-09-10 18:47:34 [main] INFO  tiempos - Duracion del proceso intercambiarReferencias: 65000 ns
2025-09-10 18:47:34 [main] INFO  tiempos - Duracion del proceso intercambiarReferencias: 80700 ns
2025-09-10 18:47:34 [main] INFO  tiempos - Duracion del proceso intercambiarReferencias: 16400 ns
2025-09-10 18:47:34 [main] INFO  tiempos - Duracion del proceso intercambiarReferencias: 16200 ns
2025-09-10 18:47:34 [main] INFO  tiempos - Duracion del proceso intercambiarReferencias: 78100 ns
2025-09-10 18:47:34 [main] INFO  tiempos - Duracion de encriptarFrase: 2690900 ns
2025-09-10 18:47:34 [main] INFO  tiempos - Duracion del proceso intercambiarReferencias: 61200 ns
2025-09-10 18:47:34 [main] INFO  tiempos - Duracion del proceso intercambiarReferencias: 18400 ns
2025-09-10 18:47:34 [main] INFO  tiempos - Duracion del proceso intercambiarReferencias: 17300 ns
2025-09-10 18:47:34 [main] INFO  tiempos - Duracion del proceso intercambiarReferencias: 16900 ns
2025-09-10 18:47:34 [main] INFO  tiempos - Duracion del proceso intercambiarReferencias: 34200 ns
2025-09-10 18:47:34 [main] INFO  tiempos - Duracion del proceso intercambiarReferencias: 17200 ns
2025-09-10 18:47:34 [main] INFO  tiempos - Duracion del proceso intercambiarReferencias: 33400 ns
2025-09-10 18:47:34 [main] INFO  tiempos - Duracion del proceso intercambiarReferencias: 69500 ns
2025-09-10 18:47:34 [main] INFO  tiempos - Duracion del proceso intercambiarReferencias: 17300 ns
2025-09-10 18:47:34 [main] INFO  tiempos - Duracion del proceso intercambiarReferencias: 100800 ns
2025-09-10 18:47:34 [main] INFO  tiempos - Duracion del proceso intercambiarReferencias: 26100 ns
2025-09-10 18:47:34 [main] INFO  tiempos - Duracion del proceso intercambiarReferencias: 67700 ns
2025-09-10 18:47:34 [main] INFO  tiempos - intercambiarReferencias duration: 0 ms
2025-09-10 18:47:34 [main] INFO  tiempos - Duracion del proceso intercambiarReferencias: 13200 ns
2025-09-10 18:47:34 [main] INFO  tiempos - Duracion del proceso intercambiarReferencias: 68300 ns
2025-09-10 18:47:34 [main] INFO  tiempos - Duracion del proceso intercambiarReferencias: 88700 ns
2025-09-10 18:47:34 [main] INFO  tiempos - Duracion del proceso intercambiarReferencias: 17200 ns
2025-09-10 18:47:34 [main] INFO  tiempos - Duracion del proceso intercambiarReferencias: 16800 ns
2025-09-10 18:47:34 [main] INFO  tiempos - Duracion del proceso intercambiarReferencias: 50000 ns
2025-09-10 18:47:34 [main] INFO  tiempos - Duracion de desencriptarFrase: 958200 ns
2025-09-10 18:47:34 [main] INFO  tiempos - Duracion del proceso intercambiarReferencias: 46600 ns
2025-09-10 18:47:34 [main] INFO  tiempos - Duracion del proceso intercambiarReferencias: 49500 ns
2025-09-10 18:47:34 [main] INFO  tiempos - Duracion del proceso intercambiarReferencias: 36100 ns
2025-09-10 18:47:34 [main] INFO  tiempos - Duracion del proceso intercambiarReferencias: 16500 ns
2025-09-10 18:47:34 [main] INFO  tiempos - Duracion del proceso intercambiarReferencias: 32900 ns
2025-09-10 18:47:34 [main] INFO  tiempos - Duracion del proceso intercambiarReferencias: 16500 ns
2025-09-10 18:47:34 [main] INFO  tiempos - Duracion del proceso intercambiarReferencias: 16500 ns
2025-09-10 18:47:34 [main] INFO  tiempos - Duracion del proceso intercambiarReferencias: 57200 ns
2025-09-10 18:47:34 [main] INFO  tiempos - Duracion del proceso intercambiarReferencias: 16400 ns
2025-09-10 18:47:34 [main] INFO  tiempos - Duracion del proceso intercambiarReferencias: 49700 ns
2025-09-10 18:47:34 [main] INFO  tiempos - Duracion del proceso intercambiarReferencias: 16200 ns
2025-09-10 18:47:34 [main] INFO  tiempos - Duracion del proceso intercambiarReferencias: 67500 ns
2025-09-10 18:47:34 [main] INFO  tiempos - Duracion del proceso intercambiarReferencias: 24400 ns
2025-09-10 18:47:34 [main] INFO  tiempos - Duracion del proceso intercambiarReferencias: 93200 ns
2025-09-10 18:47:34 [main] INFO  tiempos - Duracion del proceso intercambiarReferencias: 34500 ns
2025-09-10 18:47:34 [main] INFO  tiempos - Duracion del proceso intercambiarReferencias: 33100 ns
2025-09-10 18:47:34 [main] INFO  tiempos - Duracion del proceso intercambiarReferencias: 83000 ns
2025-09-10 18:47:34 [main] INFO  tiempos - Duracion del proceso intercambiarReferencias: 16500 ns
2025-09-10 18:47:34 [main] INFO  tiempos - Duracion del proceso intercambiarReferencias: 18900 ns
2025-09-10 18:47:34 [main] INFO  tiempos - Duracion del proceso intercambiarReferencias: 37400 ns
2025-09-10 18:47:34 [main] INFO  tiempos - Duracion del proceso intercambiarReferencias: 52700 ns
2025-09-10 18:47:34 [main] INFO  tiempos - Duracion del proceso intercambiarReferencias: 16400 ns
2025-09-10 18:47:34 [main] INFO  tiempos - Duracion de encriptarFrase: 2970300 ns
2025-09-10 18:47:34 [main] INFO  tiempos - Duracion del proceso intercambiarReferencias: 68500 ns
2025-09-10 18:47:34 [main] INFO  tiempos - Duracion del proceso intercambiarReferencias: 86900 ns
2025-09-10 18:47:34 [main] INFO  tiempos - Duracion del proceso intercambiarReferencias: 54300 ns
2025-09-10 18:47:34 [main] INFO  tiempos - Duracion del proceso intercambiarReferencias: 162600 ns
2025-09-10 18:47:34 [main] INFO  tiempos - Duracion del proceso intercambiarReferencias: 37300 ns
2025-09-10 18:47:34 [main] INFO  tiempos - Duracion del proceso intercambiarReferencias: 17400 ns
2025-09-10 18:47:34 [main] INFO  tiempos - Duracion del proceso intercambiarReferencias: 17400 ns
2025-09-10 18:47:34 [main] INFO  tiempos - Duracion del proceso intercambiarReferencias: 35500 ns
2025-09-10 18:47:34 [main] INFO  tiempos - Duracion del proceso intercambiarReferencias: 17400 ns
2025-09-10 18:47:34 [main] INFO  tiempos - Duracion del proceso intercambiarReferencias: 51200 ns
2025-09-10 18:47:34 [main] INFO  tiempos - Duracion del proceso intercambiarReferencias: 18000 ns
2025-09-10 18:47:34 [main] INFO  tiempos - Duracion del proceso intercambiarReferencias: 54200 ns
2025-09-10 18:47:34 [main] INFO  tiempos - Duracion del proceso intercambiarReferencias: 17800 ns
2025-09-10 18:47:34 [main] INFO  tiempos - Duracion del proceso intercambiarReferencias: 86000 ns
2025-09-10 18:47:34 [main] INFO  tiempos - Duracion del proceso intercambiarReferencias: 35600 ns
2025-09-10 18:47:34 [main] INFO  tiempos - Duracion del proceso intercambiarReferencias: 37800 ns
2025-09-10 18:47:34 [main] INFO  tiempos - Duracion del proceso intercambiarReferencias: 86600 ns
2025-09-10 18:47:34 [main] INFO  tiempos - Duracion del proceso intercambiarReferencias: 17500 ns
2025-09-10 18:47:34 [main] INFO  tiempos - Duracion del proceso intercambiarReferencias: 16900 ns
2025-09-10 18:47:34 [main] INFO  tiempos - Duracion del proceso intercambiarReferencias: 34200 ns
2025-09-10 18:47:34 [main] INFO  tiempos - Duracion del proceso intercambiarReferencias: 51100 ns
2025-09-10 18:47:34 [main] INFO  tiempos - Duracion del proceso intercambiarReferencias: 16900 ns
2025-09-10 18:47:34 [main] INFO  tiempos - Duracion de desencriptarFrase: 1250200 ns
2025-09-10 18:47:34 [main] INFO  tiempos - Duracion del proceso intercambiarReferencias: 26500 ns
2025-09-10 18:47:34 [main] INFO  tiempos - Duracion del proceso intercambiarReferencias: 129200 ns
2025-09-10 18:47:34 [main] INFO  tiempos - Duracion del proceso intercambiarReferencias: 76800 ns
2025-09-10 18:47:34 [main] INFO  tiempos - Duracion del proceso intercambiarReferencias: 77000 ns
2025-09-10 18:47:34 [main] INFO  tiempos - Duracion del proceso intercambiarReferencias: 25200 ns
2025-09-10 18:47:34 [main] INFO  tiempos - Duracion del proceso intercambiarReferencias: 125900 ns
2025-09-10 18:47:34 [main] INFO  tiempos - Duracion del proceso intercambiarReferencias: 27800 ns
2025-09-10 18:47:34 [main] INFO  tiempos - Duracion del proceso intercambiarReferencias: 52700 ns
2025-09-10 18:47:34 [main] INFO  tiempos - intercambiarReferencias duration: 0 ms
2025-09-10 18:47:34 [main] INFO  tiempos - Duracion del proceso intercambiarReferencias: 18100 ns
2025-09-10 18:47:34 [main] INFO  tiempos - Duracion del proceso intercambiarReferencias: 76800 ns
2025-09-10 18:47:34 [main] INFO  tiempos - Duracion del proceso intercambiarReferencias: 25400 ns
2025-09-10 18:47:34 [main] INFO  tiempos - Duracion del proceso intercambiarReferencias: 65400 ns
2025-09-10 18:47:34 [main] INFO  tiempos - Duracion de encriptarFrase: 2557700 ns
2025-09-10 18:47:34 [main] INFO  tiempos - Duracion del proceso intercambiarReferencias: 30400 ns
2025-09-10 18:47:34 [main] INFO  tiempos - Duracion del proceso intercambiarReferencias: 103000 ns
2025-09-10 18:47:34 [main] INFO  tiempos - Duracion del proceso intercambiarReferencias: 61300 ns
2025-09-10 18:47:34 [main] INFO  tiempos - Duracion del proceso intercambiarReferencias: 53300 ns
2025-09-10 18:47:34 [main] INFO  tiempos - Duracion del proceso intercambiarReferencias: 17100 ns
2025-09-10 18:47:34 [main] INFO  tiempos - Duracion del proceso intercambiarReferencias: 85900 ns
2025-09-10 18:47:34 [main] INFO  tiempos - Duracion del proceso intercambiarReferencias: 16900 ns
2025-09-10 18:47:34 [main] INFO  tiempos - Duracion del proceso intercambiarReferencias: 33600 ns
2025-09-10 18:47:34 [main] INFO  tiempos - intercambiarReferencias duration: 0 ms
2025-09-10 18:47:34 [main] INFO  tiempos - Duracion del proceso intercambiarReferencias: 12400 ns
2025-09-10 18:47:34 [main] INFO  tiempos - Duracion del proceso intercambiarReferencias: 52200 ns
2025-09-10 18:47:34 [main] INFO  tiempos - Duracion del proceso intercambiarReferencias: 17100 ns
2025-09-10 18:47:34 [main] INFO  tiempos - Duracion del proceso intercambiarReferencias: 53100 ns
2025-09-10 18:47:34 [main] INFO  tiempos - Duracion de desencriptarFrase: 662300 ns
2025-09-10 18:47:34 [main] INFO  tiempos - intercambiarReferencias duration: 0 ms
2025-09-10 18:47:34 [main] INFO  tiempos - Duracion del proceso intercambiarReferencias: 20400 ns
2025-09-10 18:47:34 [main] INFO  tiempos - Duracion del proceso intercambiarReferencias: 50900 ns
2025-09-10 18:47:34 [main] INFO  tiempos - Duracion del proceso intercambiarReferencias: 55700 ns
2025-09-10 18:47:34 [main] INFO  tiempos - Duracion del proceso intercambiarReferencias: 39400 ns
2025-09-10 18:47:34 [main] INFO  tiempos - Duracion del proceso intercambiarReferencias: 71800 ns
2025-09-10 18:47:34 [main] INFO  tiempos - Duracion del proceso intercambiarReferencias: 20000 ns
2025-09-10 18:47:34 [main] INFO  tiempos - Duracion del proceso intercambiarReferencias: 34500 ns
2025-09-10 18:47:34 [main] INFO  tiempos - intercambiarReferencias duration: 0 ms
2025-09-10 18:47:34 [main] INFO  tiempos - Duracion del proceso intercambiarReferencias: 11700 ns
2025-09-10 18:47:34 [main] INFO  tiempos - Duracion del proceso intercambiarReferencias: 63900 ns
2025-09-10 18:47:34 [main] INFO  tiempos - Duracion del proceso intercambiarReferencias: 32500 ns
2025-09-10 18:47:34 [main] INFO  tiempos - Duracion del proceso intercambiarReferencias: 35400 ns
2025-09-10 18:47:34 [main] INFO  tiempos - Duracion del proceso intercambiarReferencias: 86500 ns
2025-09-10 18:47:34 [main] INFO  tiempos - Duracion del proceso intercambiarReferencias: 80300 ns
2025-09-10 18:47:34 [main] INFO  tiempos - Duracion del proceso intercambiarReferencias: 64400 ns
2025-09-10 18:47:34 [main] INFO  tiempos - Duracion del proceso intercambiarReferencias: 32300 ns
2025-09-10 18:47:34 [main] INFO  tiempos - Duracion del proceso intercambiarReferencias: 35400 ns
2025-09-10 18:47:34 [main] INFO  tiempos - Duracion del proceso intercambiarReferencias: 49500 ns
2025-09-10 18:47:34 [main] INFO  tiempos - Duracion del proceso intercambiarReferencias: 32700 ns
2025-09-10 18:47:34 [main] INFO  tiempos - Duracion del proceso intercambiarReferencias: 16300 ns
2025-09-10 18:47:34 [main] INFO  tiempos - Duracion del proceso intercambiarReferencias: 23300 ns
2025-09-10 18:47:34 [main] INFO  tiempos - Duracion del proceso intercambiarReferencias: 65400 ns
2025-09-10 18:47:34 [main] INFO  tiempos - Duracion del proceso intercambiarReferencias: 76900 ns
2025-09-10 18:47:34 [main] INFO  tiempos - Duracion del proceso intercambiarReferencias: 16100 ns
2025-09-10 18:47:34 [main] INFO  tiempos - Duracion del proceso intercambiarReferencias: 37600 ns
2025-09-10 18:47:34 [main] INFO  tiempos - Duracion del proceso intercambiarReferencias: 16200 ns
2025-09-10 18:47:34 [main] INFO  tiempos - Duracion del proceso intercambiarReferencias: 79800 ns
2025-09-10 18:47:34 [main] INFO  tiempos - Duracion de encriptarFrase: 4053700 ns
2025-09-10 18:47:34 [main] INFO  tiempos - intercambiarReferencias duration: 0 ms
2025-09-10 18:47:34 [main] INFO  tiempos - Duracion del proceso intercambiarReferencias: 30500 ns
2025-09-10 18:47:34 [main] INFO  tiempos - Duracion del proceso intercambiarReferencias: 37500 ns
2025-09-10 18:47:34 [main] INFO  tiempos - Duracion del proceso intercambiarReferencias: 34600 ns
2025-09-10 18:47:34 [main] INFO  tiempos - Duracion del proceso intercambiarReferencias: 35300 ns
2025-09-10 18:47:34 [main] INFO  tiempos - Duracion del proceso intercambiarReferencias: 68600 ns
2025-09-10 18:47:34 [main] INFO  tiempos - Duracion del proceso intercambiarReferencias: 17700 ns
2025-09-10 18:47:34 [main] INFO  tiempos - Duracion del proceso intercambiarReferencias: 42700 ns
2025-09-10 18:47:34 [main] INFO  tiempos - intercambiarReferencias duration: 0 ms
2025-09-10 18:47:34 [main] INFO  tiempos - Duracion del proceso intercambiarReferencias: 12400 ns
2025-09-10 18:47:34 [main] INFO  tiempos - Duracion del proceso intercambiarReferencias: 68500 ns
2025-09-10 18:47:34 [main] INFO  tiempos - Duracion del proceso intercambiarReferencias: 35000 ns
2025-09-10 18:47:34 [main] INFO  tiempos - Duracion del proceso intercambiarReferencias: 34700 ns
2025-09-10 18:47:34 [main] INFO  tiempos - Duracion del proceso intercambiarReferencias: 50600 ns
2025-09-10 18:47:34 [main] INFO  tiempos - Duracion del proceso intercambiarReferencias: 88500 ns
2025-09-10 18:47:34 [main] INFO  tiempos - Duracion del proceso intercambiarReferencias: 68100 ns
2025-09-10 18:47:34 [main] INFO  tiempos - Duracion del proceso intercambiarReferencias: 34500 ns
2025-09-10 18:47:34 [main] INFO  tiempos - Duracion del proceso intercambiarReferencias: 33900 ns
2025-09-10 18:47:34 [main] INFO  tiempos - Duracion del proceso intercambiarReferencias: 52700 ns
2025-09-10 18:47:34 [main] INFO  tiempos - Duracion del proceso intercambiarReferencias: 38300 ns
2025-09-10 18:47:34 [main] INFO  tiempos - Duracion del proceso intercambiarReferencias: 17000 ns
2025-09-10 18:47:34 [main] INFO  tiempos - Duracion del proceso intercambiarReferencias: 16600 ns
2025-09-10 18:47:34 [main] INFO  tiempos - Duracion del proceso intercambiarReferencias: 16500 ns
2025-09-10 18:47:34 [main] INFO  tiempos - Duracion del proceso intercambiarReferencias: 33100 ns
2025-09-10 18:47:34 [main] INFO  tiempos - Duracion del proceso intercambiarReferencias: 16800 ns
2025-09-10 18:47:34 [main] INFO  tiempos - Duracion del proceso intercambiarReferencias: 33700 ns
2025-09-10 18:47:34 [main] INFO  tiempos - Duracion del proceso intercambiarReferencias: 17100 ns
2025-09-10 18:47:34 [main] INFO  tiempos - Duracion del proceso intercambiarReferencias: 52900 ns
2025-09-10 18:47:34 [main] INFO  tiempos - Duracion de desencriptarFrase: 1256400 ns
2025-09-10 18:47:34 [main] INFO  tiempos - Duracion del proceso intercambiarReferencias: 17700 ns
2025-09-10 18:47:34 [main] INFO  tiempos - Duracion del proceso intercambiarReferencias: 61200 ns
2025-09-10 18:47:34 [main] INFO  tiempos - Duracion del proceso intercambiarReferencias: 16800 ns
2025-09-10 18:47:34 [main] INFO  tiempos - Duracion del proceso intercambiarReferencias: 69200 ns
2025-09-10 18:47:34 [main] INFO  tiempos - Duracion del proceso intercambiarReferencias: 16500 ns
2025-09-10 18:47:34 [main] INFO  tiempos - Duracion del proceso intercambiarReferencias: 68400 ns
2025-09-10 18:47:34 [main] INFO  tiempos - Duracion del proceso intercambiarReferencias: 16600 ns
2025-09-10 18:47:34 [main] INFO  tiempos - Duracion del proceso intercambiarReferencias: 32700 ns
2025-09-10 18:47:34 [main] INFO  tiempos - Duracion del proceso intercambiarReferencias: 16400 ns
2025-09-10 18:47:34 [main] INFO  tiempos - Duracion del proceso intercambiarReferencias: 32600 ns
2025-09-10 18:47:34 [main] INFO  tiempos - Duracion del proceso intercambiarReferencias: 34700 ns
2025-09-10 18:47:34 [main] INFO  tiempos - Duracion del proceso intercambiarReferencias: 32600 ns
2025-09-10 18:47:34 [main] INFO  tiempos - intercambiarReferencias duration: 0 ms
2025-09-10 18:47:34 [main] INFO  tiempos - Duracion del proceso intercambiarReferencias: 11700 ns
2025-09-10 18:47:34 [main] INFO  tiempos - Duracion del proceso intercambiarReferencias: 57000 ns
2025-09-10 18:47:34 [main] INFO  tiempos - Duracion del proceso intercambiarReferencias: 32500 ns
2025-09-10 18:47:34 [main] INFO  tiempos - Duracion del proceso intercambiarReferencias: 35800 ns
2025-09-10 18:47:34 [main] INFO  tiempos - Duracion del proceso intercambiarReferencias: 16300 ns
2025-09-10 18:47:34 [main] INFO  tiempos - Duracion del proceso intercambiarReferencias: 16200 ns
2025-09-10 18:47:34 [main] INFO  tiempos - Duracion del proceso intercambiarReferencias: 50500 ns
2025-09-10 18:47:34 [main] INFO  tiempos - Duracion del proceso intercambiarReferencias: 17000 ns
2025-09-10 18:47:34 [main] INFO  tiempos - Duracion del proceso intercambiarReferencias: 16300 ns
2025-09-10 18:47:34 [main] INFO  tiempos - Duracion del proceso intercambiarReferencias: 65100 ns
2025-09-10 18:47:34 [main] INFO  tiempos - Duracion del proceso intercambiarReferencias: 15900 ns
2025-09-10 18:47:34 [main] INFO  tiempos - Duracion del proceso intercambiarReferencias: 32300 ns
2025-09-10 18:47:34 [main] INFO  tiempos - Duracion del proceso intercambiarReferencias: 68700 ns
2025-09-10 18:47:34 [main] INFO  tiempos - Duracion del proceso intercambiarReferencias: 16200 ns
2025-09-10 18:47:34 [main] INFO  tiempos - Duracion del proceso intercambiarReferencias: 56800 ns
2025-09-10 18:47:34 [main] INFO  tiempos - Duracion del proceso intercambiarReferencias: 21300 ns
2025-09-10 18:47:34 [main] INFO  tiempos - Duracion de encriptarFrase: 3403600 ns
2025-09-10 18:47:34 [main] INFO  tiempos - Duracion del proceso intercambiarReferencias: 25900 ns
2025-09-10 18:47:34 [main] INFO  tiempos - Duracion del proceso intercambiarReferencias: 52400 ns
2025-09-10 18:47:34 [main] INFO  tiempos - Duracion del proceso intercambiarReferencias: 16900 ns
2025-09-10 18:47:34 [main] INFO  tiempos - Duracion del proceso intercambiarReferencias: 66200 ns
2025-09-10 18:47:34 [main] INFO  tiempos - Duracion del proceso intercambiarReferencias: 16500 ns
2025-09-10 18:47:34 [main] INFO  tiempos - Duracion del proceso intercambiarReferencias: 70400 ns
2025-09-10 18:47:34 [main] INFO  tiempos - Duracion del proceso intercambiarReferencias: 17100 ns
2025-09-10 18:47:34 [main] INFO  tiempos - Duracion del proceso intercambiarReferencias: 33200 ns
2025-09-10 18:47:34 [main] INFO  tiempos - Duracion del proceso intercambiarReferencias: 16500 ns
2025-09-10 18:47:34 [main] INFO  tiempos - Duracion del proceso intercambiarReferencias: 33200 ns
2025-09-10 18:47:34 [main] INFO  tiempos - Duracion del proceso intercambiarReferencias: 33000 ns
2025-09-10 18:47:34 [main] INFO  tiempos - Duracion del proceso intercambiarReferencias: 33200 ns
2025-09-10 18:47:34 [main] INFO  tiempos - intercambiarReferencias duration: 0 ms
2025-09-10 18:47:34 [main] INFO  tiempos - Duracion del proceso intercambiarReferencias: 12000 ns
2025-09-10 18:47:34 [main] INFO  tiempos - Duracion del proceso intercambiarReferencias: 64100 ns
2025-09-10 18:47:34 [main] INFO  tiempos - Duracion del proceso intercambiarReferencias: 34300 ns
2025-09-10 18:47:34 [main] INFO  tiempos - Duracion del proceso intercambiarReferencias: 32600 ns
2025-09-10 18:47:34 [main] INFO  tiempos - Duracion del proceso intercambiarReferencias: 16900 ns
2025-09-10 18:47:34 [main] INFO  tiempos - Duracion del proceso intercambiarReferencias: 16600 ns
2025-09-10 18:47:34 [main] INFO  tiempos - Duracion del proceso intercambiarReferencias: 49300 ns
2025-09-10 18:47:34 [main] INFO  tiempos - Duracion del proceso intercambiarReferencias: 16600 ns
2025-09-10 18:47:34 [main] INFO  tiempos - Duracion del proceso intercambiarReferencias: 16500 ns
2025-09-10 18:47:34 [main] INFO  tiempos - Duracion del proceso intercambiarReferencias: 103800 ns
2025-09-10 18:47:34 [main] INFO  tiempos - Duracion del proceso intercambiarReferencias: 16700 ns
2025-09-10 18:47:34 [main] INFO  tiempos - Duracion del proceso intercambiarReferencias: 32600 ns
2025-09-10 18:47:34 [main] INFO  tiempos - Duracion del proceso intercambiarReferencias: 67700 ns
2025-09-10 18:47:34 [main] INFO  tiempos - Duracion del proceso intercambiarReferencias: 16200 ns
2025-09-10 18:47:34 [main] INFO  tiempos - Duracion del proceso intercambiarReferencias: 35100 ns
2025-09-10 18:47:34 [main] INFO  tiempos - Duracion del proceso intercambiarReferencias: 17900 ns
2025-09-10 18:47:34 [main] INFO  tiempos - Duracion de desencriptarFrase: 1194400 ns
2025-09-10 18:47:34 [main] INFO  tiempos - Duracion del proceso intercambiarReferencias: 52700 ns
2025-09-10 18:47:34 [main] INFO  tiempos - Duracion del proceso intercambiarReferencias: 82900 ns
2025-09-10 18:47:34 [main] INFO  tiempos - Duracion del proceso intercambiarReferencias: 103000 ns
2025-09-10 18:47:34 [main] INFO  tiempos - Duracion del proceso intercambiarReferencias: 49600 ns
2025-09-10 18:47:34 [main] INFO  tiempos - Duracion del proceso intercambiarReferencias: 154500 ns
2025-09-10 18:47:34 [main] INFO  tiempos - Duracion del proceso intercambiarReferencias: 52000 ns
2025-09-10 18:47:34 [main] INFO  tiempos - Duracion del proceso intercambiarReferencias: 18100 ns
2025-09-10 18:47:34 [main] INFO  tiempos - Duracion del proceso intercambiarReferencias: 33300 ns
2025-09-10 18:47:34 [main] INFO  tiempos - Duracion del proceso intercambiarReferencias: 51600 ns
2025-09-10 18:47:34 [main] INFO  tiempos - Duracion del proceso intercambiarReferencias: 33500 ns
2025-09-10 18:47:34 [main] INFO  tiempos - Duracion del proceso intercambiarReferencias: 53000 ns
2025-09-10 18:47:34 [main] INFO  tiempos - Duracion del proceso intercambiarReferencias: 33500 ns
2025-09-10 18:47:34 [main] INFO  tiempos - Duracion del proceso intercambiarReferencias: 35400 ns
2025-09-10 18:47:34 [main] INFO  tiempos - Duracion del proceso intercambiarReferencias: 77600 ns
2025-09-10 18:47:34 [main] INFO  tiempos - Duracion del proceso intercambiarReferencias: 77200 ns
2025-09-10 18:47:34 [main] INFO  tiempos - Duracion de encriptarFrase: 3024500 ns
2025-09-10 18:47:34 [main] INFO  tiempos - Duracion del proceso intercambiarReferencias: 96400 ns
2025-09-10 18:47:34 [main] INFO  tiempos - Duracion del proceso intercambiarReferencias: 80500 ns
2025-09-10 18:47:34 [main] INFO  tiempos - Duracion del proceso intercambiarReferencias: 84000 ns
2025-09-10 18:47:34 [main] INFO  tiempos - Duracion del proceso intercambiarReferencias: 34900 ns
2025-09-10 18:47:34 [main] INFO  tiempos - Duracion del proceso intercambiarReferencias: 67800 ns
2025-09-10 18:47:34 [main] INFO  tiempos - Duracion del proceso intercambiarReferencias: 87700 ns
2025-09-10 18:47:34 [main] INFO  tiempos - Duracion del proceso intercambiarReferencias: 17800 ns
2025-09-10 18:47:34 [main] INFO  tiempos - Duracion del proceso intercambiarReferencias: 34400 ns
2025-09-10 18:47:34 [main] INFO  tiempos - Duracion del proceso intercambiarReferencias: 51000 ns
2025-09-10 18:47:34 [main] INFO  tiempos - Duracion del proceso intercambiarReferencias: 34300 ns
2025-09-10 18:47:34 [main] INFO  tiempos - Duracion del proceso intercambiarReferencias: 50400 ns
2025-09-10 18:47:34 [main] INFO  tiempos - Duracion del proceso intercambiarReferencias: 36300 ns
2025-09-10 18:47:34 [main] INFO  tiempos - Duracion del proceso intercambiarReferencias: 33700 ns
2025-09-10 18:47:34 [main] INFO  tiempos - Duracion del proceso intercambiarReferencias: 107400 ns
2025-09-10 18:47:34 [main] INFO  tiempos - Duracion del proceso intercambiarReferencias: 67200 ns
2025-09-10 18:47:34 [main] INFO  tiempos - Duracion de desencriptarFrase: 1048200 ns
2025-09-10 18:47:34 [main] INFO  tiempos - intercambiarReferencias duration: 0 ms
2025-09-10 18:47:34 [main] INFO  tiempos - Duracion del proceso intercambiarReferencias: 19100 ns
2025-09-10 18:47:34 [main] INFO  tiempos - Duracion del proceso intercambiarReferencias: 41500 ns
2025-09-10 18:47:34 [main] INFO  tiempos - Duracion del proceso intercambiarReferencias: 20800 ns
2025-09-10 18:47:34 [main] INFO  tiempos - Duracion del proceso intercambiarReferencias: 43300 ns
2025-09-10 18:47:34 [main] INFO  tiempos - Duracion del proceso intercambiarReferencias: 82500 ns
2025-09-10 18:47:34 [main] INFO  tiempos - Duracion del proceso intercambiarReferencias: 20500 ns
2025-09-10 18:47:34 [main] INFO  tiempos - Duracion del proceso intercambiarReferencias: 41300 ns
2025-09-10 18:47:34 [main] INFO  tiempos - Duracion de encriptarFrase: 977000 ns
2025-09-10 18:47:34 [main] INFO  tiempos - intercambiarReferencias duration: 0 ms
2025-09-10 18:47:34 [main] INFO  tiempos - Duracion del proceso intercambiarReferencias: 16500 ns
2025-09-10 18:47:34 [main] INFO  tiempos - Duracion del proceso intercambiarReferencias: 34700 ns
2025-09-10 18:47:34 [main] INFO  tiempos - Duracion del proceso intercambiarReferencias: 17300 ns
2025-09-10 18:47:34 [main] INFO  tiempos - Duracion del proceso intercambiarReferencias: 38200 ns
2025-09-10 18:47:34 [main] INFO  tiempos - Duracion del proceso intercambiarReferencias: 67900 ns
2025-09-10 18:47:34 [main] INFO  tiempos - Duracion del proceso intercambiarReferencias: 17600 ns
2025-09-10 18:47:34 [main] INFO  tiempos - Duracion del proceso intercambiarReferencias: 33600 ns
2025-09-10 18:47:34 [main] INFO  tiempos - Duracion de desencriptarFrase: 298400 ns
2025-09-10 18:47:34 [main] INFO  tiempos - Duracion del proceso intercambiarReferencias: 18300 ns
2025-09-10 18:47:34 [main] INFO  tiempos - Duracion del proceso intercambiarReferencias: 81000 ns
2025-09-10 18:47:34 [main] INFO  tiempos - Duracion del proceso intercambiarReferencias: 68400 ns
2025-09-10 18:47:34 [main] INFO  tiempos - Duracion del proceso intercambiarReferencias: 17400 ns
2025-09-10 18:47:34 [main] INFO  tiempos - Duracion del proceso intercambiarReferencias: 37700 ns
2025-09-10 18:47:34 [main] INFO  tiempos - Duracion del proceso intercambiarReferencias: 34000 ns
2025-09-10 18:47:34 [main] INFO  tiempos - Duracion del proceso intercambiarReferencias: 52500 ns
2025-09-10 18:47:34 [main] INFO  tiempos - Duracion de encriptarFrase: 1169800 ns
2025-09-10 18:47:34 [main] INFO  tiempos - Duracion del proceso intercambiarReferencias: 25200 ns
2025-09-10 18:47:34 [main] INFO  tiempos - Duracion del proceso intercambiarReferencias: 56300 ns
2025-09-10 18:47:34 [main] INFO  tiempos - Duracion del proceso intercambiarReferencias: 69100 ns
2025-09-10 18:47:34 [main] INFO  tiempos - Duracion del proceso intercambiarReferencias: 17300 ns
2025-09-10 18:47:34 [main] INFO  tiempos - Duracion del proceso intercambiarReferencias: 35100 ns
2025-09-10 18:47:34 [main] INFO  tiempos - Duracion del proceso intercambiarReferencias: 39900 ns
2025-09-10 18:47:34 [main] INFO  tiempos - Duracion del proceso intercambiarReferencias: 51400 ns
2025-09-10 18:47:34 [main] INFO  tiempos - Duracion de desencriptarFrase: 383200 ns
2025-09-10 18:47:34 [main] INFO  tiempos - Duracion del proceso intercambiarReferencias: 58400 ns
2025-09-10 18:47:34 [main] INFO  tiempos - Duracion del proceso intercambiarReferencias: 82900 ns
2025-09-10 18:47:34 [main] INFO  tiempos - Duracion del proceso intercambiarReferencias: 53000 ns
2025-09-10 18:47:34 [main] INFO  tiempos - Duracion del proceso intercambiarReferencias: 27100 ns
2025-09-10 18:47:34 [main] INFO  tiempos - Duracion del proceso intercambiarReferencias: 55300 ns
2025-09-10 18:47:34 [main] INFO  tiempos - Duracion del proceso intercambiarReferencias: 26700 ns
2025-09-10 18:47:34 [main] INFO  tiempos - Duracion del proceso intercambiarReferencias: 98200 ns
2025-09-10 18:47:34 [main] INFO  tiempos - Duracion del proceso intercambiarReferencias: 24000 ns
2025-09-10 18:47:34 [main] INFO  tiempos - Duracion del proceso intercambiarReferencias: 49100 ns
2025-09-10 18:47:34 [main] INFO  tiempos - Duracion del proceso intercambiarReferencias: 26100 ns
2025-09-10 18:47:34 [main] INFO  tiempos - Duracion del proceso intercambiarReferencias: 27100 ns
2025-09-10 18:47:34 [main] INFO  tiempos - Duracion del proceso intercambiarReferencias: 25000 ns
2025-09-10 18:47:34 [main] INFO  tiempos - Duracion del proceso intercambiarReferencias: 75500 ns
2025-09-10 18:47:34 [main] INFO  tiempos - Duracion del proceso intercambiarReferencias: 24600 ns
2025-09-10 18:47:34 [main] INFO  tiempos - Duracion del proceso intercambiarReferencias: 74600 ns
2025-09-10 18:47:34 [main] INFO  tiempos - Duracion del proceso intercambiarReferencias: 107800 ns
2025-09-10 18:47:34 [main] INFO  tiempos - Duracion del proceso intercambiarReferencias: 27500 ns
2025-09-10 18:47:34 [main] INFO  tiempos - Duracion del proceso intercambiarReferencias: 50200 ns
2025-09-10 18:47:34 [main] INFO  tiempos - Duracion del proceso intercambiarReferencias: 24800 ns
2025-09-10 18:47:34 [main] INFO  tiempos - Duracion del proceso intercambiarReferencias: 24500 ns
2025-09-10 18:47:34 [main] INFO  tiempos - Duracion del proceso intercambiarReferencias: 50200 ns
2025-09-10 18:47:34 [main] INFO  tiempos - Duracion del proceso intercambiarReferencias: 25900 ns
2025-09-10 18:47:34 [main] INFO  tiempos - Duracion del proceso intercambiarReferencias: 24400 ns
2025-09-10 18:47:34 [main] INFO  tiempos - Duracion del proceso intercambiarReferencias: 100400 ns
2025-09-10 18:47:34 [main] INFO  tiempos - Duracion del proceso intercambiarReferencias: 25300 ns
2025-09-10 18:47:34 [main] INFO  tiempos - Duracion del proceso intercambiarReferencias: 25000 ns
2025-09-10 18:47:34 [main] INFO  tiempos - Duracion del proceso intercambiarReferencias: 48500 ns
2025-09-10 18:47:34 [main] INFO  tiempos - Duracion de encriptarFrase: 4376600 ns
2025-09-10 18:47:34 [main] INFO  tiempos - Duracion del proceso intercambiarReferencias: 47300 ns
2025-09-10 18:47:34 [main] INFO  tiempos - Duracion del proceso intercambiarReferencias: 18500 ns
2025-09-10 18:47:34 [main] INFO  tiempos - Duracion del proceso intercambiarReferencias: 40000 ns
2025-09-10 18:47:34 [main] INFO  tiempos - Duracion del proceso intercambiarReferencias: 18400 ns
2025-09-10 18:47:34 [main] INFO  tiempos - Duracion del proceso intercambiarReferencias: 40700 ns
2025-09-10 18:47:34 [main] INFO  tiempos - Duracion del proceso intercambiarReferencias: 19500 ns
2025-09-10 18:47:34 [main] INFO  tiempos - Duracion del proceso intercambiarReferencias: 69800 ns
2025-09-10 18:47:34 [main] INFO  tiempos - Duracion del proceso intercambiarReferencias: 17300 ns
2025-09-10 18:47:34 [main] INFO  tiempos - Duracion del proceso intercambiarReferencias: 34100 ns
2025-09-10 18:47:34 [main] INFO  tiempos - Duracion del proceso intercambiarReferencias: 17400 ns
2025-09-10 18:47:34 [main] INFO  tiempos - Duracion del proceso intercambiarReferencias: 17700 ns
2025-09-10 18:47:34 [main] INFO  tiempos - Duracion del proceso intercambiarReferencias: 18200 ns
2025-09-10 18:47:34 [main] INFO  tiempos - Duracion del proceso intercambiarReferencias: 51200 ns
2025-09-10 18:47:34 [main] INFO  tiempos - Duracion del proceso intercambiarReferencias: 17200 ns
2025-09-10 18:47:34 [main] INFO  tiempos - Duracion del proceso intercambiarReferencias: 50600 ns
2025-09-10 18:47:34 [main] INFO  tiempos - Duracion del proceso intercambiarReferencias: 67000 ns
2025-09-10 18:47:34 [main] INFO  tiempos - Duracion del proceso intercambiarReferencias: 17200 ns
2025-09-10 18:47:34 [main] INFO  tiempos - Duracion del proceso intercambiarReferencias: 35000 ns
2025-09-10 18:47:34 [main] INFO  tiempos - Duracion del proceso intercambiarReferencias: 17000 ns
2025-09-10 18:47:34 [main] INFO  tiempos - Duracion del proceso intercambiarReferencias: 17600 ns
2025-09-10 18:47:34 [main] INFO  tiempos - Duracion del proceso intercambiarReferencias: 34600 ns
2025-09-10 18:47:34 [main] INFO  tiempos - Duracion del proceso intercambiarReferencias: 17400 ns
2025-09-10 18:47:34 [main] INFO  tiempos - Duracion del proceso intercambiarReferencias: 16800 ns
2025-09-10 18:47:34 [main] INFO  tiempos - Duracion del proceso intercambiarReferencias: 68100 ns
2025-09-10 18:47:34 [main] INFO  tiempos - Duracion del proceso intercambiarReferencias: 16800 ns
2025-09-10 18:47:34 [main] INFO  tiempos - Duracion del proceso intercambiarReferencias: 16900 ns
2025-09-10 18:47:34 [main] INFO  tiempos - Duracion del proceso intercambiarReferencias: 35100 ns
2025-09-10 18:47:34 [main] INFO  tiempos - Duracion de desencriptarFrase: 1093400 ns
2025-09-10 18:47:34 [main] INFO  tiempos - Duracion del proceso Main: 2788 ms
2025-09-10 18:48:54 [main] INFO  tiempos - Duracion del proceso intercambiarReferencias: 335400 ns
2025-09-10 18:48:54 [main] INFO  tiempos - Duracion del proceso intercambiarReferencias: 486500 ns
2025-09-10 18:48:54 [main] INFO  tiempos - Duracion del proceso intercambiarReferencias: 113300 ns
2025-09-10 18:48:54 [main] INFO  tiempos - Duracion del proceso intercambiarReferencias: 731100 ns
2025-09-10 18:48:54 [main] INFO  tiempos - Duracion del proceso intercambiarReferencias: 478900 ns
2025-09-10 18:48:54 [main] INFO  tiempos - Duracion del proceso intercambiarReferencias: 363100 ns
2025-09-10 18:48:54 [main] INFO  tiempos - Duracion del proceso intercambiarReferencias: 219700 ns
2025-09-10 18:48:54 [main] INFO  tiempos - Duracion del proceso intercambiarReferencias: 419700 ns
2025-09-10 18:48:54 [main] INFO  tiempos - Duracion del proceso intercambiarReferencias: 114500 ns
2025-09-10 18:48:54 [main] INFO  tiempos - Duracion del proceso intercambiarReferencias: 178600 ns
2025-09-10 18:48:54 [main] INFO  tiempos - Duracion del proceso intercambiarReferencias: 306700 ns
2025-09-10 18:48:54 [main] INFO  tiempos - Duracion del proceso intercambiarReferencias: 377200 ns
2025-09-10 18:48:54 [main] INFO  tiempos - Duracion del proceso intercambiarReferencias: 154300 ns
2025-09-10 18:48:54 [main] INFO  tiempos - Duracion del proceso intercambiarReferencias: 150500 ns
2025-09-10 18:48:54 [main] INFO  tiempos - Duracion del proceso intercambiarReferencias: 148300 ns
2025-09-10 18:48:54 [main] INFO  tiempos - Duracion del proceso intercambiarReferencias: 308200 ns
2025-09-10 18:48:54 [main] INFO  tiempos - Duracion de encriptarFrase: 18524500 ns
2025-09-10 18:48:54 [main] INFO  tiempos - Duracion del proceso intercambiarReferencias: 260000 ns
2025-09-10 18:48:54 [main] INFO  tiempos - Duracion del proceso intercambiarReferencias: 378100 ns
2025-09-10 18:48:54 [main] INFO  tiempos - Duracion del proceso intercambiarReferencias: 100100 ns
2025-09-10 18:48:54 [main] INFO  tiempos - Duracion del proceso intercambiarReferencias: 595500 ns
2025-09-10 18:48:54 [main] INFO  tiempos - Duracion del proceso intercambiarReferencias: 278200 ns
2025-09-10 18:48:54 [main] INFO  tiempos - Duracion del proceso intercambiarReferencias: 262400 ns
2025-09-10 18:48:54 [main] INFO  tiempos - Duracion del proceso intercambiarReferencias: 236000 ns
2025-09-10 18:48:54 [main] INFO  tiempos - Duracion del proceso intercambiarReferencias: 461600 ns
2025-09-10 18:48:54 [main] INFO  tiempos - Duracion del proceso intercambiarReferencias: 111100 ns
2025-09-10 18:48:54 [main] INFO  tiempos - Duracion del proceso intercambiarReferencias: 177500 ns
2025-09-10 18:48:54 [main] INFO  tiempos - Duracion del proceso intercambiarReferencias: 260700 ns
2025-09-10 18:48:54 [main] INFO  tiempos - Duracion del proceso intercambiarReferencias: 384800 ns
2025-09-10 18:48:54 [main] INFO  tiempos - Duracion del proceso intercambiarReferencias: 205400 ns
2025-09-10 18:48:54 [main] INFO  tiempos - Duracion del proceso intercambiarReferencias: 232200 ns
2025-09-10 18:48:54 [main] INFO  tiempos - Duracion del proceso intercambiarReferencias: 229900 ns
2025-09-10 18:48:54 [main] INFO  tiempos - Duracion del proceso intercambiarReferencias: 1199100 ns
2025-09-10 18:48:54 [main] INFO  tiempos - Duracion de desencriptarFrase: 6454400 ns
2025-09-10 18:48:54 [main] INFO  tiempos - Duracion del proceso intercambiarReferencias: 180000 ns
2025-09-10 18:48:54 [main] INFO  tiempos - Duracion del proceso intercambiarReferencias: 209700 ns
2025-09-10 18:48:54 [main] INFO  tiempos - Duracion del proceso intercambiarReferencias: 100400 ns
2025-09-10 18:48:54 [main] INFO  tiempos - Duracion del proceso intercambiarReferencias: 524700 ns
2025-09-10 18:48:54 [main] INFO  tiempos - Duracion del proceso intercambiarReferencias: 272900 ns
2025-09-10 18:48:54 [main] INFO  tiempos - Duracion del proceso intercambiarReferencias: 428200 ns
2025-09-10 18:48:54 [main] INFO  tiempos - Duracion del proceso intercambiarReferencias: 85800 ns
2025-09-10 18:48:54 [main] INFO  tiempos - Duracion del proceso intercambiarReferencias: 183400 ns
2025-09-10 18:48:54 [main] INFO  tiempos - Duracion del proceso intercambiarReferencias: 81000 ns
2025-09-10 18:48:54 [main] INFO  tiempos - Duracion del proceso intercambiarReferencias: 162400 ns
2025-09-10 18:48:54 [main] INFO  tiempos - Duracion del proceso intercambiarReferencias: 387000 ns
2025-09-10 18:48:54 [main] INFO  tiempos - Duracion del proceso intercambiarReferencias: 64800 ns
2025-09-10 18:48:54 [main] INFO  tiempos - Duracion del proceso intercambiarReferencias: 228300 ns
2025-09-10 18:48:54 [main] INFO  tiempos - Duracion del proceso intercambiarReferencias: 63800 ns
2025-09-10 18:48:54 [main] INFO  tiempos - Duracion del proceso intercambiarReferencias: 176600 ns
2025-09-10 18:48:54 [main] INFO  tiempos - Duracion del proceso intercambiarReferencias: 90400 ns
2025-09-10 18:48:54 [main] INFO  tiempos - Duracion del proceso intercambiarReferencias: 173200 ns
2025-09-10 18:48:54 [main] INFO  tiempos - Duracion de encriptarFrase: 11716700 ns
2025-09-10 18:48:54 [main] INFO  tiempos - Duracion del proceso intercambiarReferencias: 210400 ns
2025-09-10 18:48:54 [main] INFO  tiempos - Duracion del proceso intercambiarReferencias: 66300 ns
2025-09-10 18:48:54 [main] INFO  tiempos - Duracion del proceso intercambiarReferencias: 75400 ns
2025-09-10 18:48:54 [main] INFO  tiempos - Duracion del proceso intercambiarReferencias: 267900 ns
2025-09-10 18:48:54 [main] INFO  tiempos - Duracion del proceso intercambiarReferencias: 130100 ns
2025-09-10 18:48:54 [main] INFO  tiempos - Duracion del proceso intercambiarReferencias: 383300 ns
2025-09-10 18:48:54 [main] INFO  tiempos - Duracion del proceso intercambiarReferencias: 110800 ns
2025-09-10 18:48:54 [main] INFO  tiempos - Duracion del proceso intercambiarReferencias: 163300 ns
2025-09-10 18:48:54 [main] INFO  tiempos - Duracion del proceso intercambiarReferencias: 76200 ns
2025-09-10 18:48:54 [main] INFO  tiempos - Duracion del proceso intercambiarReferencias: 113000 ns
2025-09-10 18:48:54 [main] INFO  tiempos - Duracion del proceso intercambiarReferencias: 389000 ns
2025-09-10 18:48:54 [main] INFO  tiempos - Duracion del proceso intercambiarReferencias: 70900 ns
2025-09-10 18:48:54 [main] INFO  tiempos - Duracion del proceso intercambiarReferencias: 170800 ns
2025-09-10 18:48:54 [main] INFO  tiempos - Duracion del proceso intercambiarReferencias: 68600 ns
2025-09-10 18:48:54 [main] INFO  tiempos - Duracion del proceso intercambiarReferencias: 222400 ns
2025-09-10 18:48:54 [main] INFO  tiempos - Duracion del proceso intercambiarReferencias: 77800 ns
2025-09-10 18:48:54 [main] INFO  tiempos - Duracion del proceso intercambiarReferencias: 212800 ns
2025-09-10 18:48:54 [main] INFO  tiempos - Duracion de desencriptarFrase: 3549400 ns
2025-09-10 18:48:54 [main] INFO  tiempos - Duracion del proceso intercambiarReferencias: 97100 ns
2025-09-10 18:48:54 [main] INFO  tiempos - Duracion del proceso intercambiarReferencias: 111100 ns
2025-09-10 18:48:54 [main] INFO  tiempos - Duracion del proceso intercambiarReferencias: 177800 ns
2025-09-10 18:48:54 [main] INFO  tiempos - Duracion del proceso intercambiarReferencias: 47300 ns
2025-09-10 18:48:54 [main] INFO  tiempos - Duracion del proceso intercambiarReferencias: 100000 ns
2025-09-10 18:48:54 [main] INFO  tiempos - Duracion del proceso intercambiarReferencias: 78200 ns
2025-09-10 18:48:54 [main] INFO  tiempos - Duracion del proceso intercambiarReferencias: 160400 ns
2025-09-10 18:48:54 [main] INFO  tiempos - Duracion del proceso intercambiarReferencias: 38700 ns
2025-09-10 18:48:54 [main] INFO  tiempos - Duracion del proceso intercambiarReferencias: 117600 ns
2025-09-10 18:48:54 [main] INFO  tiempos - Duracion del proceso intercambiarReferencias: 55000 ns
2025-09-10 18:48:54 [main] INFO  tiempos - Duracion del proceso intercambiarReferencias: 126100 ns
2025-09-10 18:48:54 [main] INFO  tiempos - Duracion de encriptarFrase: 3986200 ns
2025-09-10 18:48:54 [main] INFO  tiempos - Duracion del proceso intercambiarReferencias: 50300 ns
2025-09-10 18:48:54 [main] INFO  tiempos - Duracion del proceso intercambiarReferencias: 61900 ns
2025-09-10 18:48:54 [main] INFO  tiempos - Duracion del proceso intercambiarReferencias: 72500 ns
2025-09-10 18:48:54 [main] INFO  tiempos - Duracion del proceso intercambiarReferencias: 23700 ns
2025-09-10 18:48:54 [main] INFO  tiempos - Duracion del proceso intercambiarReferencias: 44300 ns
2025-09-10 18:48:54 [main] INFO  tiempos - Duracion del proceso intercambiarReferencias: 43500 ns
2025-09-10 18:48:54 [main] INFO  tiempos - Duracion del proceso intercambiarReferencias: 70000 ns
2025-09-10 18:48:54 [main] INFO  tiempos - Duracion del proceso intercambiarReferencias: 59700 ns
2025-09-10 18:48:54 [main] INFO  tiempos - Duracion del proceso intercambiarReferencias: 110600 ns
2025-09-10 18:48:54 [main] INFO  tiempos - Duracion del proceso intercambiarReferencias: 48300 ns
2025-09-10 18:48:54 [main] INFO  tiempos - Duracion del proceso intercambiarReferencias: 113500 ns
2025-09-10 18:48:54 [main] INFO  tiempos - Duracion de desencriptarFrase: 976400 ns
2025-09-10 18:48:54 [main] INFO  tiempos - Duracion del proceso intercambiarReferencias: 49300 ns
2025-09-10 18:48:54 [main] INFO  tiempos - Duracion del proceso intercambiarReferencias: 38300 ns
2025-09-10 18:48:54 [main] INFO  tiempos - Duracion del proceso intercambiarReferencias: 25100 ns
2025-09-10 18:48:54 [main] INFO  tiempos - Duracion del proceso intercambiarReferencias: 44800 ns
2025-09-10 18:48:54 [main] INFO  tiempos - Duracion del proceso intercambiarReferencias: 44100 ns
2025-09-10 18:48:54 [main] INFO  tiempos - Duracion del proceso intercambiarReferencias: 50000 ns
2025-09-10 18:48:54 [main] INFO  tiempos - Duracion del proceso intercambiarReferencias: 21700 ns
2025-09-10 18:48:54 [main] INFO  tiempos - Duracion del proceso intercambiarReferencias: 62000 ns
2025-09-10 18:48:54 [main] INFO  tiempos - Duracion del proceso intercambiarReferencias: 21900 ns
2025-09-10 18:48:54 [main] INFO  tiempos - Duracion del proceso intercambiarReferencias: 22400 ns
2025-09-10 18:48:54 [main] INFO  tiempos - Duracion del proceso intercambiarReferencias: 102000 ns
2025-09-10 18:48:54 [main] INFO  tiempos - Duracion del proceso intercambiarReferencias: 24900 ns
2025-09-10 18:48:54 [main] INFO  tiempos - Duracion del proceso intercambiarReferencias: 46300 ns
2025-09-10 18:48:54 [main] INFO  tiempos - Duracion del proceso intercambiarReferencias: 22800 ns
2025-09-10 18:48:54 [main] INFO  tiempos - Duracion de encriptarFrase: 2074600 ns
2025-09-10 18:48:54 [main] INFO  tiempos - Duracion del proceso intercambiarReferencias: 67700 ns
2025-09-10 18:48:54 [main] INFO  tiempos - Duracion del proceso intercambiarReferencias: 24000 ns
2025-09-10 18:48:54 [main] INFO  tiempos - Duracion del proceso intercambiarReferencias: 23500 ns
2025-09-10 18:48:54 [main] INFO  tiempos - Duracion del proceso intercambiarReferencias: 45200 ns
2025-09-10 18:48:54 [main] INFO  tiempos - Duracion del proceso intercambiarReferencias: 22400 ns
2025-09-10 18:48:54 [main] INFO  tiempos - Duracion del proceso intercambiarReferencias: 175600 ns
2025-09-10 18:48:54 [main] INFO  tiempos - Duracion del proceso intercambiarReferencias: 41100 ns
2025-09-10 18:48:54 [main] INFO  tiempos - Duracion del proceso intercambiarReferencias: 103500 ns
2025-09-10 18:48:54 [main] INFO  tiempos - Duracion del proceso intercambiarReferencias: 63600 ns
2025-09-10 18:48:54 [main] INFO  tiempos - Duracion del proceso intercambiarReferencias: 35800 ns
2025-09-10 18:48:54 [main] INFO  tiempos - Duracion del proceso intercambiarReferencias: 97300 ns
2025-09-10 18:48:54 [main] INFO  tiempos - Duracion del proceso intercambiarReferencias: 33200 ns
2025-09-10 18:48:54 [main] INFO  tiempos - Duracion del proceso intercambiarReferencias: 74700 ns
2025-09-10 18:48:54 [main] INFO  tiempos - Duracion del proceso intercambiarReferencias: 43700 ns
2025-09-10 18:48:54 [main] INFO  tiempos - Duracion de desencriptarFrase: 1139600 ns
2025-09-10 18:48:54 [main] INFO  tiempos - Duracion del proceso intercambiarReferencias: 41100 ns
2025-09-10 18:48:54 [main] INFO  tiempos - Duracion del proceso intercambiarReferencias: 38100 ns
2025-09-10 18:48:54 [main] INFO  tiempos - Duracion del proceso intercambiarReferencias: 76400 ns
2025-09-10 18:48:54 [main] INFO  tiempos - Duracion del proceso intercambiarReferencias: 31200 ns
2025-09-10 18:48:54 [main] INFO  tiempos - Duracion del proceso intercambiarReferencias: 86300 ns
2025-09-10 18:48:54 [main] INFO  tiempos - Duracion del proceso intercambiarReferencias: 65700 ns
2025-09-10 18:48:54 [main] INFO  tiempos - Duracion del proceso intercambiarReferencias: 36200 ns
2025-09-10 18:48:54 [main] INFO  tiempos - Duracion del proceso intercambiarReferencias: 70800 ns
2025-09-10 18:48:54 [main] INFO  tiempos - Duracion de encriptarFrase: 1774800 ns
2025-09-10 18:48:54 [main] INFO  tiempos - Duracion del proceso intercambiarReferencias: 55200 ns
2025-09-10 18:48:54 [main] INFO  tiempos - Duracion del proceso intercambiarReferencias: 36900 ns
2025-09-10 18:48:54 [main] INFO  tiempos - Duracion del proceso intercambiarReferencias: 65800 ns
2025-09-10 18:48:54 [main] INFO  tiempos - Duracion del proceso intercambiarReferencias: 32800 ns
2025-09-10 18:48:54 [main] INFO  tiempos - Duracion del proceso intercambiarReferencias: 65600 ns
2025-09-10 18:48:54 [main] INFO  tiempos - Duracion del proceso intercambiarReferencias: 61500 ns
2025-09-10 18:48:54 [main] INFO  tiempos - Duracion del proceso intercambiarReferencias: 32900 ns
2025-09-10 18:48:54 [main] INFO  tiempos - Duracion del proceso intercambiarReferencias: 77300 ns
2025-09-10 18:48:54 [main] INFO  tiempos - Duracion de desencriptarFrase: 626200 ns
2025-09-10 18:48:54 [main] INFO  tiempos - Duracion del proceso intercambiarReferencias: 34000 ns
2025-09-10 18:48:54 [main] INFO  tiempos - Duracion del proceso intercambiarReferencias: 34800 ns
2025-09-10 18:48:54 [main] INFO  tiempos - Duracion del proceso intercambiarReferencias: 143900 ns
2025-09-10 18:48:54 [main] INFO  tiempos - Duracion del proceso intercambiarReferencias: 71500 ns
2025-09-10 18:48:54 [main] INFO  tiempos - intercambiarReferencias duration: 0 ms
2025-09-10 18:48:54 [main] INFO  tiempos - Duracion del proceso intercambiarReferencias: 36300 ns
2025-09-10 18:48:54 [main] INFO  tiempos - Duracion del proceso intercambiarReferencias: 49900 ns
2025-09-10 18:48:54 [main] INFO  tiempos - Duracion del proceso intercambiarReferencias: 74400 ns
2025-09-10 18:48:54 [main] INFO  tiempos - Duracion del proceso intercambiarReferencias: 21500 ns
2025-09-10 18:48:54 [main] INFO  tiempos - Duracion del proceso intercambiarReferencias: 42400 ns
2025-09-10 18:48:54 [main] INFO  tiempos - Duracion del proceso intercambiarReferencias: 60500 ns
2025-09-10 18:48:54 [main] INFO  tiempos - Duracion del proceso intercambiarReferencias: 40200 ns
2025-09-10 18:48:54 [main] INFO  tiempos - Duracion del proceso intercambiarReferencias: 39800 ns
2025-09-10 18:48:54 [main] INFO  tiempos - Duracion del proceso intercambiarReferencias: 80100 ns
2025-09-10 18:48:54 [main] INFO  tiempos - Duracion de encriptarFrase: 2611800 ns
2025-09-10 18:48:54 [main] INFO  tiempos - Duracion del proceso intercambiarReferencias: 52900 ns
2025-09-10 18:48:54 [main] INFO  tiempos - Duracion del proceso intercambiarReferencias: 25500 ns
2025-09-10 18:48:54 [main] INFO  tiempos - Duracion del proceso intercambiarReferencias: 63100 ns
2025-09-10 18:48:54 [main] INFO  tiempos - Duracion del proceso intercambiarReferencias: 46100 ns
2025-09-10 18:48:54 [main] INFO  tiempos - intercambiarReferencias duration: 0 ms
2025-09-10 18:48:54 [main] INFO  tiempos - Duracion del proceso intercambiarReferencias: 23300 ns
2025-09-10 18:48:54 [main] INFO  tiempos - Duracion del proceso intercambiarReferencias: 42900 ns
2025-09-10 18:48:54 [main] INFO  tiempos - Duracion del proceso intercambiarReferencias: 59600 ns
2025-09-10 18:48:54 [main] INFO  tiempos - Duracion del proceso intercambiarReferencias: 21000 ns
2025-09-10 18:48:54 [main] INFO  tiempos - Duracion del proceso intercambiarReferencias: 44900 ns
2025-09-10 18:48:54 [main] INFO  tiempos - Duracion del proceso intercambiarReferencias: 61400 ns
2025-09-10 18:48:54 [main] INFO  tiempos - Duracion del proceso intercambiarReferencias: 41100 ns
2025-09-10 18:48:54 [main] INFO  tiempos - Duracion del proceso intercambiarReferencias: 48200 ns
2025-09-10 18:48:54 [main] INFO  tiempos - Duracion del proceso intercambiarReferencias: 61600 ns
2025-09-10 18:48:54 [main] INFO  tiempos - Duracion de desencriptarFrase: 771400 ns
2025-09-10 18:48:54 [main] INFO  tiempos - Duracion del proceso intercambiarReferencias: 24100 ns
2025-09-10 18:48:54 [main] INFO  tiempos - Duracion del proceso intercambiarReferencias: 22200 ns
2025-09-10 18:48:54 [main] INFO  tiempos - Duracion del proceso intercambiarReferencias: 42000 ns
2025-09-10 18:48:54 [main] INFO  tiempos - Duracion del proceso intercambiarReferencias: 41400 ns
2025-09-10 18:48:54 [main] INFO  tiempos - Duracion del proceso intercambiarReferencias: 22000 ns
2025-09-10 18:48:54 [main] INFO  tiempos - Duracion del proceso intercambiarReferencias: 58600 ns
2025-09-10 18:48:54 [main] INFO  tiempos - Duracion del proceso intercambiarReferencias: 20400 ns
2025-09-10 18:48:54 [main] INFO  tiempos - Duracion del proceso intercambiarReferencias: 20900 ns
2025-09-10 18:48:54 [main] INFO  tiempos - Duracion del proceso intercambiarReferencias: 40100 ns
2025-09-10 18:48:54 [main] INFO  tiempos - Duracion del proceso intercambiarReferencias: 99800 ns
2025-09-10 18:48:54 [main] INFO  tiempos - Duracion del proceso intercambiarReferencias: 25800 ns
2025-09-10 18:48:54 [main] INFO  tiempos - Duracion del proceso intercambiarReferencias: 88500 ns
2025-09-10 18:48:54 [main] INFO  tiempos - Duracion del proceso intercambiarReferencias: 27700 ns
2025-09-10 18:48:54 [main] INFO  tiempos - Duracion del proceso intercambiarReferencias: 55600 ns
2025-09-10 18:48:54 [main] INFO  tiempos - Duracion del proceso intercambiarReferencias: 79300 ns
2025-09-10 18:48:54 [main] INFO  tiempos - Duracion del proceso intercambiarReferencias: 21200 ns
2025-09-10 18:48:54 [main] INFO  tiempos - Duracion del proceso intercambiarReferencias: 80000 ns
2025-09-10 18:48:54 [main] INFO  tiempos - Duracion del proceso intercambiarReferencias: 20600 ns
2025-09-10 18:48:54 [main] INFO  tiempos - Duracion del proceso intercambiarReferencias: 20500 ns
2025-09-10 18:48:54 [main] INFO  tiempos - intercambiarReferencias duration: 0 ms
2025-09-10 18:48:54 [main] INFO  tiempos - Duracion del proceso intercambiarReferencias: 16800 ns
2025-09-10 18:48:54 [main] INFO  tiempos - Duracion del proceso intercambiarReferencias: 61400 ns
2025-09-10 18:48:54 [main] INFO  tiempos - Duracion de encriptarFrase: 3280900 ns
2025-09-10 18:48:54 [main] INFO  tiempos - Duracion del proceso intercambiarReferencias: 34500 ns
2025-09-10 18:48:54 [main] INFO  tiempos - Duracion del proceso intercambiarReferencias: 23500 ns
2025-09-10 18:48:54 [main] INFO  tiempos - Duracion del proceso intercambiarReferencias: 40100 ns
2025-09-10 18:48:54 [main] INFO  tiempos - Duracion del proceso intercambiarReferencias: 62900 ns
2025-09-10 18:48:54 [main] INFO  tiempos - Duracion del proceso intercambiarReferencias: 23600 ns
2025-09-10 18:48:54 [main] INFO  tiempos - Duracion del proceso intercambiarReferencias: 58300 ns
2025-09-10 18:48:54 [main] INFO  tiempos - Duracion del proceso intercambiarReferencias: 22800 ns
2025-09-10 18:48:54 [main] INFO  tiempos - Duracion del proceso intercambiarReferencias: 20600 ns
2025-09-10 18:48:54 [main] INFO  tiempos - Duracion del proceso intercambiarReferencias: 60200 ns
2025-09-10 18:48:54 [main] INFO  tiempos - Duracion del proceso intercambiarReferencias: 121700 ns
2025-09-10 18:48:54 [main] INFO  tiempos - Duracion del proceso intercambiarReferencias: 42700 ns
2025-09-10 18:48:54 [main] INFO  tiempos - Duracion del proceso intercambiarReferencias: 39400 ns
2025-09-10 18:48:54 [main] INFO  tiempos - Duracion del proceso intercambiarReferencias: 20300 ns
2025-09-10 18:48:54 [main] INFO  tiempos - Duracion del proceso intercambiarReferencias: 41400 ns
2025-09-10 18:48:54 [main] INFO  tiempos - Duracion del proceso intercambiarReferencias: 78800 ns
2025-09-10 18:48:54 [main] INFO  tiempos - Duracion del proceso intercambiarReferencias: 20100 ns
2025-09-10 18:48:54 [main] INFO  tiempos - Duracion del proceso intercambiarReferencias: 74800 ns
2025-09-10 18:48:54 [main] INFO  tiempos - Duracion del proceso intercambiarReferencias: 20100 ns
2025-09-10 18:48:54 [main] INFO  tiempos - Duracion del proceso intercambiarReferencias: 20100 ns
2025-09-10 18:48:54 [main] INFO  tiempos - intercambiarReferencias duration: 0 ms
2025-09-10 18:48:54 [main] INFO  tiempos - Duracion del proceso intercambiarReferencias: 15000 ns
2025-09-10 18:48:54 [main] INFO  tiempos - Duracion del proceso intercambiarReferencias: 58800 ns
2025-09-10 18:48:54 [main] INFO  tiempos - Duracion de desencriptarFrase: 1172600 ns
2025-09-10 18:48:54 [main] INFO  tiempos - Duracion del proceso intercambiarReferencias: 52100 ns
2025-09-10 18:48:54 [main] INFO  tiempos - Duracion del proceso intercambiarReferencias: 50200 ns
2025-09-10 18:48:54 [main] INFO  tiempos - Duracion del proceso intercambiarReferencias: 47700 ns
2025-09-10 18:48:54 [main] INFO  tiempos - Duracion del proceso intercambiarReferencias: 25500 ns
2025-09-10 18:48:54 [main] INFO  tiempos - Duracion del proceso intercambiarReferencias: 71700 ns
2025-09-10 18:48:54 [main] INFO  tiempos - Duracion del proceso intercambiarReferencias: 46200 ns
2025-09-10 18:48:54 [main] INFO  tiempos - Duracion del proceso intercambiarReferencias: 41600 ns
2025-09-10 18:48:54 [main] INFO  tiempos - Duracion de encriptarFrase: 1188400 ns
2025-09-10 18:48:54 [main] INFO  tiempos - Duracion del proceso intercambiarReferencias: 73900 ns
2025-09-10 18:48:54 [main] INFO  tiempos - Duracion del proceso intercambiarReferencias: 40700 ns
2025-09-10 18:48:54 [main] INFO  tiempos - Duracion del proceso intercambiarReferencias: 39700 ns
2025-09-10 18:48:54 [main] INFO  tiempos - Duracion del proceso intercambiarReferencias: 20900 ns
2025-09-10 18:48:54 [main] INFO  tiempos - Duracion del proceso intercambiarReferencias: 57200 ns
2025-09-10 18:48:54 [main] INFO  tiempos - Duracion del proceso intercambiarReferencias: 42000 ns
2025-09-10 18:48:54 [main] INFO  tiempos - Duracion del proceso intercambiarReferencias: 38400 ns
2025-09-10 18:48:54 [main] INFO  tiempos - Duracion de desencriptarFrase: 415500 ns
2025-09-10 18:48:54 [main] INFO  tiempos - Duracion del proceso intercambiarReferencias: 41200 ns
2025-09-10 18:48:54 [main] INFO  tiempos - Duracion del proceso intercambiarReferencias: 41600 ns
2025-09-10 18:48:54 [main] INFO  tiempos - Duracion del proceso intercambiarReferencias: 118700 ns
2025-09-10 18:48:54 [main] INFO  tiempos - Duracion del proceso intercambiarReferencias: 57400 ns
2025-09-10 18:48:54 [main] INFO  tiempos - Duracion del proceso intercambiarReferencias: 41100 ns
2025-09-10 18:48:54 [main] INFO  tiempos - Duracion del proceso intercambiarReferencias: 82700 ns
2025-09-10 18:48:54 [main] INFO  tiempos - Duracion del proceso intercambiarReferencias: 19800 ns
2025-09-10 18:48:54 [main] INFO  tiempos - Duracion del proceso intercambiarReferencias: 22500 ns
2025-09-10 18:48:54 [main] INFO  tiempos - Duracion del proceso intercambiarReferencias: 21900 ns
2025-09-10 18:48:54 [main] INFO  tiempos - Duracion del proceso intercambiarReferencias: 37600 ns
2025-09-10 18:48:54 [main] INFO  tiempos - Duracion del proceso intercambiarReferencias: 99400 ns
2025-09-10 18:48:54 [main] INFO  tiempos - Duracion de encriptarFrase: 1811800 ns
2025-09-10 18:48:54 [main] INFO  tiempos - Duracion del proceso intercambiarReferencias: 40100 ns
2025-09-10 18:48:54 [main] INFO  tiempos - Duracion del proceso intercambiarReferencias: 24800 ns
2025-09-10 18:48:54 [main] INFO  tiempos - Duracion del proceso intercambiarReferencias: 42100 ns
2025-09-10 18:48:54 [main] INFO  tiempos - Duracion del proceso intercambiarReferencias: 27100 ns
2025-09-10 18:48:54 [main] INFO  tiempos - Duracion del proceso intercambiarReferencias: 21100 ns
2025-09-10 18:48:54 [main] INFO  tiempos - Duracion del proceso intercambiarReferencias: 62400 ns
2025-09-10 18:48:54 [main] INFO  tiempos - Duracion del proceso intercambiarReferencias: 20700 ns
2025-09-10 18:48:54 [main] INFO  tiempos - Duracion del proceso intercambiarReferencias: 22600 ns
2025-09-10 18:48:54 [main] INFO  tiempos - Duracion del proceso intercambiarReferencias: 23900 ns
2025-09-10 18:48:54 [main] INFO  tiempos - Duracion del proceso intercambiarReferencias: 40900 ns
2025-09-10 18:48:54 [main] INFO  tiempos - Duracion del proceso intercambiarReferencias: 74500 ns
2025-09-10 18:48:54 [main] INFO  tiempos - Duracion de desencriptarFrase: 585800 ns
2025-09-10 18:48:54 [main] INFO  tiempos - Duracion del proceso intercambiarReferencias: 77200 ns
2025-09-10 18:48:54 [main] INFO  tiempos - Duracion del proceso intercambiarReferencias: 19900 ns
2025-09-10 18:48:54 [main] INFO  tiempos - Duracion del proceso intercambiarReferencias: 38600 ns
2025-09-10 18:48:54 [main] INFO  tiempos - Duracion del proceso intercambiarReferencias: 19100 ns
2025-09-10 18:48:54 [main] INFO  tiempos - Duracion del proceso intercambiarReferencias: 37300 ns
2025-09-10 18:48:54 [main] INFO  tiempos - Duracion del proceso intercambiarReferencias: 39700 ns
2025-09-10 18:48:54 [main] INFO  tiempos - Duracion del proceso intercambiarReferencias: 19700 ns
2025-09-10 18:48:54 [main] INFO  tiempos - Duracion del proceso intercambiarReferencias: 36800 ns
2025-09-10 18:48:54 [main] INFO  tiempos - Duracion del proceso intercambiarReferencias: 18700 ns
2025-09-10 18:48:54 [main] INFO  tiempos - Duracion del proceso intercambiarReferencias: 37700 ns
2025-09-10 18:48:54 [main] INFO  tiempos - Duracion del proceso intercambiarReferencias: 19100 ns
2025-09-10 18:48:54 [main] INFO  tiempos - Duracion del proceso intercambiarReferencias: 18900 ns
2025-09-10 18:48:54 [main] INFO  tiempos - Duracion del proceso intercambiarReferencias: 19000 ns
2025-09-10 18:48:54 [main] INFO  tiempos - Duracion del proceso intercambiarReferencias: 56300 ns
2025-09-10 18:48:54 [main] INFO  tiempos - Duracion del proceso intercambiarReferencias: 40200 ns
2025-09-10 18:48:54 [main] INFO  tiempos - Duracion de encriptarFrase: 1754300 ns
2025-09-10 18:48:54 [main] INFO  tiempos - Duracion del proceso intercambiarReferencias: 83100 ns
2025-09-10 18:48:54 [main] INFO  tiempos - Duracion del proceso intercambiarReferencias: 20300 ns
2025-09-10 18:48:54 [main] INFO  tiempos - Duracion del proceso intercambiarReferencias: 39100 ns
2025-09-10 18:48:54 [main] INFO  tiempos - Duracion del proceso intercambiarReferencias: 19600 ns
2025-09-10 18:48:54 [main] INFO  tiempos - Duracion del proceso intercambiarReferencias: 41600 ns
2025-09-10 18:48:54 [main] INFO  tiempos - Duracion del proceso intercambiarReferencias: 22500 ns
2025-09-10 18:48:54 [main] INFO  tiempos - Duracion del proceso intercambiarReferencias: 19800 ns
2025-09-10 18:48:54 [main] INFO  tiempos - Duracion del proceso intercambiarReferencias: 43100 ns
2025-09-10 18:48:54 [main] INFO  tiempos - Duracion del proceso intercambiarReferencias: 19700 ns
2025-09-10 18:48:54 [main] INFO  tiempos - Duracion del proceso intercambiarReferencias: 38000 ns
2025-09-10 18:48:54 [main] INFO  tiempos - Duracion del proceso intercambiarReferencias: 20000 ns
2025-09-10 18:48:54 [main] INFO  tiempos - Duracion del proceso intercambiarReferencias: 20300 ns
2025-09-10 18:48:54 [main] INFO  tiempos - Duracion del proceso intercambiarReferencias: 19100 ns
2025-09-10 18:48:54 [main] INFO  tiempos - Duracion del proceso intercambiarReferencias: 37100 ns
2025-09-10 18:48:54 [main] INFO  tiempos - Duracion del proceso intercambiarReferencias: 37800 ns
2025-09-10 18:48:54 [main] INFO  tiempos - Duracion de desencriptarFrase: 691700 ns
2025-09-10 18:48:54 [main] INFO  tiempos - Duracion del proceso intercambiarReferencias: 57300 ns
2025-09-10 18:48:54 [main] INFO  tiempos - Duracion del proceso intercambiarReferencias: 73900 ns
2025-09-10 18:48:54 [main] INFO  tiempos - Duracion del proceso intercambiarReferencias: 62400 ns
2025-09-10 18:48:54 [main] INFO  tiempos - Duracion del proceso intercambiarReferencias: 73800 ns
2025-09-10 18:48:54 [main] INFO  tiempos - Duracion del proceso intercambiarReferencias: 55700 ns
2025-09-10 18:48:54 [main] INFO  tiempos - Duracion del proceso intercambiarReferencias: 98000 ns
2025-09-10 18:48:54 [main] INFO  tiempos - Duracion del proceso intercambiarReferencias: 61200 ns
2025-09-10 18:48:54 [main] INFO  tiempos - Duracion del proceso intercambiarReferencias: 37700 ns
2025-09-10 18:48:54 [main] INFO  tiempos - Duracion del proceso intercambiarReferencias: 18900 ns
2025-09-10 18:48:54 [main] INFO  tiempos - Duracion del proceso intercambiarReferencias: 22400 ns
2025-09-10 18:48:54 [main] INFO  tiempos - Duracion del proceso intercambiarReferencias: 37700 ns
2025-09-10 18:48:54 [main] INFO  tiempos - Duracion del proceso intercambiarReferencias: 18700 ns
2025-09-10 18:48:54 [main] INFO  tiempos - Duracion del proceso intercambiarReferencias: 18500 ns
2025-09-10 18:48:54 [main] INFO  tiempos - Duracion del proceso intercambiarReferencias: 19000 ns
2025-09-10 18:48:54 [main] INFO  tiempos - Duracion del proceso intercambiarReferencias: 18700 ns
2025-09-10 18:48:54 [main] INFO  tiempos - Duracion del proceso intercambiarReferencias: 18600 ns
2025-09-10 18:48:54 [main] INFO  tiempos - Duracion del proceso intercambiarReferencias: 18700 ns
2025-09-10 18:48:54 [main] INFO  tiempos - Duracion del proceso intercambiarReferencias: 37500 ns
2025-09-10 18:48:54 [main] INFO  tiempos - Duracion del proceso intercambiarReferencias: 18700 ns
2025-09-10 18:48:54 [main] INFO  tiempos - Duracion del proceso intercambiarReferencias: 37800 ns
2025-09-10 18:48:54 [main] INFO  tiempos - Duracion del proceso intercambiarReferencias: 37100 ns
2025-09-10 18:48:54 [main] INFO  tiempos - Duracion del proceso intercambiarReferencias: 36800 ns
2025-09-10 18:48:54 [main] INFO  tiempos - Duracion de encriptarFrase: 3154900 ns
2025-09-10 18:48:54 [main] INFO  tiempos - Duracion del proceso intercambiarReferencias: 68700 ns
2025-09-10 18:48:54 [main] INFO  tiempos - Duracion del proceso intercambiarReferencias: 76400 ns
2025-09-10 18:48:54 [main] INFO  tiempos - Duracion del proceso intercambiarReferencias: 60500 ns
2025-09-10 18:48:54 [main] INFO  tiempos - Duracion del proceso intercambiarReferencias: 97200 ns
2025-09-10 18:48:54 [main] INFO  tiempos - Duracion del proceso intercambiarReferencias: 61200 ns
2025-09-10 18:48:54 [main] INFO  tiempos - Duracion del proceso intercambiarReferencias: 91300 ns
2025-09-10 18:48:54 [main] INFO  tiempos - Duracion del proceso intercambiarReferencias: 56400 ns
2025-09-10 18:48:54 [main] INFO  tiempos - Duracion del proceso intercambiarReferencias: 38000 ns
2025-09-10 18:48:54 [main] INFO  tiempos - Duracion del proceso intercambiarReferencias: 19800 ns
2025-09-10 18:48:54 [main] INFO  tiempos - Duracion del proceso intercambiarReferencias: 22400 ns
2025-09-10 18:48:54 [main] INFO  tiempos - Duracion del proceso intercambiarReferencias: 38400 ns
2025-09-10 18:48:54 [main] INFO  tiempos - Duracion del proceso intercambiarReferencias: 29900 ns
2025-09-10 18:48:54 [main] INFO  tiempos - Duracion del proceso intercambiarReferencias: 19900 ns
2025-09-10 18:48:54 [main] INFO  tiempos - Duracion del proceso intercambiarReferencias: 19900 ns
2025-09-10 18:48:54 [main] INFO  tiempos - Duracion del proceso intercambiarReferencias: 19600 ns
2025-09-10 18:48:54 [main] INFO  tiempos - Duracion del proceso intercambiarReferencias: 19600 ns
2025-09-10 18:48:54 [main] INFO  tiempos - Duracion del proceso intercambiarReferencias: 21600 ns
2025-09-10 18:48:54 [main] INFO  tiempos - Duracion del proceso intercambiarReferencias: 54800 ns
2025-09-10 18:48:54 [main] INFO  tiempos - Duracion del proceso intercambiarReferencias: 20000 ns
2025-09-10 18:48:54 [main] INFO  tiempos - Duracion del proceso intercambiarReferencias: 37600 ns
2025-09-10 18:48:54 [main] INFO  tiempos - Duracion del proceso intercambiarReferencias: 41400 ns
2025-09-10 18:48:54 [main] INFO  tiempos - Duracion del proceso intercambiarReferencias: 39100 ns
2025-09-10 18:48:54 [main] INFO  tiempos - Duracion de desencriptarFrase: 1176400 ns
2025-09-10 18:48:54 [main] INFO  tiempos - Duracion del proceso intercambiarReferencias: 25600 ns
2025-09-10 18:48:54 [main] INFO  tiempos - Duracion del proceso intercambiarReferencias: 50200 ns
2025-09-10 18:48:54 [main] INFO  tiempos - Duracion del proceso intercambiarReferencias: 25900 ns
2025-09-10 18:48:54 [main] INFO  tiempos - Duracion del proceso intercambiarReferencias: 38700 ns
2025-09-10 18:48:54 [main] INFO  tiempos - Duracion del proceso intercambiarReferencias: 41400 ns
2025-09-10 18:48:54 [main] INFO  tiempos - Duracion del proceso intercambiarReferencias: 19100 ns
2025-09-10 18:48:54 [main] INFO  tiempos - Duracion del proceso intercambiarReferencias: 54900 ns
2025-09-10 18:48:54 [main] INFO  tiempos - Duracion del proceso intercambiarReferencias: 36800 ns
2025-09-10 18:48:54 [main] INFO  tiempos - Duracion del proceso intercambiarReferencias: 37200 ns
2025-09-10 18:48:54 [main] INFO  tiempos - Duracion del proceso intercambiarReferencias: 19000 ns
2025-09-10 18:48:54 [main] INFO  tiempos - intercambiarReferencias duration: 0 ms
2025-09-10 18:48:54 [main] INFO  tiempos - Duracion del proceso intercambiarReferencias: 14400 ns
2025-09-10 18:48:54 [main] INFO  tiempos - Duracion del proceso intercambiarReferencias: 37300 ns
2025-09-10 18:48:54 [main] INFO  tiempos - Duracion de encriptarFrase: 1439400 ns
2025-09-10 18:48:54 [main] INFO  tiempos - Duracion del proceso intercambiarReferencias: 30500 ns
2025-09-10 18:48:54 [main] INFO  tiempos - Duracion del proceso intercambiarReferencias: 70100 ns
2025-09-10 18:48:54 [main] INFO  tiempos - Duracion del proceso intercambiarReferencias: 20200 ns
2025-09-10 18:48:54 [main] INFO  tiempos - Duracion del proceso intercambiarReferencias: 42900 ns
2025-09-10 18:48:54 [main] INFO  tiempos - Duracion del proceso intercambiarReferencias: 39000 ns
2025-09-10 18:48:54 [main] INFO  tiempos - Duracion del proceso intercambiarReferencias: 19700 ns
2025-09-10 18:48:54 [main] INFO  tiempos - Duracion del proceso intercambiarReferencias: 57100 ns
2025-09-10 18:48:54 [main] INFO  tiempos - Duracion del proceso intercambiarReferencias: 37800 ns
2025-09-10 18:48:54 [main] INFO  tiempos - Duracion del proceso intercambiarReferencias: 37600 ns
2025-09-10 18:48:54 [main] INFO  tiempos - Duracion del proceso intercambiarReferencias: 38500 ns
2025-09-10 18:48:54 [main] INFO  tiempos - intercambiarReferencias duration: 0 ms
2025-09-10 18:48:54 [main] INFO  tiempos - Duracion del proceso intercambiarReferencias: 15500 ns
2025-09-10 18:48:54 [main] INFO  tiempos - Duracion del proceso intercambiarReferencias: 40300 ns
2025-09-10 18:48:54 [main] INFO  tiempos - Duracion de desencriptarFrase: 681400 ns
2025-09-10 18:48:54 [main] INFO  tiempos - Duracion del proceso intercambiarReferencias: 49400 ns
2025-09-10 18:48:54 [main] INFO  tiempos - Duracion del proceso intercambiarReferencias: 23300 ns
2025-09-10 18:48:54 [main] INFO  tiempos - Duracion del proceso intercambiarReferencias: 78700 ns
2025-09-10 18:48:54 [main] INFO  tiempos - Duracion del proceso intercambiarReferencias: 45400 ns
2025-09-10 18:48:54 [main] INFO  tiempos - Duracion del proceso intercambiarReferencias: 23000 ns
2025-09-10 18:48:54 [main] INFO  tiempos - Duracion del proceso intercambiarReferencias: 41400 ns
2025-09-10 18:48:54 [main] INFO  tiempos - Duracion del proceso intercambiarReferencias: 18500 ns
2025-09-10 18:48:54 [main] INFO  tiempos - Duracion del proceso intercambiarReferencias: 18100 ns
2025-09-10 18:48:54 [main] INFO  tiempos - Duracion del proceso intercambiarReferencias: 55400 ns
2025-09-10 18:48:54 [main] INFO  tiempos - Duracion del proceso intercambiarReferencias: 18400 ns
2025-09-10 18:48:54 [main] INFO  tiempos - Duracion del proceso intercambiarReferencias: 18300 ns
2025-09-10 18:48:54 [main] INFO  tiempos - Duracion del proceso intercambiarReferencias: 55300 ns
2025-09-10 18:48:54 [main] INFO  tiempos - Duracion de encriptarFrase: 1547300 ns
2025-09-10 18:48:54 [main] INFO  tiempos - Duracion del proceso intercambiarReferencias: 46600 ns
2025-09-10 18:48:54 [main] INFO  tiempos - Duracion del proceso intercambiarReferencias: 19900 ns
2025-09-10 18:48:54 [main] INFO  tiempos - Duracion del proceso intercambiarReferencias: 19100 ns
2025-09-10 18:48:54 [main] INFO  tiempos - Duracion del proceso intercambiarReferencias: 36200 ns
2025-09-10 18:48:54 [main] INFO  tiempos - Duracion del proceso intercambiarReferencias: 19000 ns
2025-09-10 18:48:54 [main] INFO  tiempos - Duracion del proceso intercambiarReferencias: 36500 ns
2025-09-10 18:48:54 [main] INFO  tiempos - Duracion del proceso intercambiarReferencias: 22700 ns
2025-09-10 18:48:54 [main] INFO  tiempos - Duracion del proceso intercambiarReferencias: 18700 ns
2025-09-10 18:48:54 [main] INFO  tiempos - Duracion del proceso intercambiarReferencias: 54200 ns
2025-09-10 18:48:54 [main] INFO  tiempos - Duracion del proceso intercambiarReferencias: 18300 ns
2025-09-10 18:48:54 [main] INFO  tiempos - Duracion del proceso intercambiarReferencias: 18400 ns
2025-09-10 18:48:54 [main] INFO  tiempos - Duracion del proceso intercambiarReferencias: 54500 ns
2025-09-10 18:48:54 [main] INFO  tiempos - Duracion de desencriptarFrase: 489300 ns
2025-09-10 18:48:54 [main] INFO  tiempos - Duracion del proceso intercambiarReferencias: 24600 ns
2025-09-10 18:48:54 [main] INFO  tiempos - Duracion del proceso intercambiarReferencias: 18900 ns
2025-09-10 18:48:54 [main] INFO  tiempos - Duracion del proceso intercambiarReferencias: 36800 ns
2025-09-10 18:48:54 [main] INFO  tiempos - Duracion del proceso intercambiarReferencias: 38100 ns
2025-09-10 18:48:54 [main] INFO  tiempos - Duracion del proceso intercambiarReferencias: 52700 ns
2025-09-10 18:48:54 [main] INFO  tiempos - Duracion de encriptarFrase: 660000 ns
2025-09-10 18:48:54 [main] INFO  tiempos - Duracion del proceso intercambiarReferencias: 23700 ns
2025-09-10 18:48:54 [main] INFO  tiempos - Duracion del proceso intercambiarReferencias: 19200 ns
2025-09-10 18:48:54 [main] INFO  tiempos - Duracion del proceso intercambiarReferencias: 40300 ns
2025-09-10 18:48:54 [main] INFO  tiempos - Duracion del proceso intercambiarReferencias: 35600 ns
2025-09-10 18:48:54 [main] INFO  tiempos - Duracion del proceso intercambiarReferencias: 52100 ns
2025-09-10 18:48:54 [main] INFO  tiempos - Duracion de desencriptarFrase: 237100 ns
2025-09-10 18:48:54 [main] INFO  tiempos - Duracion del proceso intercambiarReferencias: 123300 ns
2025-09-10 18:48:54 [main] INFO  tiempos - Duracion del proceso intercambiarReferencias: 64400 ns
2025-09-10 18:48:54 [main] INFO  tiempos - Duracion del proceso intercambiarReferencias: 65600 ns
2025-09-10 18:48:54 [main] INFO  tiempos - Duracion del proceso intercambiarReferencias: 34400 ns
2025-09-10 18:48:54 [main] INFO  tiempos - Duracion del proceso intercambiarReferencias: 72600 ns
2025-09-10 18:48:54 [main] INFO  tiempos - Duracion del proceso intercambiarReferencias: 85800 ns
2025-09-10 18:48:54 [main] INFO  tiempos - Duracion del proceso intercambiarReferencias: 108700 ns
2025-09-10 18:48:54 [main] INFO  tiempos - Duracion del proceso intercambiarReferencias: 77700 ns
2025-09-10 18:48:54 [main] INFO  tiempos - Duracion del proceso intercambiarReferencias: 81900 ns
2025-09-10 18:48:54 [main] INFO  tiempos - Duracion de encriptarFrase: 2330800 ns
2025-09-10 18:48:54 [main] INFO  tiempos - Duracion del proceso intercambiarReferencias: 154500 ns
2025-09-10 18:48:54 [main] INFO  tiempos - Duracion del proceso intercambiarReferencias: 92300 ns
2025-09-10 18:48:54 [main] INFO  tiempos - Duracion del proceso intercambiarReferencias: 85500 ns
2025-09-10 18:48:54 [main] INFO  tiempos - Duracion del proceso intercambiarReferencias: 107800 ns
2025-09-10 18:48:54 [main] INFO  tiempos - Duracion del proceso intercambiarReferencias: 105400 ns
2025-09-10 18:48:54 [main] INFO  tiempos - Duracion del proceso intercambiarReferencias: 99800 ns
2025-09-10 18:48:54 [main] INFO  tiempos - Duracion del proceso intercambiarReferencias: 98100 ns
2025-09-10 18:48:54 [main] INFO  tiempos - Duracion del proceso intercambiarReferencias: 88600 ns
2025-09-10 18:48:54 [main] INFO  tiempos - Duracion del proceso intercambiarReferencias: 84100 ns
2025-09-10 18:48:54 [main] INFO  tiempos - Duracion de desencriptarFrase: 1196100 ns
2025-09-10 18:48:54 [main] INFO  tiempos - Duracion del proceso intercambiarReferencias: 123500 ns
2025-09-10 18:48:54 [main] INFO  tiempos - Duracion del proceso intercambiarReferencias: 50000 ns
2025-09-10 18:48:54 [main] INFO  tiempos - Duracion del proceso intercambiarReferencias: 34100 ns
2025-09-10 18:48:54 [main] INFO  tiempos - Duracion del proceso intercambiarReferencias: 17600 ns
2025-09-10 18:48:54 [main] INFO  tiempos - intercambiarReferencias duration: 0 ms
2025-09-10 18:48:54 [main] INFO  tiempos - Duracion del proceso intercambiarReferencias: 26600 ns
2025-09-10 18:48:54 [main] INFO  tiempos - Duracion del proceso intercambiarReferencias: 51600 ns
2025-09-10 18:48:54 [main] INFO  tiempos - Duracion del proceso intercambiarReferencias: 39900 ns
2025-09-10 18:48:54 [main] INFO  tiempos - Duracion del proceso intercambiarReferencias: 68300 ns
2025-09-10 18:48:54 [main] INFO  tiempos - Duracion del proceso intercambiarReferencias: 18800 ns
2025-09-10 18:48:54 [main] INFO  tiempos - Duracion del proceso intercambiarReferencias: 35100 ns
2025-09-10 18:48:54 [main] INFO  tiempos - Duracion del proceso intercambiarReferencias: 17200 ns
2025-09-10 18:48:54 [main] INFO  tiempos - Duracion del proceso intercambiarReferencias: 33900 ns
2025-09-10 18:48:54 [main] INFO  tiempos - Duracion del proceso intercambiarReferencias: 16900 ns
2025-09-10 18:48:54 [main] INFO  tiempos - Duracion del proceso intercambiarReferencias: 33000 ns
2025-09-10 18:48:54 [main] INFO  tiempos - Duracion del proceso intercambiarReferencias: 17200 ns
2025-09-10 18:48:54 [main] INFO  tiempos - Duracion del proceso intercambiarReferencias: 33600 ns
2025-09-10 18:48:54 [main] INFO  tiempos - Duracion del proceso intercambiarReferencias: 32900 ns
2025-09-10 18:48:54 [main] INFO  tiempos - Duracion del proceso intercambiarReferencias: 66700 ns
2025-09-10 18:48:54 [main] INFO  tiempos - Duracion del proceso intercambiarReferencias: 52100 ns
2025-09-10 18:48:54 [main] INFO  tiempos - Duracion de encriptarFrase: 2948300 ns
2025-09-10 18:48:54 [main] INFO  tiempos - Duracion del proceso intercambiarReferencias: 45900 ns
2025-09-10 18:48:54 [main] INFO  tiempos - Duracion del proceso intercambiarReferencias: 78800 ns
2025-09-10 18:48:54 [main] INFO  tiempos - Duracion del proceso intercambiarReferencias: 35000 ns
2025-09-10 18:48:54 [main] INFO  tiempos - Duracion del proceso intercambiarReferencias: 17400 ns
2025-09-10 18:48:54 [main] INFO  tiempos - intercambiarReferencias duration: 0 ms
2025-09-10 18:48:54 [main] INFO  tiempos - Duracion del proceso intercambiarReferencias: 12900 ns
2025-09-10 18:48:54 [main] INFO  tiempos - Duracion del proceso intercambiarReferencias: 54700 ns
2025-09-10 18:48:54 [main] INFO  tiempos - Duracion del proceso intercambiarReferencias: 17200 ns
2025-09-10 18:48:54 [main] INFO  tiempos - Duracion del proceso intercambiarReferencias: 82700 ns
2025-09-10 18:48:54 [main] INFO  tiempos - Duracion del proceso intercambiarReferencias: 17200 ns
2025-09-10 18:48:54 [main] INFO  tiempos - Duracion del proceso intercambiarReferencias: 33800 ns
2025-09-10 18:48:54 [main] INFO  tiempos - Duracion del proceso intercambiarReferencias: 16800 ns
2025-09-10 18:48:54 [main] INFO  tiempos - Duracion del proceso intercambiarReferencias: 33300 ns
2025-09-10 18:48:54 [main] INFO  tiempos - Duracion del proceso intercambiarReferencias: 18400 ns
2025-09-10 18:48:54 [main] INFO  tiempos - Duracion del proceso intercambiarReferencias: 33600 ns
2025-09-10 18:48:54 [main] INFO  tiempos - Duracion del proceso intercambiarReferencias: 16500 ns
2025-09-10 18:48:54 [main] INFO  tiempos - Duracion del proceso intercambiarReferencias: 68800 ns
2025-09-10 18:48:54 [main] INFO  tiempos - Duracion del proceso intercambiarReferencias: 33700 ns
2025-09-10 18:48:54 [main] INFO  tiempos - Duracion del proceso intercambiarReferencias: 70400 ns
2025-09-10 18:48:54 [main] INFO  tiempos - Duracion del proceso intercambiarReferencias: 52300 ns
2025-09-10 18:48:54 [main] INFO  tiempos - Duracion de desencriptarFrase: 937200 ns
2025-09-10 18:48:54 [main] INFO  tiempos - Duracion del proceso intercambiarReferencias: 57000 ns
2025-09-10 18:48:54 [main] INFO  tiempos - Duracion del proceso intercambiarReferencias: 29400 ns
2025-09-10 18:48:54 [main] INFO  tiempos - Duracion del proceso intercambiarReferencias: 56800 ns
2025-09-10 18:48:54 [main] INFO  tiempos - Duracion del proceso intercambiarReferencias: 83900 ns
2025-09-10 18:48:54 [main] INFO  tiempos - Duracion del proceso intercambiarReferencias: 28300 ns
2025-09-10 18:48:54 [main] INFO  tiempos - Duracion del proceso intercambiarReferencias: 27400 ns
2025-09-10 18:48:54 [main] INFO  tiempos - Duracion del proceso intercambiarReferencias: 56600 ns
2025-09-10 18:48:54 [main] INFO  tiempos - Duracion del proceso intercambiarReferencias: 83900 ns
2025-09-10 18:48:54 [main] INFO  tiempos - Duracion del proceso intercambiarReferencias: 55000 ns
2025-09-10 18:48:54 [main] INFO  tiempos - Duracion del proceso intercambiarReferencias: 84400 ns
2025-09-10 18:48:54 [main] INFO  tiempos - Duracion del proceso intercambiarReferencias: 55000 ns
2025-09-10 18:48:54 [main] INFO  tiempos - Duracion del proceso intercambiarReferencias: 86400 ns
2025-09-10 18:48:54 [main] INFO  tiempos - Duracion de encriptarFrase: 2568500 ns
2025-09-10 18:48:54 [main] INFO  tiempos - Duracion del proceso intercambiarReferencias: 48300 ns
2025-09-10 18:48:54 [main] INFO  tiempos - Duracion del proceso intercambiarReferencias: 19200 ns
2025-09-10 18:48:54 [main] INFO  tiempos - Duracion del proceso intercambiarReferencias: 34400 ns
2025-09-10 18:48:54 [main] INFO  tiempos - Duracion del proceso intercambiarReferencias: 77000 ns
2025-09-10 18:48:54 [main] INFO  tiempos - Duracion del proceso intercambiarReferencias: 26600 ns
2025-09-10 18:48:54 [main] INFO  tiempos - Duracion del proceso intercambiarReferencias: 16900 ns
2025-09-10 18:48:54 [main] INFO  tiempos - Duracion del proceso intercambiarReferencias: 33000 ns
2025-09-10 18:48:54 [main] INFO  tiempos - Duracion del proceso intercambiarReferencias: 50300 ns
2025-09-10 18:48:54 [main] INFO  tiempos - Duracion del proceso intercambiarReferencias: 34300 ns
2025-09-10 18:48:54 [main] INFO  tiempos - Duracion del proceso intercambiarReferencias: 51900 ns
2025-09-10 18:48:54 [main] INFO  tiempos - Duracion del proceso intercambiarReferencias: 33500 ns
2025-09-10 18:48:54 [main] INFO  tiempos - Duracion del proceso intercambiarReferencias: 49600 ns
2025-09-10 18:48:54 [main] INFO  tiempos - Duracion de desencriptarFrase: 614600 ns
2025-09-10 18:48:54 [main] INFO  tiempos - Duracion del proceso intercambiarReferencias: 67000 ns
2025-09-10 18:48:54 [main] INFO  tiempos - Duracion del proceso intercambiarReferencias: 16400 ns
2025-09-10 18:48:54 [main] INFO  tiempos - Duracion del proceso intercambiarReferencias: 67100 ns
2025-09-10 18:48:54 [main] INFO  tiempos - Duracion del proceso intercambiarReferencias: 16400 ns
2025-09-10 18:48:54 [main] INFO  tiempos - Duracion del proceso intercambiarReferencias: 49800 ns
2025-09-10 18:48:54 [main] INFO  tiempos - Duracion del proceso intercambiarReferencias: 16300 ns
2025-09-10 18:48:54 [main] INFO  tiempos - Duracion del proceso intercambiarReferencias: 16000 ns
2025-09-10 18:48:54 [main] INFO  tiempos - Duracion del proceso intercambiarReferencias: 18600 ns
2025-09-10 18:48:54 [main] INFO  tiempos - Duracion del proceso intercambiarReferencias: 16500 ns
2025-09-10 18:48:54 [main] INFO  tiempos - Duracion del proceso intercambiarReferencias: 48600 ns
2025-09-10 18:48:54 [main] INFO  tiempos - Duracion del proceso intercambiarReferencias: 16200 ns
2025-09-10 18:48:54 [main] INFO  tiempos - Duracion del proceso intercambiarReferencias: 33000 ns
2025-09-10 18:48:54 [main] INFO  tiempos - Duracion del proceso intercambiarReferencias: 34300 ns
2025-09-10 18:48:54 [main] INFO  tiempos - Duracion de encriptarFrase: 1571300 ns
2025-09-10 18:48:54 [main] INFO  tiempos - Duracion del proceso intercambiarReferencias: 76100 ns
2025-09-10 18:48:54 [main] INFO  tiempos - Duracion del proceso intercambiarReferencias: 18200 ns
2025-09-10 18:48:54 [main] INFO  tiempos - Duracion del proceso intercambiarReferencias: 68100 ns
2025-09-10 18:48:54 [main] INFO  tiempos - Duracion del proceso intercambiarReferencias: 17400 ns
2025-09-10 18:48:54 [main] INFO  tiempos - Duracion del proceso intercambiarReferencias: 53100 ns
2025-09-10 18:48:54 [main] INFO  tiempos - Duracion del proceso intercambiarReferencias: 18600 ns
2025-09-10 18:48:54 [main] INFO  tiempos - Duracion del proceso intercambiarReferencias: 18200 ns
2025-09-10 18:48:54 [main] INFO  tiempos - Duracion del proceso intercambiarReferencias: 16800 ns
2025-09-10 18:48:54 [main] INFO  tiempos - Duracion del proceso intercambiarReferencias: 59300 ns
2025-09-10 18:48:54 [main] INFO  tiempos - Duracion del proceso intercambiarReferencias: 52900 ns
2025-09-10 18:48:54 [main] INFO  tiempos - Duracion del proceso intercambiarReferencias: 17100 ns
2025-09-10 18:48:54 [main] INFO  tiempos - Duracion del proceso intercambiarReferencias: 33100 ns
2025-09-10 18:48:54 [main] INFO  tiempos - Duracion del proceso intercambiarReferencias: 34500 ns
2025-09-10 18:48:54 [main] INFO  tiempos - Duracion de desencriptarFrase: 652100 ns
2025-09-10 18:48:54 [main] INFO  tiempos - Duracion del proceso intercambiarReferencias: 60300 ns
2025-09-10 18:48:54 [main] INFO  tiempos - Duracion del proceso intercambiarReferencias: 27100 ns
2025-09-10 18:48:54 [main] INFO  tiempos - Duracion del proceso intercambiarReferencias: 61100 ns
2025-09-10 18:48:54 [main] INFO  tiempos - Duracion del proceso intercambiarReferencias: 57500 ns
2025-09-10 18:48:54 [main] INFO  tiempos - Duracion del proceso intercambiarReferencias: 54500 ns
2025-09-10 18:48:54 [main] INFO  tiempos - Duracion del proceso intercambiarReferencias: 28500 ns
2025-09-10 18:48:54 [main] INFO  tiempos - Duracion del proceso intercambiarReferencias: 28600 ns
2025-09-10 18:48:54 [main] INFO  tiempos - Duracion del proceso intercambiarReferencias: 83100 ns
2025-09-10 18:48:54 [main] INFO  tiempos - Duracion del proceso intercambiarReferencias: 53500 ns
2025-09-10 18:48:54 [main] INFO  tiempos - Duracion del proceso intercambiarReferencias: 59500 ns
2025-09-10 18:48:54 [main] INFO  tiempos - Duracion del proceso intercambiarReferencias: 67300 ns
2025-09-10 18:48:54 [main] INFO  tiempos - Duracion del proceso intercambiarReferencias: 30000 ns
2025-09-10 18:48:54 [main] INFO  tiempos - Duracion del proceso intercambiarReferencias: 60400 ns
2025-09-10 18:48:54 [main] INFO  tiempos - Duracion de encriptarFrase: 2490000 ns
2025-09-10 18:48:54 [main] INFO  tiempos - Duracion del proceso intercambiarReferencias: 41200 ns
2025-09-10 18:48:54 [main] INFO  tiempos - Duracion del proceso intercambiarReferencias: 17900 ns
2025-09-10 18:48:54 [main] INFO  tiempos - Duracion del proceso intercambiarReferencias: 33800 ns
2025-09-10 18:48:54 [main] INFO  tiempos - Duracion del proceso intercambiarReferencias: 33500 ns
2025-09-10 18:48:54 [main] INFO  tiempos - Duracion del proceso intercambiarReferencias: 33500 ns
2025-09-10 18:48:54 [main] INFO  tiempos - Duracion del proceso intercambiarReferencias: 16800 ns
2025-09-10 18:48:54 [main] INFO  tiempos - Duracion del proceso intercambiarReferencias: 16800 ns
2025-09-10 18:48:54 [main] INFO  tiempos - Duracion del proceso intercambiarReferencias: 55000 ns
2025-09-10 18:48:54 [main] INFO  tiempos - Duracion del proceso intercambiarReferencias: 33300 ns
2025-09-10 18:48:54 [main] INFO  tiempos - Duracion del proceso intercambiarReferencias: 33200 ns
2025-09-10 18:48:54 [main] INFO  tiempos - Duracion del proceso intercambiarReferencias: 368300 ns
2025-09-10 18:48:54 [main] INFO  tiempos - Duracion del proceso intercambiarReferencias: 19500 ns
2025-09-10 18:48:54 [main] INFO  tiempos - Duracion del proceso intercambiarReferencias: 34300 ns
2025-09-10 18:48:54 [main] INFO  tiempos - Duracion de desencriptarFrase: 867400 ns
2025-09-10 18:48:54 [main] INFO  tiempos - intercambiarReferencias duration: 0 ms
2025-09-10 18:48:54 [main] INFO  tiempos - Duracion del proceso intercambiarReferencias: 14300 ns
2025-09-10 18:48:54 [main] INFO  tiempos - Duracion del proceso intercambiarReferencias: 33400 ns
2025-09-10 18:48:54 [main] INFO  tiempos - Duracion del proceso intercambiarReferencias: 51800 ns
2025-09-10 18:48:54 [main] INFO  tiempos - Duracion del proceso intercambiarReferencias: 33100 ns
2025-09-10 18:48:54 [main] INFO  tiempos - Duracion del proceso intercambiarReferencias: 16800 ns
2025-09-10 18:48:54 [main] INFO  tiempos - Duracion del proceso intercambiarReferencias: 34100 ns
2025-09-10 18:48:54 [main] INFO  tiempos - Duracion del proceso intercambiarReferencias: 16500 ns
2025-09-10 18:48:54 [main] INFO  tiempos - Duracion del proceso intercambiarReferencias: 33000 ns
2025-09-10 18:48:54 [main] INFO  tiempos - Duracion del proceso intercambiarReferencias: 17400 ns
2025-09-10 18:48:54 [main] INFO  tiempos - Duracion del proceso intercambiarReferencias: 16400 ns
2025-09-10 18:48:54 [main] INFO  tiempos - Duracion del proceso intercambiarReferencias: 32400 ns
2025-09-10 18:48:54 [main] INFO  tiempos - Duracion del proceso intercambiarReferencias: 33600 ns
2025-09-10 18:48:54 [main] INFO  tiempos - Duracion del proceso intercambiarReferencias: 16700 ns
2025-09-10 18:48:54 [main] INFO  tiempos - Duracion del proceso intercambiarReferencias: 33500 ns
2025-09-10 18:48:54 [main] INFO  tiempos - Duracion del proceso intercambiarReferencias: 17000 ns
2025-09-10 18:48:54 [main] INFO  tiempos - Duracion del proceso intercambiarReferencias: 93500 ns
2025-09-10 18:48:54 [main] INFO  tiempos - Duracion de encriptarFrase: 1926700 ns
2025-09-10 18:48:54 [main] INFO  tiempos - intercambiarReferencias duration: 0 ms
2025-09-10 18:48:54 [main] INFO  tiempos - Duracion del proceso intercambiarReferencias: 22000 ns
2025-09-10 18:48:54 [main] INFO  tiempos - Duracion del proceso intercambiarReferencias: 36200 ns
2025-09-10 18:48:54 [main] INFO  tiempos - Duracion del proceso intercambiarReferencias: 51600 ns
2025-09-10 18:48:54 [main] INFO  tiempos - Duracion del proceso intercambiarReferencias: 34400 ns
2025-09-10 18:48:54 [main] INFO  tiempos - Duracion del proceso intercambiarReferencias: 17500 ns
2025-09-10 18:48:54 [main] INFO  tiempos - Duracion del proceso intercambiarReferencias: 34800 ns
2025-09-10 18:48:54 [main] INFO  tiempos - Duracion del proceso intercambiarReferencias: 19600 ns
2025-09-10 18:48:54 [main] INFO  tiempos - Duracion del proceso intercambiarReferencias: 78000 ns
2025-09-10 18:48:54 [main] INFO  tiempos - Duracion del proceso intercambiarReferencias: 21100 ns
2025-09-10 18:48:54 [main] INFO  tiempos - Duracion del proceso intercambiarReferencias: 17000 ns
2025-09-10 18:48:54 [main] INFO  tiempos - Duracion del proceso intercambiarReferencias: 33500 ns
2025-09-10 18:48:54 [main] INFO  tiempos - Duracion del proceso intercambiarReferencias: 33400 ns
2025-09-10 18:48:54 [main] INFO  tiempos - Duracion del proceso intercambiarReferencias: 17200 ns
2025-09-10 18:48:54 [main] INFO  tiempos - Duracion del proceso intercambiarReferencias: 33900 ns
2025-09-10 18:48:54 [main] INFO  tiempos - Duracion del proceso intercambiarReferencias: 17000 ns
2025-09-10 18:48:54 [main] INFO  tiempos - Duracion del proceso intercambiarReferencias: 73500 ns
2025-09-10 18:48:54 [main] INFO  tiempos - Duracion de desencriptarFrase: 710900 ns
2025-09-10 18:48:54 [main] INFO  tiempos - Duracion del proceso intercambiarReferencias: 33900 ns
2025-09-10 18:48:54 [main] INFO  tiempos - Duracion del proceso intercambiarReferencias: 16900 ns
2025-09-10 18:48:54 [main] INFO  tiempos - Duracion del proceso intercambiarReferencias: 18100 ns
2025-09-10 18:48:54 [main] INFO  tiempos - Duracion del proceso intercambiarReferencias: 43600 ns
2025-09-10 18:48:54 [main] INFO  tiempos - Duracion del proceso intercambiarReferencias: 69800 ns
2025-09-10 18:48:54 [main] INFO  tiempos - Duracion del proceso intercambiarReferencias: 16600 ns
2025-09-10 18:48:54 [main] INFO  tiempos - Duracion del proceso intercambiarReferencias: 52800 ns
2025-09-10 18:48:54 [main] INFO  tiempos - Duracion del proceso intercambiarReferencias: 16700 ns
2025-09-10 18:48:54 [main] INFO  tiempos - Duracion del proceso intercambiarReferencias: 33300 ns
2025-09-10 18:48:54 [main] INFO  tiempos - Duracion del proceso intercambiarReferencias: 33200 ns
2025-09-10 18:48:54 [main] INFO  tiempos - Duracion del proceso intercambiarReferencias: 33700 ns
2025-09-10 18:48:54 [main] INFO  tiempos - Duracion del proceso intercambiarReferencias: 66300 ns
2025-09-10 18:48:54 [main] INFO  tiempos - Duracion de encriptarFrase: 1731500 ns
2025-09-10 18:48:54 [main] INFO  tiempos - Duracion del proceso intercambiarReferencias: 64700 ns
2025-09-10 18:48:54 [main] INFO  tiempos - Duracion del proceso intercambiarReferencias: 24900 ns
2025-09-10 18:48:54 [main] INFO  tiempos - Duracion del proceso intercambiarReferencias: 30900 ns
2025-09-10 18:48:54 [main] INFO  tiempos - Duracion del proceso intercambiarReferencias: 37700 ns
2025-09-10 18:48:54 [main] INFO  tiempos - Duracion del proceso intercambiarReferencias: 64400 ns
2025-09-10 18:48:54 [main] INFO  tiempos - Duracion del proceso intercambiarReferencias: 17600 ns
2025-09-10 18:48:54 [main] INFO  tiempos - Duracion del proceso intercambiarReferencias: 51600 ns
2025-09-10 18:48:54 [main] INFO  tiempos - Duracion del proceso intercambiarReferencias: 16900 ns
2025-09-10 18:48:54 [main] INFO  tiempos - Duracion del proceso intercambiarReferencias: 32300 ns
2025-09-10 18:48:54 [main] INFO  tiempos - Duracion del proceso intercambiarReferencias: 35800 ns
2025-09-10 18:48:54 [main] INFO  tiempos - Duracion del proceso intercambiarReferencias: 34200 ns
2025-09-10 18:48:54 [main] INFO  tiempos - Duracion del proceso intercambiarReferencias: 63800 ns
2025-09-10 18:48:54 [main] INFO  tiempos - Duracion de desencriptarFrase: 597200 ns
2025-09-10 18:48:54 [main] INFO  tiempos - Duracion del proceso intercambiarReferencias: 54900 ns
2025-09-10 18:48:54 [main] INFO  tiempos - Duracion del proceso intercambiarReferencias: 16800 ns
2025-09-10 18:48:54 [main] INFO  tiempos - Duracion del proceso intercambiarReferencias: 16400 ns
2025-09-10 18:48:54 [main] INFO  tiempos - Duracion del proceso intercambiarReferencias: 18100 ns
2025-09-10 18:48:54 [main] INFO  tiempos - Duracion del proceso intercambiarReferencias: 16500 ns
2025-09-10 18:48:54 [main] INFO  tiempos - Duracion del proceso intercambiarReferencias: 49500 ns
2025-09-10 18:48:54 [main] INFO  tiempos - Duracion del proceso intercambiarReferencias: 16400 ns
2025-09-10 18:48:54 [main] INFO  tiempos - Duracion del proceso intercambiarReferencias: 34500 ns
2025-09-10 18:48:54 [main] INFO  tiempos - Duracion del proceso intercambiarReferencias: 18000 ns
2025-09-10 18:48:54 [main] INFO  tiempos - Duracion del proceso intercambiarReferencias: 34000 ns
2025-09-10 18:48:54 [main] INFO  tiempos - Duracion del proceso intercambiarReferencias: 32600 ns
2025-09-10 18:48:54 [main] INFO  tiempos - Duracion del proceso intercambiarReferencias: 16200 ns
2025-09-10 18:48:54 [main] INFO  tiempos - Duracion del proceso intercambiarReferencias: 65300 ns
2025-09-10 18:48:54 [main] INFO  tiempos - Duracion de encriptarFrase: 1504500 ns
2025-09-10 18:48:54 [main] INFO  tiempos - Duracion del proceso intercambiarReferencias: 67900 ns
2025-09-10 18:48:54 [main] INFO  tiempos - Duracion del proceso intercambiarReferencias: 26700 ns
2025-09-10 18:48:54 [main] INFO  tiempos - Duracion del proceso intercambiarReferencias: 20500 ns
2025-09-10 18:48:54 [main] INFO  tiempos - Duracion del proceso intercambiarReferencias: 20000 ns
2025-09-10 18:48:54 [main] INFO  tiempos - Duracion del proceso intercambiarReferencias: 20100 ns
2025-09-10 18:48:54 [main] INFO  tiempos - Duracion del proceso intercambiarReferencias: 60600 ns
2025-09-10 18:48:54 [main] INFO  tiempos - Duracion del proceso intercambiarReferencias: 20100 ns
2025-09-10 18:48:54 [main] INFO  tiempos - Duracion del proceso intercambiarReferencias: 39400 ns
2025-09-10 18:48:54 [main] INFO  tiempos - Duracion del proceso intercambiarReferencias: 16700 ns
2025-09-10 18:48:54 [main] INFO  tiempos - Duracion del proceso intercambiarReferencias: 31800 ns
2025-09-10 18:48:54 [main] INFO  tiempos - Duracion del proceso intercambiarReferencias: 35000 ns
2025-09-10 18:48:54 [main] INFO  tiempos - Duracion del proceso intercambiarReferencias: 16100 ns
2025-09-10 18:48:54 [main] INFO  tiempos - Duracion del proceso intercambiarReferencias: 64900 ns
2025-09-10 18:48:54 [main] INFO  tiempos - Duracion de desencriptarFrase: 573600 ns
2025-09-10 18:48:54 [main] INFO  tiempos - Duracion del proceso intercambiarReferencias: 72000 ns
2025-09-10 18:48:54 [main] INFO  tiempos - Duracion del proceso intercambiarReferencias: 16600 ns
2025-09-10 18:48:54 [main] INFO  tiempos - Duracion del proceso intercambiarReferencias: 49900 ns
2025-09-10 18:48:54 [main] INFO  tiempos - Duracion del proceso intercambiarReferencias: 18700 ns
2025-09-10 18:48:54 [main] INFO  tiempos - Duracion del proceso intercambiarReferencias: 32300 ns
2025-09-10 18:48:54 [main] INFO  tiempos - Duracion del proceso intercambiarReferencias: 32000 ns
2025-09-10 18:48:54 [main] INFO  tiempos - Duracion del proceso intercambiarReferencias: 32600 ns
2025-09-10 18:48:54 [main] INFO  tiempos - Duracion del proceso intercambiarReferencias: 16300 ns
2025-09-10 18:48:54 [main] INFO  tiempos - Duracion del proceso intercambiarReferencias: 48500 ns
2025-09-10 18:48:54 [main] INFO  tiempos - Duracion del proceso intercambiarReferencias: 16300 ns
2025-09-10 18:48:54 [main] INFO  tiempos - Duracion del proceso intercambiarReferencias: 35100 ns
2025-09-10 18:48:54 [main] INFO  tiempos - Duracion del proceso intercambiarReferencias: 16700 ns
2025-09-10 18:48:54 [main] INFO  tiempos - Duracion del proceso intercambiarReferencias: 82700 ns
2025-09-10 18:48:54 [main] INFO  tiempos - Duracion del proceso intercambiarReferencias: 61300 ns
2025-09-10 18:48:54 [main] INFO  tiempos - Duracion del proceso intercambiarReferencias: 64700 ns
2025-09-10 18:48:54 [main] INFO  tiempos - Duracion del proceso intercambiarReferencias: 16200 ns
2025-09-10 18:48:54 [main] INFO  tiempos - Duracion del proceso intercambiarReferencias: 32600 ns
2025-09-10 18:48:54 [main] INFO  tiempos - Duracion del proceso intercambiarReferencias: 16200 ns
2025-09-10 18:48:54 [main] INFO  tiempos - Duracion del proceso intercambiarReferencias: 48800 ns
2025-09-10 18:48:54 [main] INFO  tiempos - Duracion de encriptarFrase: 2442600 ns
2025-09-10 18:48:54 [main] INFO  tiempos - Duracion del proceso intercambiarReferencias: 50400 ns
2025-09-10 18:48:54 [main] INFO  tiempos - Duracion del proceso intercambiarReferencias: 22600 ns
2025-09-10 18:48:54 [main] INFO  tiempos - Duracion del proceso intercambiarReferencias: 66000 ns
2025-09-10 18:48:54 [main] INFO  tiempos - Duracion del proceso intercambiarReferencias: 21100 ns
2025-09-10 18:48:54 [main] INFO  tiempos - Duracion del proceso intercambiarReferencias: 40600 ns
2025-09-10 18:48:54 [main] INFO  tiempos - Duracion del proceso intercambiarReferencias: 41800 ns
2025-09-10 18:48:54 [main] INFO  tiempos - Duracion del proceso intercambiarReferencias: 40500 ns
2025-09-10 18:48:54 [main] INFO  tiempos - Duracion del proceso intercambiarReferencias: 20200 ns
2025-09-10 18:48:54 [main] INFO  tiempos - Duracion del proceso intercambiarReferencias: 60700 ns
2025-09-10 18:48:54 [main] INFO  tiempos - Duracion del proceso intercambiarReferencias: 20800 ns
2025-09-10 18:48:54 [main] INFO  tiempos - Duracion del proceso intercambiarReferencias: 42600 ns
2025-09-10 18:48:54 [main] INFO  tiempos - Duracion del proceso intercambiarReferencias: 21000 ns
2025-09-10 18:48:54 [main] INFO  tiempos - Duracion del proceso intercambiarReferencias: 87400 ns
2025-09-10 18:48:54 [main] INFO  tiempos - Duracion del proceso intercambiarReferencias: 49800 ns
2025-09-10 18:48:54 [main] INFO  tiempos - Duracion del proceso intercambiarReferencias: 67500 ns
2025-09-10 18:48:54 [main] INFO  tiempos - Duracion del proceso intercambiarReferencias: 21400 ns
2025-09-10 18:48:54 [main] INFO  tiempos - Duracion del proceso intercambiarReferencias: 33400 ns
2025-09-10 18:48:54 [main] INFO  tiempos - Duracion del proceso intercambiarReferencias: 17100 ns
2025-09-10 18:48:54 [main] INFO  tiempos - Duracion del proceso intercambiarReferencias: 49900 ns
2025-09-10 18:48:54 [main] INFO  tiempos - Duracion de desencriptarFrase: 962200 ns
2025-09-10 18:48:54 [main] INFO  tiempos - Duracion del proceso intercambiarReferencias: 98600 ns
2025-09-10 18:48:54 [main] INFO  tiempos - Duracion del proceso intercambiarReferencias: 27700 ns
2025-09-10 18:48:54 [main] INFO  tiempos - Duracion del proceso intercambiarReferencias: 24300 ns
2025-09-10 18:48:54 [main] INFO  tiempos - Duracion del proceso intercambiarReferencias: 60500 ns
2025-09-10 18:48:54 [main] INFO  tiempos - Duracion del proceso intercambiarReferencias: 101400 ns
2025-09-10 18:48:54 [main] INFO  tiempos - Duracion del proceso intercambiarReferencias: 48900 ns
2025-09-10 18:48:54 [main] INFO  tiempos - Duracion del proceso intercambiarReferencias: 25500 ns
2025-09-10 18:48:54 [main] INFO  tiempos - Duracion del proceso intercambiarReferencias: 120500 ns
2025-09-10 18:48:54 [main] INFO  tiempos - Duracion del proceso intercambiarReferencias: 64600 ns
2025-09-10 18:48:54 [main] INFO  tiempos - Duracion del proceso intercambiarReferencias: 20100 ns
2025-09-10 18:48:54 [main] INFO  tiempos - Duracion del proceso intercambiarReferencias: 19800 ns
2025-09-10 18:48:54 [main] INFO  tiempos - Duracion del proceso intercambiarReferencias: 32400 ns
2025-09-10 18:48:54 [main] INFO  tiempos - Duracion del proceso intercambiarReferencias: 65300 ns
2025-09-10 18:48:54 [main] INFO  tiempos - Duracion del proceso intercambiarReferencias: 32200 ns
2025-09-10 18:48:54 [main] INFO  tiempos - Duracion del proceso intercambiarReferencias: 16400 ns
2025-09-10 18:48:54 [main] INFO  tiempos - Duracion del proceso intercambiarReferencias: 83100 ns
2025-09-10 18:48:54 [main] INFO  tiempos - Duracion de encriptarFrase: 3121700 ns
2025-09-10 18:48:54 [main] INFO  tiempos - Duracion del proceso intercambiarReferencias: 84100 ns
2025-09-10 18:48:54 [main] INFO  tiempos - Duracion del proceso intercambiarReferencias: 18100 ns
2025-09-10 18:48:54 [main] INFO  tiempos - Duracion del proceso intercambiarReferencias: 17100 ns
2025-09-10 18:48:54 [main] INFO  tiempos - Duracion del proceso intercambiarReferencias: 32800 ns
2025-09-10 18:48:54 [main] INFO  tiempos - Duracion del proceso intercambiarReferencias: 42200 ns
2025-09-10 18:48:54 [main] INFO  tiempos - Duracion del proceso intercambiarReferencias: 33400 ns
2025-09-10 18:48:54 [main] INFO  tiempos - Duracion del proceso intercambiarReferencias: 16000 ns
2025-09-10 18:48:54 [main] INFO  tiempos - Duracion del proceso intercambiarReferencias: 98600 ns
2025-09-10 18:48:54 [main] INFO  tiempos - Duracion del proceso intercambiarReferencias: 48600 ns
2025-09-10 18:48:54 [main] INFO  tiempos - Duracion del proceso intercambiarReferencias: 16000 ns
2025-09-10 18:48:54 [main] INFO  tiempos - Duracion del proceso intercambiarReferencias: 16200 ns
2025-09-10 18:48:54 [main] INFO  tiempos - Duracion del proceso intercambiarReferencias: 33100 ns
2025-09-10 18:48:54 [main] INFO  tiempos - Duracion del proceso intercambiarReferencias: 47700 ns
2025-09-10 18:48:54 [main] INFO  tiempos - Duracion del proceso intercambiarReferencias: 32800 ns
2025-09-10 18:48:54 [main] INFO  tiempos - Duracion del proceso intercambiarReferencias: 16400 ns
2025-09-10 18:48:54 [main] INFO  tiempos - Duracion del proceso intercambiarReferencias: 79700 ns
2025-09-10 18:48:54 [main] INFO  tiempos - Duracion de desencriptarFrase: 790900 ns
2025-09-10 18:48:54 [main] INFO  tiempos - intercambiarReferencias duration: 0 ms
2025-09-10 18:48:54 [main] INFO  tiempos - Duracion del proceso intercambiarReferencias: 14400 ns
2025-09-10 18:48:54 [main] INFO  tiempos - Duracion del proceso intercambiarReferencias: 16200 ns
2025-09-10 18:48:54 [main] INFO  tiempos - Duracion del proceso intercambiarReferencias: 16200 ns
2025-09-10 18:48:54 [main] INFO  tiempos - Duracion del proceso intercambiarReferencias: 31500 ns
2025-09-10 18:48:54 [main] INFO  tiempos - Duracion del proceso intercambiarReferencias: 21700 ns
2025-09-10 18:48:54 [main] INFO  tiempos - Duracion del proceso intercambiarReferencias: 47900 ns
2025-09-10 18:48:54 [main] INFO  tiempos - Duracion del proceso intercambiarReferencias: 16000 ns
2025-09-10 18:48:54 [main] INFO  tiempos - Duracion del proceso intercambiarReferencias: 48100 ns
2025-09-10 18:48:54 [main] INFO  tiempos - Duracion del proceso intercambiarReferencias: 50000 ns
2025-09-10 18:48:54 [main] INFO  tiempos - intercambiarReferencias duration: 0 ms
2025-09-10 18:48:54 [main] INFO  tiempos - Duracion del proceso intercambiarReferencias: 11300 ns
2025-09-10 18:48:54 [main] INFO  tiempos - Duracion del proceso intercambiarReferencias: 16000 ns
2025-09-10 18:48:54 [main] INFO  tiempos - Duracion del proceso intercambiarReferencias: 16100 ns
2025-09-10 18:48:54 [main] INFO  tiempos - Duracion del proceso intercambiarReferencias: 34900 ns
2025-09-10 18:48:54 [main] INFO  tiempos - Duracion del proceso intercambiarReferencias: 97900 ns
2025-09-10 18:48:54 [main] INFO  tiempos - Duracion del proceso intercambiarReferencias: 47700 ns
2025-09-10 18:48:54 [main] INFO  tiempos - Duracion del proceso intercambiarReferencias: 50200 ns
2025-09-10 18:48:54 [main] INFO  tiempos - Duracion del proceso intercambiarReferencias: 47200 ns
2025-09-10 18:48:54 [main] INFO  tiempos - Duracion del proceso intercambiarReferencias: 32000 ns
2025-09-10 18:48:54 [main] INFO  tiempos - Duracion de encriptarFrase: 2122800 ns
2025-09-10 18:48:54 [main] INFO  tiempos - intercambiarReferencias duration: 0 ms
2025-09-10 18:48:54 [main] INFO  tiempos - Duracion del proceso intercambiarReferencias: 19500 ns
2025-09-10 18:48:54 [main] INFO  tiempos - Duracion del proceso intercambiarReferencias: 18600 ns
2025-09-10 18:48:54 [main] INFO  tiempos - Duracion del proceso intercambiarReferencias: 17000 ns
2025-09-10 18:48:54 [main] INFO  tiempos - Duracion del proceso intercambiarReferencias: 32400 ns
2025-09-10 18:48:54 [main] INFO  tiempos - Duracion del proceso intercambiarReferencias: 15700 ns
2025-09-10 18:48:54 [main] INFO  tiempos - Duracion del proceso intercambiarReferencias: 48300 ns
2025-09-10 18:48:54 [main] INFO  tiempos - Duracion del proceso intercambiarReferencias: 16300 ns
2025-09-10 18:48:54 [main] INFO  tiempos - Duracion del proceso intercambiarReferencias: 51600 ns
2025-09-10 18:48:54 [main] INFO  tiempos - Duracion del proceso intercambiarReferencias: 47400 ns
2025-09-10 18:48:54 [main] INFO  tiempos - intercambiarReferencias duration: 0 ms
2025-09-10 18:48:54 [main] INFO  tiempos - Duracion del proceso intercambiarReferencias: 11300 ns
2025-09-10 18:48:54 [main] INFO  tiempos - Duracion del proceso intercambiarReferencias: 15800 ns
2025-09-10 18:48:54 [main] INFO  tiempos - Duracion del proceso intercambiarReferencias: 15500 ns
2025-09-10 18:48:54 [main] INFO  tiempos - Duracion del proceso intercambiarReferencias: 30800 ns
2025-09-10 18:48:54 [main] INFO  tiempos - Duracion del proceso intercambiarReferencias: 45900 ns
2025-09-10 18:48:54 [main] INFO  tiempos - Duracion del proceso intercambiarReferencias: 48900 ns
2025-09-10 18:48:54 [main] INFO  tiempos - Duracion del proceso intercambiarReferencias: 47300 ns
2025-09-10 18:48:54 [main] INFO  tiempos - Duracion del proceso intercambiarReferencias: 46700 ns
2025-09-10 18:48:54 [main] INFO  tiempos - Duracion del proceso intercambiarReferencias: 31800 ns
2025-09-10 18:48:54 [main] INFO  tiempos - Duracion de desencriptarFrase: 707000 ns
2025-09-10 18:48:54 [main] INFO  tiempos - Duracion del proceso intercambiarReferencias: 46900 ns
2025-09-10 18:48:54 [main] INFO  tiempos - Duracion del proceso intercambiarReferencias: 49400 ns
2025-09-10 18:48:54 [main] INFO  tiempos - Duracion del proceso intercambiarReferencias: 31300 ns
2025-09-10 18:48:54 [main] INFO  tiempos - Duracion del proceso intercambiarReferencias: 32300 ns
2025-09-10 18:48:54 [main] INFO  tiempos - Duracion del proceso intercambiarReferencias: 15900 ns
2025-09-10 18:48:54 [main] INFO  tiempos - Duracion del proceso intercambiarReferencias: 31400 ns
2025-09-10 18:48:54 [main] INFO  tiempos - Duracion del proceso intercambiarReferencias: 15800 ns
2025-09-10 18:48:54 [main] INFO  tiempos - Duracion del proceso intercambiarReferencias: 31400 ns
2025-09-10 18:48:54 [main] INFO  tiempos - Duracion de encriptarFrase: 1064600 ns
2025-09-10 18:48:54 [main] INFO  tiempos - Duracion del proceso intercambiarReferencias: 57100 ns
2025-09-10 18:48:54 [main] INFO  tiempos - Duracion del proceso intercambiarReferencias: 49300 ns
2025-09-10 18:48:54 [main] INFO  tiempos - Duracion del proceso intercambiarReferencias: 32500 ns
2025-09-10 18:48:54 [main] INFO  tiempos - Duracion del proceso intercambiarReferencias: 37100 ns
2025-09-10 18:48:54 [main] INFO  tiempos - Duracion del proceso intercambiarReferencias: 16500 ns
2025-09-10 18:48:54 [main] INFO  tiempos - Duracion del proceso intercambiarReferencias: 31500 ns
2025-09-10 18:48:54 [main] INFO  tiempos - Duracion del proceso intercambiarReferencias: 16100 ns
2025-09-10 18:48:54 [main] INFO  tiempos - Duracion del proceso intercambiarReferencias: 32000 ns
2025-09-10 18:48:54 [main] INFO  tiempos - Duracion de desencriptarFrase: 361700 ns
2025-09-10 18:48:54 [main] INFO  tiempos - Duracion del proceso intercambiarReferencias: 63200 ns
2025-09-10 18:48:54 [main] INFO  tiempos - Duracion del proceso intercambiarReferencias: 16000 ns
2025-09-10 18:48:54 [main] INFO  tiempos - Duracion del proceso intercambiarReferencias: 31400 ns
2025-09-10 18:48:54 [main] INFO  tiempos - Duracion del proceso intercambiarReferencias: 28900 ns
2025-09-10 18:48:54 [main] INFO  tiempos - Duracion del proceso intercambiarReferencias: 31900 ns
2025-09-10 18:48:54 [main] INFO  tiempos - Duracion del proceso intercambiarReferencias: 15500 ns
2025-09-10 18:48:54 [main] INFO  tiempos - Duracion del proceso intercambiarReferencias: 31500 ns
2025-09-10 18:48:54 [main] INFO  tiempos - Duracion del proceso intercambiarReferencias: 47200 ns
2025-09-10 18:48:54 [main] INFO  tiempos - Duracion de encriptarFrase: 999200 ns
2025-09-10 18:48:54 [main] INFO  tiempos - Duracion del proceso intercambiarReferencias: 155600 ns
2025-09-10 18:48:54 [main] INFO  tiempos - Duracion del proceso intercambiarReferencias: 34500 ns
2025-09-10 18:48:54 [main] INFO  tiempos - Duracion del proceso intercambiarReferencias: 34000 ns
2025-09-10 18:48:54 [main] INFO  tiempos - Duracion del proceso intercambiarReferencias: 19100 ns
2025-09-10 18:48:54 [main] INFO  tiempos - Duracion del proceso intercambiarReferencias: 44200 ns
2025-09-10 18:48:54 [main] INFO  tiempos - Duracion del proceso intercambiarReferencias: 17000 ns
2025-09-10 18:48:54 [main] INFO  tiempos - Duracion del proceso intercambiarReferencias: 31800 ns
2025-09-10 18:48:54 [main] INFO  tiempos - Duracion del proceso intercambiarReferencias: 47400 ns
2025-09-10 18:48:54 [main] INFO  tiempos - Duracion de desencriptarFrase: 496000 ns
2025-09-10 18:48:54 [main] INFO  tiempos - Duracion del proceso intercambiarReferencias: 46700 ns
2025-09-10 18:48:54 [main] INFO  tiempos - Duracion del proceso intercambiarReferencias: 55100 ns
2025-09-10 18:48:54 [main] INFO  tiempos - Duracion del proceso intercambiarReferencias: 15900 ns
2025-09-10 18:48:54 [main] INFO  tiempos - Duracion del proceso intercambiarReferencias: 37900 ns
2025-09-10 18:48:54 [main] INFO  tiempos - Duracion del proceso intercambiarReferencias: 31400 ns
2025-09-10 18:48:54 [main] INFO  tiempos - Duracion del proceso intercambiarReferencias: 82300 ns
2025-09-10 18:48:54 [main] INFO  tiempos - Duracion del proceso intercambiarReferencias: 26900 ns
2025-09-10 18:48:54 [main] INFO  tiempos - Duracion del proceso intercambiarReferencias: 58300 ns
2025-09-10 18:48:54 [main] INFO  tiempos - Duracion del proceso intercambiarReferencias: 49300 ns
2025-09-10 18:48:54 [main] INFO  tiempos - Duracion del proceso intercambiarReferencias: 27900 ns
2025-09-10 18:48:54 [main] INFO  tiempos - Duracion del proceso intercambiarReferencias: 69000 ns
2025-09-10 18:48:54 [main] INFO  tiempos - Duracion del proceso intercambiarReferencias: 100500 ns
2025-09-10 18:48:54 [main] INFO  tiempos - Duracion del proceso intercambiarReferencias: 135200 ns
2025-09-10 18:48:54 [main] INFO  tiempos - Duracion de encriptarFrase: 2807700 ns
2025-09-10 18:48:54 [main] INFO  tiempos - Duracion del proceso intercambiarReferencias: 39700 ns
2025-09-10 18:48:54 [main] INFO  tiempos - Duracion del proceso intercambiarReferencias: 48600 ns
2025-09-10 18:48:54 [main] INFO  tiempos - Duracion del proceso intercambiarReferencias: 16600 ns
2025-09-10 18:48:54 [main] INFO  tiempos - Duracion del proceso intercambiarReferencias: 35600 ns
2025-09-10 18:48:54 [main] INFO  tiempos - Duracion del proceso intercambiarReferencias: 31900 ns
2025-09-10 18:48:54 [main] INFO  tiempos - Duracion del proceso intercambiarReferencias: 46100 ns
2025-09-10 18:48:54 [main] INFO  tiempos - Duracion del proceso intercambiarReferencias: 16600 ns
2025-09-10 18:48:54 [main] INFO  tiempos - Duracion del proceso intercambiarReferencias: 31700 ns
2025-09-10 18:48:54 [main] INFO  tiempos - Duracion del proceso intercambiarReferencias: 32000 ns
2025-09-10 18:48:54 [main] INFO  tiempos - Duracion del proceso intercambiarReferencias: 16200 ns
2025-09-10 18:48:54 [main] INFO  tiempos - Duracion del proceso intercambiarReferencias: 30900 ns
2025-09-10 18:48:54 [main] INFO  tiempos - Duracion del proceso intercambiarReferencias: 48800 ns
2025-09-10 18:48:54 [main] INFO  tiempos - Duracion del proceso intercambiarReferencias: 46100 ns
2025-09-10 18:48:54 [main] INFO  tiempos - Duracion de desencriptarFrase: 559600 ns
2025-09-10 18:48:54 [main] INFO  tiempos - Duracion del proceso intercambiarReferencias: 108800 ns
2025-09-10 18:48:54 [main] INFO  tiempos - Duracion del proceso intercambiarReferencias: 18900 ns
2025-09-10 18:48:54 [main] INFO  tiempos - Duracion del proceso intercambiarReferencias: 59900 ns
2025-09-10 18:48:54 [main] INFO  tiempos - Duracion del proceso intercambiarReferencias: 19000 ns
2025-09-10 18:48:54 [main] INFO  tiempos - Duracion del proceso intercambiarReferencias: 38000 ns
2025-09-10 18:48:54 [main] INFO  tiempos - Duracion del proceso intercambiarReferencias: 37700 ns
2025-09-10 18:48:54 [main] INFO  tiempos - Duracion del proceso intercambiarReferencias: 15200 ns
2025-09-10 18:48:54 [main] INFO  tiempos - Duracion del proceso intercambiarReferencias: 15500 ns
2025-09-10 18:48:54 [main] INFO  tiempos - Duracion del proceso intercambiarReferencias: 15400 ns
2025-09-10 18:48:54 [main] INFO  tiempos - Duracion del proceso intercambiarReferencias: 15400 ns
2025-09-10 18:48:54 [main] INFO  tiempos - Duracion del proceso intercambiarReferencias: 78700 ns
2025-09-10 18:48:54 [main] INFO  tiempos - Duracion del proceso intercambiarReferencias: 30500 ns
2025-09-10 18:48:54 [main] INFO  tiempos - Duracion del proceso intercambiarReferencias: 45700 ns
2025-09-10 18:48:54 [main] INFO  tiempos - Duracion del proceso intercambiarReferencias: 46600 ns
2025-09-10 18:48:54 [main] INFO  tiempos - Duracion del proceso intercambiarReferencias: 15400 ns
2025-09-10 18:48:54 [main] INFO  tiempos - Duracion del proceso intercambiarReferencias: 45800 ns
2025-09-10 18:48:54 [main] INFO  tiempos - Duracion del proceso intercambiarReferencias: 17900 ns
2025-09-10 18:48:54 [main] INFO  tiempos - Duracion del proceso intercambiarReferencias: 31500 ns
2025-09-10 18:48:54 [main] INFO  tiempos - Duracion del proceso intercambiarReferencias: 49300 ns
2025-09-10 18:48:54 [main] INFO  tiempos - Duracion del proceso intercambiarReferencias: 15500 ns
2025-09-10 18:48:54 [main] INFO  tiempos - Duracion del proceso intercambiarReferencias: 15500 ns
2025-09-10 18:48:54 [main] INFO  tiempos - Duracion del proceso intercambiarReferencias: 78200 ns
2025-09-10 18:48:54 [main] INFO  tiempos - Duracion del proceso intercambiarReferencias: 34100 ns
2025-09-10 18:48:54 [main] INFO  tiempos - Duracion del proceso intercambiarReferencias: 46900 ns
2025-09-10 18:48:54 [main] INFO  tiempos - Duracion de encriptarFrase: 3158900 ns
2025-09-10 18:48:54 [main] INFO  tiempos - Duracion del proceso intercambiarReferencias: 66500 ns
2025-09-10 18:48:54 [main] INFO  tiempos - Duracion del proceso intercambiarReferencias: 19000 ns
2025-09-10 18:48:54 [main] INFO  tiempos - Duracion del proceso intercambiarReferencias: 48100 ns
2025-09-10 18:48:54 [main] INFO  tiempos - Duracion del proceso intercambiarReferencias: 16600 ns
2025-09-10 18:48:54 [main] INFO  tiempos - Duracion del proceso intercambiarReferencias: 32400 ns
2025-09-10 18:48:54 [main] INFO  tiempos - Duracion del proceso intercambiarReferencias: 31500 ns
2025-09-10 18:48:54 [main] INFO  tiempos - Duracion del proceso intercambiarReferencias: 15800 ns
2025-09-10 18:48:54 [main] INFO  tiempos - Duracion del proceso intercambiarReferencias: 15900 ns
2025-09-10 18:48:54 [main] INFO  tiempos - Duracion del proceso intercambiarReferencias: 15800 ns
2025-09-10 18:48:54 [main] INFO  tiempos - Duracion del proceso intercambiarReferencias: 16200 ns
2025-09-10 18:48:54 [main] INFO  tiempos - Duracion del proceso intercambiarReferencias: 82800 ns
2025-09-10 18:48:54 [main] INFO  tiempos - Duracion del proceso intercambiarReferencias: 32800 ns
2025-09-10 18:48:54 [main] INFO  tiempos - Duracion del proceso intercambiarReferencias: 49000 ns
2025-09-10 18:48:54 [main] INFO  tiempos - Duracion del proceso intercambiarReferencias: 47300 ns
2025-09-10 18:48:54 [main] INFO  tiempos - Duracion del proceso intercambiarReferencias: 17200 ns
2025-09-10 18:48:54 [main] INFO  tiempos - Duracion del proceso intercambiarReferencias: 48600 ns
2025-09-10 18:48:54 [main] INFO  tiempos - Duracion del proceso intercambiarReferencias: 16000 ns
2025-09-10 18:48:54 [main] INFO  tiempos - Duracion del proceso intercambiarReferencias: 31000 ns
2025-09-10 18:48:54 [main] INFO  tiempos - Duracion del proceso intercambiarReferencias: 47700 ns
2025-09-10 18:48:54 [main] INFO  tiempos - Duracion del proceso intercambiarReferencias: 15900 ns
2025-09-10 18:48:54 [main] INFO  tiempos - Duracion del proceso intercambiarReferencias: 16200 ns
2025-09-10 18:48:54 [main] INFO  tiempos - Duracion del proceso intercambiarReferencias: 80600 ns
2025-09-10 18:48:54 [main] INFO  tiempos - Duracion del proceso intercambiarReferencias: 31700 ns
2025-09-10 18:48:54 [main] INFO  tiempos - Duracion del proceso intercambiarReferencias: 46900 ns
2025-09-10 18:48:54 [main] INFO  tiempos - Duracion de desencriptarFrase: 1081200 ns
2025-09-10 18:48:54 [main] INFO  tiempos - Duracion del proceso intercambiarReferencias: 30900 ns
2025-09-10 18:48:54 [main] INFO  tiempos - Duracion del proceso intercambiarReferencias: 58800 ns
2025-09-10 18:48:54 [main] INFO  tiempos - Duracion del proceso intercambiarReferencias: 29400 ns
2025-09-10 18:48:54 [main] INFO  tiempos - Duracion del proceso intercambiarReferencias: 50400 ns
2025-09-10 18:48:54 [main] INFO  tiempos - Duracion del proceso intercambiarReferencias: 78700 ns
2025-09-10 18:48:54 [main] INFO  tiempos - Duracion del proceso intercambiarReferencias: 19800 ns
2025-09-10 18:48:54 [main] INFO  tiempos - Duracion del proceso intercambiarReferencias: 30800 ns
2025-09-10 18:48:54 [main] INFO  tiempos - Duracion del proceso intercambiarReferencias: 31000 ns
2025-09-10 18:48:54 [main] INFO  tiempos - Duracion del proceso intercambiarReferencias: 18300 ns
2025-09-10 18:48:54 [main] INFO  tiempos - Duracion del proceso intercambiarReferencias: 30700 ns
2025-09-10 18:48:54 [main] INFO  tiempos - Duracion de encriptarFrase: 1422900 ns
2025-09-10 18:48:54 [main] INFO  tiempos - Duracion del proceso intercambiarReferencias: 23800 ns
2025-09-10 18:48:54 [main] INFO  tiempos - Duracion del proceso intercambiarReferencias: 33500 ns
2025-09-10 18:48:54 [main] INFO  tiempos - Duracion del proceso intercambiarReferencias: 16400 ns
2025-09-10 18:48:54 [main] INFO  tiempos - Duracion del proceso intercambiarReferencias: 35600 ns
2025-09-10 18:48:54 [main] INFO  tiempos - Duracion del proceso intercambiarReferencias: 455500 ns
2025-09-10 18:48:54 [main] INFO  tiempos - Duracion del proceso intercambiarReferencias: 30300 ns
2025-09-10 18:48:54 [main] INFO  tiempos - Duracion del proceso intercambiarReferencias: 60600 ns
2025-09-10 18:48:54 [main] INFO  tiempos - Duracion del proceso intercambiarReferencias: 61700 ns
2025-09-10 18:48:54 [main] INFO  tiempos - Duracion del proceso intercambiarReferencias: 30900 ns
2025-09-10 18:48:54 [main] INFO  tiempos - Duracion del proceso intercambiarReferencias: 63100 ns
2025-09-10 18:48:54 [main] INFO  tiempos - Duracion de desencriptarFrase: 954800 ns
2025-09-10 18:48:54 [main] INFO  tiempos - Duracion del proceso intercambiarReferencias: 53400 ns
2025-09-10 18:48:54 [main] INFO  tiempos - Duracion del proceso intercambiarReferencias: 68900 ns
2025-09-10 18:48:54 [main] INFO  tiempos - Duracion del proceso intercambiarReferencias: 16000 ns
2025-09-10 18:48:54 [main] INFO  tiempos - Duracion del proceso intercambiarReferencias: 15700 ns
2025-09-10 18:48:54 [main] INFO  tiempos - Duracion del proceso intercambiarReferencias: 31000 ns
2025-09-10 18:48:54 [main] INFO  tiempos - Duracion del proceso intercambiarReferencias: 62700 ns
2025-09-10 18:48:54 [main] INFO  tiempos - Duracion del proceso intercambiarReferencias: 31600 ns
2025-09-10 18:48:54 [main] INFO  tiempos - Duracion del proceso intercambiarReferencias: 31600 ns
2025-09-10 18:48:54 [main] INFO  tiempos - Duracion de encriptarFrase: 1427400 ns
2025-09-10 18:48:54 [main] INFO  tiempos - Duracion del proceso intercambiarReferencias: 38700 ns
2025-09-10 18:48:54 [main] INFO  tiempos - Duracion del proceso intercambiarReferencias: 56800 ns
2025-09-10 18:48:54 [main] INFO  tiempos - Duracion del proceso intercambiarReferencias: 16700 ns
2025-09-10 18:48:54 [main] INFO  tiempos - Duracion del proceso intercambiarReferencias: 17000 ns
2025-09-10 18:48:54 [main] INFO  tiempos - Duracion del proceso intercambiarReferencias: 32800 ns
2025-09-10 18:48:54 [main] INFO  tiempos - Duracion del proceso intercambiarReferencias: 65000 ns
2025-09-10 18:48:54 [main] INFO  tiempos - Duracion del proceso intercambiarReferencias: 32100 ns
2025-09-10 18:48:54 [main] INFO  tiempos - Duracion del proceso intercambiarReferencias: 32400 ns
2025-09-10 18:48:54 [main] INFO  tiempos - Duracion de desencriptarFrase: 470000 ns
2025-09-10 18:48:54 [main] INFO  tiempos - Duracion del proceso intercambiarReferencias: 26300 ns
2025-09-10 18:48:54 [main] INFO  tiempos - Duracion del proceso intercambiarReferencias: 48400 ns
2025-09-10 18:48:54 [main] INFO  tiempos - Duracion del proceso intercambiarReferencias: 48400 ns
2025-09-10 18:48:54 [main] INFO  tiempos - Duracion del proceso intercambiarReferencias: 54300 ns
2025-09-10 18:48:54 [main] INFO  tiempos - Duracion del proceso intercambiarReferencias: 27200 ns
2025-09-10 18:48:54 [main] INFO  tiempos - Duracion del proceso intercambiarReferencias: 25800 ns
2025-09-10 18:48:54 [main] INFO  tiempos - Duracion del proceso intercambiarReferencias: 33500 ns
2025-09-10 18:48:54 [main] INFO  tiempos - Duracion del proceso intercambiarReferencias: 70900 ns
2025-09-10 18:48:54 [main] INFO  tiempos - Duracion del proceso intercambiarReferencias: 36000 ns
2025-09-10 18:48:54 [main] INFO  tiempos - Duracion del proceso intercambiarReferencias: 36300 ns
2025-09-10 18:48:54 [main] INFO  tiempos - Duracion del proceso intercambiarReferencias: 116800 ns
2025-09-10 18:48:54 [main] INFO  tiempos - Duracion del proceso intercambiarReferencias: 34200 ns
2025-09-10 18:48:54 [main] INFO  tiempos - Duracion del proceso intercambiarReferencias: 70900 ns
2025-09-10 18:48:54 [main] INFO  tiempos - Duracion del proceso intercambiarReferencias: 35500 ns
2025-09-10 18:48:54 [main] INFO  tiempos - Duracion del proceso intercambiarReferencias: 142500 ns
2025-09-10 18:48:54 [main] INFO  tiempos - Duracion de encriptarFrase: 2872500 ns
2025-09-10 18:48:54 [main] INFO  tiempos - Duracion del proceso intercambiarReferencias: 24700 ns
2025-09-10 18:48:54 [main] INFO  tiempos - Duracion del proceso intercambiarReferencias: 33400 ns
2025-09-10 18:48:54 [main] INFO  tiempos - Duracion del proceso intercambiarReferencias: 32500 ns
2025-09-10 18:48:54 [main] INFO  tiempos - Duracion del proceso intercambiarReferencias: 39800 ns
2025-09-10 18:48:54 [main] INFO  tiempos - Duracion del proceso intercambiarReferencias: 16500 ns
2025-09-10 18:48:54 [main] INFO  tiempos - Duracion del proceso intercambiarReferencias: 16500 ns
2025-09-10 18:48:54 [main] INFO  tiempos - Duracion del proceso intercambiarReferencias: 15900 ns
2025-09-10 18:48:54 [main] INFO  tiempos - Duracion del proceso intercambiarReferencias: 31100 ns
2025-09-10 18:48:54 [main] INFO  tiempos - Duracion del proceso intercambiarReferencias: 17100 ns
2025-09-10 18:48:54 [main] INFO  tiempos - Duracion del proceso intercambiarReferencias: 16000 ns
2025-09-10 18:48:54 [main] INFO  tiempos - Duracion del proceso intercambiarReferencias: 48800 ns
2025-09-10 18:48:54 [main] INFO  tiempos - Duracion del proceso intercambiarReferencias: 46200 ns
2025-09-10 18:48:54 [main] INFO  tiempos - Duracion del proceso intercambiarReferencias: 51700 ns
2025-09-10 18:48:54 [main] INFO  tiempos - Duracion del proceso intercambiarReferencias: 16400 ns
2025-09-10 18:48:54 [main] INFO  tiempos - Duracion del proceso intercambiarReferencias: 63500 ns
2025-09-10 18:48:54 [main] INFO  tiempos - Duracion de desencriptarFrase: 607300 ns
2025-09-10 18:48:54 [main] INFO  tiempos - Duracion del proceso intercambiarReferencias: 32800 ns
2025-09-10 18:48:54 [main] INFO  tiempos - Duracion del proceso intercambiarReferencias: 33400 ns
2025-09-10 18:48:54 [main] INFO  tiempos - Duracion del proceso intercambiarReferencias: 47100 ns
2025-09-10 18:48:54 [main] INFO  tiempos - Duracion del proceso intercambiarReferencias: 15900 ns
2025-09-10 18:48:54 [main] INFO  tiempos - Duracion del proceso intercambiarReferencias: 15900 ns
2025-09-10 18:48:54 [main] INFO  tiempos - Duracion del proceso intercambiarReferencias: 31300 ns
2025-09-10 18:48:54 [main] INFO  tiempos - Duracion del proceso intercambiarReferencias: 40300 ns
2025-09-10 18:48:54 [main] INFO  tiempos - Duracion del proceso intercambiarReferencias: 47300 ns
2025-09-10 18:48:54 [main] INFO  tiempos - Duracion del proceso intercambiarReferencias: 16900 ns
2025-09-10 18:48:54 [main] INFO  tiempos - Duracion del proceso intercambiarReferencias: 15800 ns
2025-09-10 18:48:54 [main] INFO  tiempos - Duracion del proceso intercambiarReferencias: 31200 ns
2025-09-10 18:48:54 [main] INFO  tiempos - Duracion del proceso intercambiarReferencias: 47200 ns
2025-09-10 18:48:54 [main] INFO  tiempos - Duracion del proceso intercambiarReferencias: 63200 ns
2025-09-10 18:48:54 [main] INFO  tiempos - Duracion del proceso intercambiarReferencias: 16000 ns
2025-09-10 18:48:54 [main] INFO  tiempos - Duracion del proceso intercambiarReferencias: 31500 ns
2025-09-10 18:48:54 [main] INFO  tiempos - Duracion del proceso intercambiarReferencias: 31900 ns
2025-09-10 18:48:54 [main] INFO  tiempos - Duracion del proceso intercambiarReferencias: 47200 ns
2025-09-10 18:48:54 [main] INFO  tiempos - Duracion del proceso intercambiarReferencias: 15500 ns
2025-09-10 18:48:54 [main] INFO  tiempos - Duracion de encriptarFrase: 1977600 ns
2025-09-10 18:48:54 [main] INFO  tiempos - Duracion del proceso intercambiarReferencias: 46300 ns
2025-09-10 18:48:54 [main] INFO  tiempos - Duracion del proceso intercambiarReferencias: 33100 ns
2025-09-10 18:48:54 [main] INFO  tiempos - Duracion del proceso intercambiarReferencias: 47500 ns
2025-09-10 18:48:54 [main] INFO  tiempos - Duracion del proceso intercambiarReferencias: 16400 ns
2025-09-10 18:48:54 [main] INFO  tiempos - Duracion del proceso intercambiarReferencias: 16000 ns
2025-09-10 18:48:54 [main] INFO  tiempos - Duracion del proceso intercambiarReferencias: 31600 ns
2025-09-10 18:48:54 [main] INFO  tiempos - Duracion del proceso intercambiarReferencias: 90700 ns
2025-09-10 18:48:54 [main] INFO  tiempos - Duracion del proceso intercambiarReferencias: 85400 ns
2025-09-10 18:48:54 [main] INFO  tiempos - Duracion del proceso intercambiarReferencias: 15900 ns
2025-09-10 18:48:54 [main] INFO  tiempos - Duracion del proceso intercambiarReferencias: 15800 ns
2025-09-10 18:48:54 [main] INFO  tiempos - Duracion del proceso intercambiarReferencias: 30800 ns
2025-09-10 18:48:54 [main] INFO  tiempos - Duracion del proceso intercambiarReferencias: 46300 ns
2025-09-10 18:48:54 [main] INFO  tiempos - Duracion del proceso intercambiarReferencias: 64500 ns
2025-09-10 18:48:54 [main] INFO  tiempos - Duracion del proceso intercambiarReferencias: 16000 ns
2025-09-10 18:48:54 [main] INFO  tiempos - Duracion del proceso intercambiarReferencias: 32000 ns
2025-09-10 18:48:54 [main] INFO  tiempos - Duracion del proceso intercambiarReferencias: 31300 ns
2025-09-10 18:48:54 [main] INFO  tiempos - Duracion del proceso intercambiarReferencias: 46800 ns
2025-09-10 18:48:54 [main] INFO  tiempos - Duracion del proceso intercambiarReferencias: 15700 ns
2025-09-10 18:48:54 [main] INFO  tiempos - Duracion de desencriptarFrase: 831800 ns
2025-09-10 18:48:54 [main] INFO  tiempos - Duracion del proceso intercambiarReferencias: 58300 ns
2025-09-10 18:48:54 [main] INFO  tiempos - Duracion del proceso intercambiarReferencias: 19000 ns
2025-09-10 18:48:54 [main] INFO  tiempos - Duracion del proceso intercambiarReferencias: 18800 ns
2025-09-10 18:48:54 [main] INFO  tiempos - intercambiarReferencias duration: 0 ms
2025-09-10 18:48:54 [main] INFO  tiempos - Duracion del proceso intercambiarReferencias: 14400 ns
2025-09-10 18:48:54 [main] INFO  tiempos - Duracion del proceso intercambiarReferencias: 39000 ns
2025-09-10 18:48:54 [main] INFO  tiempos - Duracion del proceso intercambiarReferencias: 59700 ns
2025-09-10 18:48:54 [main] INFO  tiempos - Duracion del proceso intercambiarReferencias: 80100 ns
2025-09-10 18:48:54 [main] INFO  tiempos - Duracion del proceso intercambiarReferencias: 30000 ns
2025-09-10 18:48:54 [main] INFO  tiempos - Duracion del proceso intercambiarReferencias: 31700 ns
2025-09-10 18:48:54 [main] INFO  tiempos - Duracion del proceso intercambiarReferencias: 63500 ns
2025-09-10 18:48:54 [main] INFO  tiempos - Duracion del proceso intercambiarReferencias: 17400 ns
2025-09-10 18:48:54 [main] INFO  tiempos - Duracion del proceso intercambiarReferencias: 15300 ns
2025-09-10 18:48:54 [main] INFO  tiempos - Duracion del proceso intercambiarReferencias: 15400 ns
2025-09-10 18:48:54 [main] INFO  tiempos - Duracion de encriptarFrase: 1640000 ns
2025-09-10 18:48:54 [main] INFO  tiempos - Duracion del proceso intercambiarReferencias: 55000 ns
2025-09-10 18:48:54 [main] INFO  tiempos - Duracion del proceso intercambiarReferencias: 29500 ns
2025-09-10 18:48:54 [main] INFO  tiempos - Duracion del proceso intercambiarReferencias: 17800 ns
2025-09-10 18:48:54 [main] INFO  tiempos - intercambiarReferencias duration: 0 ms
2025-09-10 18:48:54 [main] INFO  tiempos - Duracion del proceso intercambiarReferencias: 12400 ns
2025-09-10 18:48:54 [main] INFO  tiempos - Duracion del proceso intercambiarReferencias: 49800 ns
2025-09-10 18:48:54 [main] INFO  tiempos - Duracion del proceso intercambiarReferencias: 47800 ns
2025-09-10 18:48:54 [main] INFO  tiempos - Duracion del proceso intercambiarReferencias: 78000 ns
2025-09-10 18:48:54 [main] INFO  tiempos - Duracion del proceso intercambiarReferencias: 32500 ns
2025-09-10 18:48:54 [main] INFO  tiempos - Duracion del proceso intercambiarReferencias: 55800 ns
2025-09-10 18:48:54 [main] INFO  tiempos - Duracion del proceso intercambiarReferencias: 167200 ns
2025-09-10 18:48:54 [main] INFO  tiempos - Duracion del proceso intercambiarReferencias: 16700 ns
2025-09-10 18:48:54 [main] INFO  tiempos - Duracion del proceso intercambiarReferencias: 16500 ns
2025-09-10 18:48:54 [main] INFO  tiempos - Duracion del proceso intercambiarReferencias: 16100 ns
2025-09-10 18:48:54 [main] INFO  tiempos - Duracion de desencriptarFrase: 738200 ns
2025-09-10 18:48:54 [main] INFO  tiempos - Duracion del proceso intercambiarReferencias: 86900 ns
2025-09-10 18:48:54 [main] INFO  tiempos - Duracion del proceso intercambiarReferencias: 16100 ns
2025-09-10 18:48:54 [main] INFO  tiempos - Duracion del proceso intercambiarReferencias: 63900 ns
2025-09-10 18:48:54 [main] INFO  tiempos - Duracion del proceso intercambiarReferencias: 64900 ns
2025-09-10 18:48:54 [main] INFO  tiempos - Duracion del proceso intercambiarReferencias: 67300 ns
2025-09-10 18:48:54 [main] INFO  tiempos - Duracion del proceso intercambiarReferencias: 53200 ns
2025-09-10 18:48:54 [main] INFO  tiempos - Duracion del proceso intercambiarReferencias: 16900 ns
2025-09-10 18:48:54 [main] INFO  tiempos - Duracion del proceso intercambiarReferencias: 47300 ns
2025-09-10 18:48:54 [main] INFO  tiempos - Duracion del proceso intercambiarReferencias: 15800 ns
2025-09-10 18:48:54 [main] INFO  tiempos - Duracion del proceso intercambiarReferencias: 15900 ns
2025-09-10 18:48:54 [main] INFO  tiempos - Duracion del proceso intercambiarReferencias: 187200 ns
2025-09-10 18:48:54 [main] INFO  tiempos - Duracion del proceso intercambiarReferencias: 62800 ns
2025-09-10 18:48:54 [main] INFO  tiempos - Duracion de encriptarFrase: 2108200 ns
2025-09-10 18:48:54 [main] INFO  tiempos - Duracion del proceso intercambiarReferencias: 76900 ns
2025-09-10 18:48:54 [main] INFO  tiempos - Duracion del proceso intercambiarReferencias: 17600 ns
2025-09-10 18:48:54 [main] INFO  tiempos - Duracion del proceso intercambiarReferencias: 64200 ns
2025-09-10 18:48:54 [main] INFO  tiempos - Duracion del proceso intercambiarReferencias: 63800 ns
2025-09-10 18:48:54 [main] INFO  tiempos - Duracion del proceso intercambiarReferencias: 65900 ns
2025-09-10 18:48:54 [main] INFO  tiempos - Duracion del proceso intercambiarReferencias: 47700 ns
2025-09-10 18:48:54 [main] INFO  tiempos - Duracion del proceso intercambiarReferencias: 16200 ns
2025-09-10 18:48:54 [main] INFO  tiempos - Duracion del proceso intercambiarReferencias: 47300 ns
2025-09-10 18:48:54 [main] INFO  tiempos - Duracion del proceso intercambiarReferencias: 16400 ns
2025-09-10 18:48:54 [main] INFO  tiempos - Duracion del proceso intercambiarReferencias: 16000 ns
2025-09-10 18:48:54 [main] INFO  tiempos - Duracion del proceso intercambiarReferencias: 65500 ns
2025-09-10 18:48:54 [main] INFO  tiempos - Duracion del proceso intercambiarReferencias: 62700 ns
2025-09-10 18:48:54 [main] INFO  tiempos - Duracion de desencriptarFrase: 677300 ns
2025-09-10 18:48:54 [main] INFO  tiempos - Duracion del proceso intercambiarReferencias: 69400 ns
2025-09-10 18:48:54 [main] INFO  tiempos - Duracion del proceso intercambiarReferencias: 20500 ns
2025-09-10 18:48:54 [main] INFO  tiempos - Duracion del proceso intercambiarReferencias: 34300 ns
2025-09-10 18:48:54 [main] INFO  tiempos - Duracion del proceso intercambiarReferencias: 30500 ns
2025-09-10 18:48:54 [main] INFO  tiempos - Duracion del proceso intercambiarReferencias: 15100 ns
2025-09-10 18:48:54 [main] INFO  tiempos - Duracion del proceso intercambiarReferencias: 30700 ns
2025-09-10 18:48:54 [main] INFO  tiempos - Duracion del proceso intercambiarReferencias: 30700 ns
2025-09-10 18:48:54 [main] INFO  tiempos - Duracion del proceso intercambiarReferencias: 15600 ns
2025-09-10 18:48:54 [main] INFO  tiempos - Duracion del proceso intercambiarReferencias: 17100 ns
2025-09-10 18:48:54 [main] INFO  tiempos - Duracion del proceso intercambiarReferencias: 15200 ns
2025-09-10 18:48:54 [main] INFO  tiempos - Duracion del proceso intercambiarReferencias: 30300 ns
2025-09-10 18:48:54 [main] INFO  tiempos - Duracion del proceso intercambiarReferencias: 17400 ns
2025-09-10 18:48:54 [main] INFO  tiempos - Duracion del proceso intercambiarReferencias: 45800 ns
2025-09-10 18:48:54 [main] INFO  tiempos - Duracion del proceso intercambiarReferencias: 49100 ns
2025-09-10 18:48:54 [main] INFO  tiempos - Duracion de encriptarFrase: 1522100 ns
2025-09-10 18:48:54 [main] INFO  tiempos - Duracion del proceso intercambiarReferencias: 74300 ns
2025-09-10 18:48:54 [main] INFO  tiempos - Duracion del proceso intercambiarReferencias: 16500 ns
2025-09-10 18:48:54 [main] INFO  tiempos - Duracion del proceso intercambiarReferencias: 31300 ns
2025-09-10 18:48:54 [main] INFO  tiempos - Duracion del proceso intercambiarReferencias: 32300 ns
2025-09-10 18:48:54 [main] INFO  tiempos - Duracion del proceso intercambiarReferencias: 15900 ns
2025-09-10 18:48:54 [main] INFO  tiempos - Duracion del proceso intercambiarReferencias: 31500 ns
2025-09-10 18:48:54 [main] INFO  tiempos - Duracion del proceso intercambiarReferencias: 31200 ns
2025-09-10 18:48:54 [main] INFO  tiempos - Duracion del proceso intercambiarReferencias: 17900 ns
2025-09-10 18:48:54 [main] INFO  tiempos - Duracion del proceso intercambiarReferencias: 15800 ns
2025-09-10 18:48:54 [main] INFO  tiempos - Duracion del proceso intercambiarReferencias: 16500 ns
2025-09-10 18:48:54 [main] INFO  tiempos - Duracion del proceso intercambiarReferencias: 31800 ns
2025-09-10 18:48:54 [main] INFO  tiempos - Duracion del proceso intercambiarReferencias: 15700 ns
2025-09-10 18:48:54 [main] INFO  tiempos - Duracion del proceso intercambiarReferencias: 46800 ns
2025-09-10 18:48:54 [main] INFO  tiempos - Duracion del proceso intercambiarReferencias: 15800 ns
2025-09-10 18:48:54 [main] INFO  tiempos - Duracion de desencriptarFrase: 513000 ns
2025-09-10 18:48:54 [main] INFO  tiempos - Duracion del proceso intercambiarReferencias: 23400 ns
2025-09-10 18:48:54 [main] INFO  tiempos - Duracion del proceso intercambiarReferencias: 97100 ns
2025-09-10 18:48:54 [main] INFO  tiempos - Duracion del proceso intercambiarReferencias: 18700 ns
2025-09-10 18:48:54 [main] INFO  tiempos - Duracion del proceso intercambiarReferencias: 18900 ns
2025-09-10 18:48:54 [main] INFO  tiempos - Duracion del proceso intercambiarReferencias: 71400 ns
2025-09-10 18:48:54 [main] INFO  tiempos - Duracion del proceso intercambiarReferencias: 22400 ns
2025-09-10 18:48:54 [main] INFO  tiempos - Duracion del proceso intercambiarReferencias: 37500 ns
2025-09-10 18:48:54 [main] INFO  tiempos - Duracion del proceso intercambiarReferencias: 46300 ns
2025-09-10 18:48:54 [main] INFO  tiempos - Duracion del proceso intercambiarReferencias: 32100 ns
2025-09-10 18:48:54 [main] INFO  tiempos - Duracion del proceso intercambiarReferencias: 15500 ns
2025-09-10 18:48:54 [main] INFO  tiempos - Duracion del proceso intercambiarReferencias: 30700 ns
2025-09-10 18:48:54 [main] INFO  tiempos - Duracion del proceso intercambiarReferencias: 47700 ns
2025-09-10 18:48:54 [main] INFO  tiempos - Duracion del proceso intercambiarReferencias: 62200 ns
2025-09-10 18:48:54 [main] INFO  tiempos - Duracion de encriptarFrase: 1889600 ns
2025-09-10 18:48:54 [main] INFO  tiempos - Duracion del proceso intercambiarReferencias: 22900 ns
2025-09-10 18:48:54 [main] INFO  tiempos - Duracion del proceso intercambiarReferencias: 80600 ns
2025-09-10 18:48:54 [main] INFO  tiempos - Duracion del proceso intercambiarReferencias: 16600 ns
2025-09-10 18:48:54 [main] INFO  tiempos - Duracion del proceso intercambiarReferencias: 16500 ns
2025-09-10 18:48:54 [main] INFO  tiempos - Duracion del proceso intercambiarReferencias: 67400 ns
2025-09-10 18:48:54 [main] INFO  tiempos - Duracion del proceso intercambiarReferencias: 17600 ns
2025-09-10 18:48:54 [main] INFO  tiempos - Duracion del proceso intercambiarReferencias: 32300 ns
2025-09-10 18:48:54 [main] INFO  tiempos - Duracion del proceso intercambiarReferencias: 51900 ns
2025-09-10 18:48:54 [main] INFO  tiempos - Duracion del proceso intercambiarReferencias: 82500 ns
2025-09-10 18:48:54 [main] INFO  tiempos - Duracion del proceso intercambiarReferencias: 16900 ns
2025-09-10 18:48:54 [main] INFO  tiempos - Duracion del proceso intercambiarReferencias: 34600 ns
2025-09-10 18:48:54 [main] INFO  tiempos - Duracion del proceso intercambiarReferencias: 47800 ns
2025-09-10 18:48:54 [main] INFO  tiempos - Duracion del proceso intercambiarReferencias: 63800 ns
2025-09-10 18:48:54 [main] INFO  tiempos - Duracion de desencriptarFrase: 673400 ns
2025-09-10 18:48:54 [main] INFO  tiempos - Duracion del proceso intercambiarReferencias: 16500 ns
2025-09-10 18:48:54 [main] INFO  tiempos - Duracion del proceso intercambiarReferencias: 63000 ns
2025-09-10 18:48:54 [main] INFO  tiempos - Duracion del proceso intercambiarReferencias: 46700 ns
2025-09-10 18:48:54 [main] INFO  tiempos - Duracion del proceso intercambiarReferencias: 19900 ns
2025-09-10 18:48:54 [main] INFO  tiempos - Duracion del proceso intercambiarReferencias: 50200 ns
2025-09-10 18:48:54 [main] INFO  tiempos - Duracion del proceso intercambiarReferencias: 20500 ns
2025-09-10 18:48:54 [main] INFO  tiempos - Duracion del proceso intercambiarReferencias: 73500 ns
2025-09-10 18:48:54 [main] INFO  tiempos - Duracion de encriptarFrase: 1007800 ns
2025-09-10 18:48:54 [main] INFO  tiempos - Duracion del proceso intercambiarReferencias: 34700 ns
2025-09-10 18:48:54 [main] INFO  tiempos - Duracion del proceso intercambiarReferencias: 113100 ns
2025-09-10 18:48:54 [main] INFO  tiempos - Duracion del proceso intercambiarReferencias: 54100 ns
2025-09-10 18:48:54 [main] INFO  tiempos - Duracion del proceso intercambiarReferencias: 16000 ns
2025-09-10 18:48:54 [main] INFO  tiempos - Duracion del proceso intercambiarReferencias: 16300 ns
2025-09-10 18:48:54 [main] INFO  tiempos - Duracion del proceso intercambiarReferencias: 27400 ns
2025-09-10 18:48:54 [main] INFO  tiempos - Duracion del proceso intercambiarReferencias: 46600 ns
2025-09-10 18:48:54 [main] INFO  tiempos - Duracion de desencriptarFrase: 450400 ns
2025-09-10 18:48:54 [main] INFO  tiempos - Duracion del proceso intercambiarReferencias: 17300 ns
2025-09-10 18:48:54 [main] INFO  tiempos - Duracion del proceso intercambiarReferencias: 51700 ns
2025-09-10 18:48:54 [main] INFO  tiempos - Duracion del proceso intercambiarReferencias: 27800 ns
2025-09-10 18:48:54 [main] INFO  tiempos - Duracion del proceso intercambiarReferencias: 67300 ns
2025-09-10 18:48:54 [main] INFO  tiempos - Duracion del proceso intercambiarReferencias: 16000 ns
2025-09-10 18:48:54 [main] INFO  tiempos - Duracion del proceso intercambiarReferencias: 31700 ns
2025-09-10 18:48:54 [main] INFO  tiempos - Duracion del proceso intercambiarReferencias: 16000 ns
2025-09-10 18:48:54 [main] INFO  tiempos - Duracion del proceso intercambiarReferencias: 31500 ns
2025-09-10 18:48:54 [main] INFO  tiempos - Duracion de encriptarFrase: 1088300 ns
2025-09-10 18:48:54 [main] INFO  tiempos - Duracion del proceso intercambiarReferencias: 23700 ns
2025-09-10 18:48:54 [main] INFO  tiempos - Duracion del proceso intercambiarReferencias: 34000 ns
2025-09-10 18:48:54 [main] INFO  tiempos - Duracion del proceso intercambiarReferencias: 16600 ns
2025-09-10 18:48:54 [main] INFO  tiempos - Duracion del proceso intercambiarReferencias: 57000 ns
2025-09-10 18:48:54 [main] INFO  tiempos - Duracion del proceso intercambiarReferencias: 18200 ns
2025-09-10 18:48:54 [main] INFO  tiempos - Duracion del proceso intercambiarReferencias: 32100 ns
2025-09-10 18:48:54 [main] INFO  tiempos - Duracion del proceso intercambiarReferencias: 18500 ns
2025-09-10 18:48:54 [main] INFO  tiempos - Duracion del proceso intercambiarReferencias: 38700 ns
2025-09-10 18:48:54 [main] INFO  tiempos - Duracion de desencriptarFrase: 326400 ns
2025-09-10 18:48:54 [main] INFO  tiempos - Duracion del proceso intercambiarReferencias: 60000 ns
2025-09-10 18:48:54 [main] INFO  tiempos - Duracion del proceso intercambiarReferencias: 29100 ns
2025-09-10 18:48:54 [main] INFO  tiempos - Duracion del proceso intercambiarReferencias: 28900 ns
2025-09-10 18:48:54 [main] INFO  tiempos - Duracion del proceso intercambiarReferencias: 38500 ns
2025-09-10 18:48:54 [main] INFO  tiempos - Duracion del proceso intercambiarReferencias: 32300 ns
2025-09-10 18:48:54 [main] INFO  tiempos - Duracion del proceso intercambiarReferencias: 16200 ns
2025-09-10 18:48:54 [main] INFO  tiempos - Duracion del proceso intercambiarReferencias: 44200 ns
2025-09-10 18:48:54 [main] INFO  tiempos - Duracion del proceso intercambiarReferencias: 37900 ns
2025-09-10 18:48:54 [main] INFO  tiempos - Duracion del proceso intercambiarReferencias: 31800 ns
2025-09-10 18:48:54 [main] INFO  tiempos - Duracion del proceso intercambiarReferencias: 15800 ns
2025-09-10 18:48:54 [main] INFO  tiempos - Duracion del proceso intercambiarReferencias: 15900 ns
2025-09-10 18:48:54 [main] INFO  tiempos - Duracion del proceso intercambiarReferencias: 48200 ns
2025-09-10 18:48:54 [main] INFO  tiempos - Duracion del proceso intercambiarReferencias: 15700 ns
2025-09-10 18:48:54 [main] INFO  tiempos - Duracion del proceso intercambiarReferencias: 40700 ns
2025-09-10 18:48:54 [main] INFO  tiempos - Duracion del proceso intercambiarReferencias: 16000 ns
2025-09-10 18:48:54 [main] INFO  tiempos - Duracion del proceso intercambiarReferencias: 16000 ns
2025-09-10 18:48:54 [main] INFO  tiempos - Duracion del proceso intercambiarReferencias: 49300 ns
2025-09-10 18:48:54 [main] INFO  tiempos - Duracion del proceso intercambiarReferencias: 31600 ns
2025-09-10 18:48:54 [main] INFO  tiempos - Duracion del proceso intercambiarReferencias: 45500 ns
2025-09-10 18:48:54 [main] INFO  tiempos - Duracion del proceso intercambiarReferencias: 64500 ns
2025-09-10 18:48:54 [main] INFO  tiempos - Duracion del proceso intercambiarReferencias: 19500 ns
2025-09-10 18:48:54 [main] INFO  tiempos - Duracion del proceso intercambiarReferencias: 31300 ns
2025-09-10 18:48:54 [main] INFO  tiempos - Duracion del proceso intercambiarReferencias: 15700 ns
2025-09-10 18:48:54 [main] INFO  tiempos - Duracion del proceso intercambiarReferencias: 15800 ns
2025-09-10 18:48:54 [main] INFO  tiempos - Duracion del proceso intercambiarReferencias: 47000 ns
2025-09-10 18:48:54 [main] INFO  tiempos - Duracion de encriptarFrase: 2981600 ns
2025-09-10 18:48:54 [main] INFO  tiempos - Duracion del proceso intercambiarReferencias: 41200 ns
2025-09-10 18:48:54 [main] INFO  tiempos - Duracion del proceso intercambiarReferencias: 16900 ns
2025-09-10 18:48:54 [main] INFO  tiempos - Duracion del proceso intercambiarReferencias: 16500 ns
2025-09-10 18:48:54 [main] INFO  tiempos - Duracion del proceso intercambiarReferencias: 70500 ns
2025-09-10 18:48:54 [main] INFO  tiempos - Duracion del proceso intercambiarReferencias: 32000 ns
2025-09-10 18:48:54 [main] INFO  tiempos - Duracion del proceso intercambiarReferencias: 16400 ns
2025-09-10 18:48:54 [main] INFO  tiempos - Duracion del proceso intercambiarReferencias: 16000 ns
2025-09-10 18:48:54 [main] INFO  tiempos - Duracion del proceso intercambiarReferencias: 30900 ns
2025-09-10 18:48:54 [main] INFO  tiempos - Duracion del proceso intercambiarReferencias: 31700 ns
2025-09-10 18:48:54 [main] INFO  tiempos - Duracion del proceso intercambiarReferencias: 16300 ns
2025-09-10 18:48:54 [main] INFO  tiempos - Duracion del proceso intercambiarReferencias: 15900 ns
2025-09-10 18:48:54 [main] INFO  tiempos - Duracion del proceso intercambiarReferencias: 71900 ns
2025-09-10 18:48:54 [main] INFO  tiempos - Duracion del proceso intercambiarReferencias: 16200 ns
2025-09-10 18:48:54 [main] INFO  tiempos - Duracion del proceso intercambiarReferencias: 31700 ns
2025-09-10 18:48:54 [main] INFO  tiempos - Duracion del proceso intercambiarReferencias: 16000 ns
2025-09-10 18:48:54 [main] INFO  tiempos - Duracion del proceso intercambiarReferencias: 15700 ns
2025-09-10 18:48:54 [main] INFO  tiempos - Duracion del proceso intercambiarReferencias: 46500 ns
2025-09-10 18:48:54 [main] INFO  tiempos - Duracion del proceso intercambiarReferencias: 31500 ns
2025-09-10 18:48:54 [main] INFO  tiempos - Duracion del proceso intercambiarReferencias: 15600 ns
2025-09-10 18:48:54 [main] INFO  tiempos - Duracion del proceso intercambiarReferencias: 93900 ns
2025-09-10 18:48:54 [main] INFO  tiempos - Duracion del proceso intercambiarReferencias: 16100 ns
2025-09-10 18:48:54 [main] INFO  tiempos - Duracion del proceso intercambiarReferencias: 31700 ns
2025-09-10 18:48:54 [main] INFO  tiempos - Duracion del proceso intercambiarReferencias: 15800 ns
2025-09-10 18:48:54 [main] INFO  tiempos - Duracion del proceso intercambiarReferencias: 15500 ns
2025-09-10 18:48:54 [main] INFO  tiempos - Duracion del proceso intercambiarReferencias: 49100 ns
2025-09-10 18:48:54 [main] INFO  tiempos - Duracion de desencriptarFrase: 976600 ns
2025-09-10 18:48:54 [main] INFO  tiempos - Duracion del proceso intercambiarReferencias: 53000 ns
2025-09-10 18:48:54 [main] INFO  tiempos - Duracion del proceso intercambiarReferencias: 24300 ns
2025-09-10 18:48:54 [main] INFO  tiempos - Duracion del proceso intercambiarReferencias: 25700 ns
2025-09-10 18:48:54 [main] INFO  tiempos - Duracion del proceso intercambiarReferencias: 74400 ns
2025-09-10 18:48:54 [main] INFO  tiempos - Duracion del proceso intercambiarReferencias: 25000 ns
2025-09-10 18:48:54 [main] INFO  tiempos - Duracion del proceso intercambiarReferencias: 126400 ns
2025-09-10 18:48:54 [main] INFO  tiempos - Duracion del proceso intercambiarReferencias: 54200 ns
2025-09-10 18:48:54 [main] INFO  tiempos - Duracion del proceso intercambiarReferencias: 33200 ns
2025-09-10 18:48:54 [main] INFO  tiempos - Duracion del proceso intercambiarReferencias: 15200 ns
2025-09-10 18:48:54 [main] INFO  tiempos - Duracion del proceso intercambiarReferencias: 54000 ns
2025-09-10 18:48:54 [main] INFO  tiempos - Duracion del proceso intercambiarReferencias: 30500 ns
2025-09-10 18:48:54 [main] INFO  tiempos - Duracion del proceso intercambiarReferencias: 15500 ns
2025-09-10 18:48:54 [main] INFO  tiempos - Duracion del proceso intercambiarReferencias: 15200 ns
2025-09-10 18:48:54 [main] INFO  tiempos - Duracion del proceso intercambiarReferencias: 15800 ns
2025-09-10 18:48:54 [main] INFO  tiempos - Duracion del proceso intercambiarReferencias: 47600 ns
2025-09-10 18:48:54 [main] INFO  tiempos - Duracion del proceso intercambiarReferencias: 30300 ns
2025-09-10 18:48:54 [main] INFO  tiempos - Duracion del proceso intercambiarReferencias: 15600 ns
2025-09-10 18:48:54 [main] INFO  tiempos - Duracion del proceso intercambiarReferencias: 15400 ns
2025-09-10 18:48:54 [main] INFO  tiempos - Duracion del proceso intercambiarReferencias: 30900 ns
2025-09-10 18:48:54 [main] INFO  tiempos - Duracion del proceso intercambiarReferencias: 15500 ns
2025-09-10 18:48:54 [main] INFO  tiempos - Duracion del proceso intercambiarReferencias: 50700 ns
2025-09-10 18:48:54 [main] INFO  tiempos - Duracion del proceso intercambiarReferencias: 15400 ns
2025-09-10 18:48:54 [main] INFO  tiempos - Duracion de encriptarFrase: 2820200 ns
2025-09-10 18:48:54 [main] INFO  tiempos - Duracion del proceso intercambiarReferencias: 40600 ns
2025-09-10 18:48:54 [main] INFO  tiempos - Duracion del proceso intercambiarReferencias: 40300 ns
2025-09-10 18:48:54 [main] INFO  tiempos - Duracion del proceso intercambiarReferencias: 26500 ns
2025-09-10 18:48:54 [main] INFO  tiempos - Duracion del proceso intercambiarReferencias: 85700 ns
2025-09-10 18:48:54 [main] INFO  tiempos - Duracion del proceso intercambiarReferencias: 31600 ns
2025-09-10 18:48:54 [main] INFO  tiempos - Duracion del proceso intercambiarReferencias: 134500 ns
2025-09-10 18:48:54 [main] INFO  tiempos - Duracion del proceso intercambiarReferencias: 69100 ns
2025-09-10 18:48:54 [main] INFO  tiempos - Duracion del proceso intercambiarReferencias: 69100 ns
2025-09-10 18:48:54 [main] INFO  tiempos - Duracion del proceso intercambiarReferencias: 31800 ns
2025-09-10 18:48:54 [main] INFO  tiempos - Duracion del proceso intercambiarReferencias: 98900 ns
2025-09-10 18:48:54 [main] INFO  tiempos - Duracion del proceso intercambiarReferencias: 76800 ns
2025-09-10 18:48:54 [main] INFO  tiempos - Duracion del proceso intercambiarReferencias: 40500 ns
2025-09-10 18:48:54 [main] INFO  tiempos - Duracion del proceso intercambiarReferencias: 40500 ns
2025-09-10 18:48:54 [main] INFO  tiempos - Duracion del proceso intercambiarReferencias: 36200 ns
2025-09-10 18:48:54 [main] INFO  tiempos - Duracion del proceso intercambiarReferencias: 70600 ns
2025-09-10 18:48:54 [main] INFO  tiempos - Duracion del proceso intercambiarReferencias: 33800 ns
2025-09-10 18:48:54 [main] INFO  tiempos - Duracion del proceso intercambiarReferencias: 16600 ns
2025-09-10 18:48:54 [main] INFO  tiempos - Duracion del proceso intercambiarReferencias: 16400 ns
2025-09-10 18:48:54 [main] INFO  tiempos - Duracion del proceso intercambiarReferencias: 43400 ns
2025-09-10 18:48:54 [main] INFO  tiempos - Duracion del proceso intercambiarReferencias: 16300 ns
2025-09-10 18:48:54 [main] INFO  tiempos - Duracion del proceso intercambiarReferencias: 55100 ns
2025-09-10 18:48:54 [main] INFO  tiempos - Duracion del proceso intercambiarReferencias: 16800 ns
2025-09-10 18:48:54 [main] INFO  tiempos - Duracion de desencriptarFrase: 1441200 ns
2025-09-10 18:48:54 [main] INFO  tiempos - Duracion del proceso intercambiarReferencias: 65700 ns
2025-09-10 18:48:54 [main] INFO  tiempos - Duracion del proceso intercambiarReferencias: 48200 ns
2025-09-10 18:48:54 [main] INFO  tiempos - Duracion del proceso intercambiarReferencias: 31600 ns
2025-09-10 18:48:54 [main] INFO  tiempos - Duracion del proceso intercambiarReferencias: 31600 ns
2025-09-10 18:48:54 [main] INFO  tiempos - Duracion del proceso intercambiarReferencias: 17800 ns
2025-09-10 18:48:54 [main] INFO  tiempos - intercambiarReferencias duration: 0 ms
2025-09-10 18:48:54 [main] INFO  tiempos - Duracion del proceso intercambiarReferencias: 12000 ns
2025-09-10 18:48:54 [main] INFO  tiempos - Duracion del proceso intercambiarReferencias: 47800 ns
2025-09-10 18:48:54 [main] INFO  tiempos - Duracion del proceso intercambiarReferencias: 33200 ns
2025-09-10 18:48:54 [main] INFO  tiempos - intercambiarReferencias duration: 0 ms
2025-09-10 18:48:54 [main] INFO  tiempos - Duracion del proceso intercambiarReferencias: 11100 ns
2025-09-10 18:48:54 [main] INFO  tiempos - Duracion del proceso intercambiarReferencias: 31600 ns
2025-09-10 18:48:54 [main] INFO  tiempos - Duracion del proceso intercambiarReferencias: 16400 ns
2025-09-10 18:48:54 [main] INFO  tiempos - Duracion del proceso intercambiarReferencias: 47800 ns
2025-09-10 18:48:54 [main] INFO  tiempos - Duracion de encriptarFrase: 1383200 ns
2025-09-10 18:48:54 [main] INFO  tiempos - Duracion del proceso intercambiarReferencias: 76000 ns
2025-09-10 18:48:54 [main] INFO  tiempos - Duracion del proceso intercambiarReferencias: 54000 ns
2025-09-10 18:48:54 [main] INFO  tiempos - Duracion del proceso intercambiarReferencias: 33900 ns
2025-09-10 18:48:54 [main] INFO  tiempos - Duracion del proceso intercambiarReferencias: 32300 ns
2025-09-10 18:48:54 [main] INFO  tiempos - Duracion del proceso intercambiarReferencias: 16400 ns
2025-09-10 18:48:54 [main] INFO  tiempos - intercambiarReferencias duration: 0 ms
2025-09-10 18:48:54 [main] INFO  tiempos - Duracion del proceso intercambiarReferencias: 16200 ns
2025-09-10 18:48:54 [main] INFO  tiempos - Duracion del proceso intercambiarReferencias: 49800 ns
2025-09-10 18:48:54 [main] INFO  tiempos - Duracion del proceso intercambiarReferencias: 33100 ns
2025-09-10 18:48:54 [main] INFO  tiempos - intercambiarReferencias duration: 0 ms
2025-09-10 18:48:54 [main] INFO  tiempos - Duracion del proceso intercambiarReferencias: 11500 ns
2025-09-10 18:48:54 [main] INFO  tiempos - Duracion del proceso intercambiarReferencias: 32600 ns
2025-09-10 18:48:54 [main] INFO  tiempos - Duracion del proceso intercambiarReferencias: 18600 ns
2025-09-10 18:48:54 [main] INFO  tiempos - Duracion del proceso intercambiarReferencias: 49600 ns
2025-09-10 18:48:54 [main] INFO  tiempos - Duracion de desencriptarFrase: 547500 ns
2025-09-10 18:48:54 [main] INFO  tiempos - Duracion del proceso intercambiarReferencias: 106900 ns
2025-09-10 18:48:54 [main] INFO  tiempos - Duracion del proceso intercambiarReferencias: 49200 ns
2025-09-10 18:48:54 [main] INFO  tiempos - Duracion del proceso intercambiarReferencias: 54400 ns
2025-09-10 18:48:54 [main] INFO  tiempos - intercambiarReferencias duration: 0 ms
2025-09-10 18:48:54 [main] INFO  tiempos - Duracion del proceso intercambiarReferencias: 17500 ns
2025-09-10 18:48:54 [main] INFO  tiempos - Duracion del proceso intercambiarReferencias: 24800 ns
2025-09-10 18:48:54 [main] INFO  tiempos - Duracion del proceso intercambiarReferencias: 25300 ns
2025-09-10 18:48:54 [main] INFO  tiempos - Duracion del proceso intercambiarReferencias: 59400 ns
2025-09-10 18:48:54 [main] INFO  tiempos - Duracion del proceso intercambiarReferencias: 47400 ns
2025-09-10 18:48:54 [main] INFO  tiempos - Duracion del proceso intercambiarReferencias: 22600 ns
2025-09-10 18:48:54 [main] INFO  tiempos - Duracion del proceso intercambiarReferencias: 31800 ns
2025-09-10 18:48:54 [main] INFO  tiempos - Duracion del proceso intercambiarReferencias: 15500 ns
2025-09-10 18:48:54 [main] INFO  tiempos - Duracion del proceso intercambiarReferencias: 16600 ns
2025-09-10 18:48:54 [main] INFO  tiempos - Duracion del proceso intercambiarReferencias: 47100 ns
2025-09-10 18:48:54 [main] INFO  tiempos - Duracion del proceso intercambiarReferencias: 15600 ns
2025-09-10 18:48:54 [main] INFO  tiempos - Duracion del proceso intercambiarReferencias: 120500 ns
2025-09-10 18:48:54 [main] INFO  tiempos - Duracion del proceso intercambiarReferencias: 60700 ns
2025-09-10 18:48:54 [main] INFO  tiempos - Duracion del proceso intercambiarReferencias: 16200 ns
2025-09-10 18:48:54 [main] INFO  tiempos - Duracion del proceso intercambiarReferencias: 20200 ns
2025-09-10 18:48:54 [main] INFO  tiempos - Duracion del proceso intercambiarReferencias: 61900 ns
2025-09-10 18:48:54 [main] INFO  tiempos - Duracion de encriptarFrase: 2830200 ns
2025-09-10 18:48:54 [main] INFO  tiempos - Duracion del proceso intercambiarReferencias: 74800 ns
2025-09-10 18:48:54 [main] INFO  tiempos - Duracion del proceso intercambiarReferencias: 33800 ns
2025-09-10 18:48:54 [main] INFO  tiempos - Duracion del proceso intercambiarReferencias: 32500 ns
2025-09-10 18:48:54 [main] INFO  tiempos - intercambiarReferencias duration: 0 ms
2025-09-10 18:48:54 [main] INFO  tiempos - Duracion del proceso intercambiarReferencias: 12100 ns
2025-09-10 18:48:54 [main] INFO  tiempos - Duracion del proceso intercambiarReferencias: 16200 ns
2025-09-10 18:48:54 [main] INFO  tiempos - Duracion del proceso intercambiarReferencias: 16000 ns
2025-09-10 18:48:54 [main] INFO  tiempos - Duracion del proceso intercambiarReferencias: 31700 ns
2025-09-10 18:48:54 [main] INFO  tiempos - Duracion del proceso intercambiarReferencias: 33100 ns
2025-09-10 18:48:54 [main] INFO  tiempos - Duracion del proceso intercambiarReferencias: 18900 ns
2025-09-10 18:48:54 [main] INFO  tiempos - Duracion del proceso intercambiarReferencias: 31700 ns
2025-09-10 18:48:54 [main] INFO  tiempos - Duracion del proceso intercambiarReferencias: 17200 ns
2025-09-10 18:48:54 [main] INFO  tiempos - Duracion del proceso intercambiarReferencias: 15900 ns
2025-09-10 18:48:54 [main] INFO  tiempos - Duracion del proceso intercambiarReferencias: 46500 ns
2025-09-10 18:48:54 [main] INFO  tiempos - Duracion del proceso intercambiarReferencias: 15800 ns
2025-09-10 18:48:54 [main] INFO  tiempos - Duracion del proceso intercambiarReferencias: 31800 ns
2025-09-10 18:48:54 [main] INFO  tiempos - Duracion del proceso intercambiarReferencias: 31100 ns
2025-09-10 18:48:54 [main] INFO  tiempos - Duracion del proceso intercambiarReferencias: 15900 ns
2025-09-10 18:48:54 [main] INFO  tiempos - Duracion del proceso intercambiarReferencias: 18800 ns
2025-09-10 18:48:54 [main] INFO  tiempos - Duracion del proceso intercambiarReferencias: 61700 ns
2025-09-10 18:48:54 [main] INFO  tiempos - Duracion de desencriptarFrase: 715600 ns
2025-09-10 18:48:54 [main] INFO  tiempos - Duracion del proceso intercambiarReferencias: 16500 ns
2025-09-10 18:48:54 [main] INFO  tiempos - Duracion del proceso intercambiarReferencias: 62300 ns
2025-09-10 18:48:54 [main] INFO  tiempos - Duracion del proceso intercambiarReferencias: 33000 ns
2025-09-10 18:48:54 [main] INFO  tiempos - Duracion del proceso intercambiarReferencias: 15800 ns
2025-09-10 18:48:54 [main] INFO  tiempos - intercambiarReferencias duration: 0 ms
2025-09-10 18:48:54 [main] INFO  tiempos - Duracion del proceso intercambiarReferencias: 11700 ns
2025-09-10 18:48:54 [main] INFO  tiempos - Duracion del proceso intercambiarReferencias: 49300 ns
2025-09-10 18:48:54 [main] INFO  tiempos - Duracion del proceso intercambiarReferencias: 16100 ns
2025-09-10 18:48:54 [main] INFO  tiempos - Duracion del proceso intercambiarReferencias: 31300 ns
2025-09-10 18:48:54 [main] INFO  tiempos - Duracion del proceso intercambiarReferencias: 15600 ns
2025-09-10 18:48:54 [main] INFO  tiempos - Duracion del proceso intercambiarReferencias: 48200 ns
2025-09-10 18:48:54 [main] INFO  tiempos - Duracion del proceso intercambiarReferencias: 15600 ns
2025-09-10 18:48:54 [main] INFO  tiempos - Duracion del proceso intercambiarReferencias: 15600 ns
2025-09-10 18:48:54 [main] INFO  tiempos - Duracion del proceso intercambiarReferencias: 47100 ns
2025-09-10 18:48:54 [main] INFO  tiempos - Duracion del proceso intercambiarReferencias: 31600 ns
2025-09-10 18:48:54 [main] INFO  tiempos - Duracion del proceso intercambiarReferencias: 18500 ns
2025-09-10 18:48:54 [main] INFO  tiempos - Duracion del proceso intercambiarReferencias: 31200 ns
2025-09-10 18:48:54 [main] INFO  tiempos - Duracion del proceso intercambiarReferencias: 63700 ns
2025-09-10 18:48:54 [main] INFO  tiempos - Duracion del proceso intercambiarReferencias: 15700 ns
2025-09-10 18:48:54 [main] INFO  tiempos - Duracion del proceso intercambiarReferencias: 31600 ns
2025-09-10 18:48:54 [main] INFO  tiempos - Duracion de encriptarFrase: 1990100 ns
2025-09-10 18:48:54 [main] INFO  tiempos - Duracion del proceso intercambiarReferencias: 37000 ns
2025-09-10 18:48:54 [main] INFO  tiempos - Duracion del proceso intercambiarReferencias: 75500 ns
2025-09-10 18:48:54 [main] INFO  tiempos - Duracion del proceso intercambiarReferencias: 32100 ns
2025-09-10 18:48:54 [main] INFO  tiempos - Duracion del proceso intercambiarReferencias: 16200 ns
2025-09-10 18:48:54 [main] INFO  tiempos - intercambiarReferencias duration: 0 ms
2025-09-10 18:48:54 [main] INFO  tiempos - Duracion del proceso intercambiarReferencias: 11800 ns
2025-09-10 18:48:54 [main] INFO  tiempos - Duracion del proceso intercambiarReferencias: 48400 ns
2025-09-10 18:48:54 [main] INFO  tiempos - Duracion del proceso intercambiarReferencias: 16600 ns
2025-09-10 18:48:54 [main] INFO  tiempos - Duracion del proceso intercambiarReferencias: 34900 ns
2025-09-10 18:48:54 [main] INFO  tiempos - Duracion del proceso intercambiarReferencias: 16000 ns
2025-09-10 18:48:54 [main] INFO  tiempos - Duracion del proceso intercambiarReferencias: 46400 ns
2025-09-10 18:48:54 [main] INFO  tiempos - Duracion del proceso intercambiarReferencias: 15500 ns
2025-09-10 18:48:54 [main] INFO  tiempos - Duracion del proceso intercambiarReferencias: 15400 ns
2025-09-10 18:48:54 [main] INFO  tiempos - Duracion del proceso intercambiarReferencias: 46400 ns
2025-09-10 18:48:54 [main] INFO  tiempos - Duracion del proceso intercambiarReferencias: 30900 ns
2025-09-10 18:48:54 [main] INFO  tiempos - Duracion del proceso intercambiarReferencias: 15900 ns
2025-09-10 18:48:54 [main] INFO  tiempos - Duracion del proceso intercambiarReferencias: 33700 ns
2025-09-10 18:48:54 [main] INFO  tiempos - Duracion del proceso intercambiarReferencias: 62400 ns
2025-09-10 18:48:54 [main] INFO  tiempos - Duracion del proceso intercambiarReferencias: 15600 ns
2025-09-10 18:48:54 [main] INFO  tiempos - Duracion del proceso intercambiarReferencias: 31000 ns
2025-09-10 18:48:54 [main] INFO  tiempos - Duracion de desencriptarFrase: 764300 ns
2025-09-10 18:48:54 [main] INFO  tiempos - Duracion del proceso intercambiarReferencias: 74600 ns
2025-09-10 18:48:54 [main] INFO  tiempos - Duracion del proceso intercambiarReferencias: 75200 ns
2025-09-10 18:48:54 [main] INFO  tiempos - Duracion del proceso intercambiarReferencias: 96000 ns
2025-09-10 18:48:54 [main] INFO  tiempos - Duracion del proceso intercambiarReferencias: 20000 ns
2025-09-10 18:48:54 [main] INFO  tiempos - intercambiarReferencias duration: 0 ms
2025-09-10 18:48:54 [main] INFO  tiempos - Duracion del proceso intercambiarReferencias: 51000 ns
2025-09-10 18:48:54 [main] INFO  tiempos - Duracion del proceso intercambiarReferencias: 39600 ns
2025-09-10 18:48:54 [main] INFO  tiempos - Duracion del proceso intercambiarReferencias: 18700 ns
2025-09-10 18:48:54 [main] INFO  tiempos - Duracion del proceso intercambiarReferencias: 95200 ns
2025-09-10 18:48:54 [main] INFO  tiempos - Duracion del proceso intercambiarReferencias: 71900 ns
2025-09-10 18:48:54 [main] INFO  tiempos - Duracion del proceso intercambiarReferencias: 31200 ns
2025-09-10 18:48:54 [main] INFO  tiempos - Duracion del proceso intercambiarReferencias: 16900 ns
2025-09-10 18:48:54 [main] INFO  tiempos - Duracion del proceso intercambiarReferencias: 80000 ns
2025-09-10 18:48:54 [main] INFO  tiempos - Duracion del proceso intercambiarReferencias: 47000 ns
2025-09-10 18:48:54 [main] INFO  tiempos - Duracion del proceso intercambiarReferencias: 31500 ns
2025-09-10 18:48:54 [main] INFO  tiempos - Duracion del proceso intercambiarReferencias: 31300 ns
2025-09-10 18:48:54 [main] INFO  tiempos - Duracion del proceso intercambiarReferencias: 33500 ns
2025-09-10 18:48:54 [main] INFO  tiempos - Duracion del proceso intercambiarReferencias: 31200 ns
2025-09-10 18:48:54 [main] INFO  tiempos - Duracion del proceso intercambiarReferencias: 15700 ns
2025-09-10 18:48:54 [main] INFO  tiempos - Duracion del proceso intercambiarReferencias: 59400 ns
2025-09-10 18:48:54 [main] INFO  tiempos - Duracion del proceso intercambiarReferencias: 45500 ns
2025-09-10 18:48:54 [main] INFO  tiempos - Duracion de encriptarFrase: 3256000 ns
2025-09-10 18:48:54 [main] INFO  tiempos - Duracion del proceso intercambiarReferencias: 71000 ns
2025-09-10 18:48:54 [main] INFO  tiempos - Duracion del proceso intercambiarReferencias: 63200 ns
2025-09-10 18:48:54 [main] INFO  tiempos - Duracion del proceso intercambiarReferencias: 98000 ns
2025-09-10 18:48:54 [main] INFO  tiempos - Duracion del proceso intercambiarReferencias: 32500 ns
2025-09-10 18:48:54 [main] INFO  tiempos - intercambiarReferencias duration: 0 ms
2025-09-10 18:48:54 [main] INFO  tiempos - Duracion del proceso intercambiarReferencias: 22700 ns
2025-09-10 18:48:54 [main] INFO  tiempos - Duracion del proceso intercambiarReferencias: 50700 ns
2025-09-10 18:48:54 [main] INFO  tiempos - Duracion del proceso intercambiarReferencias: 21400 ns
2025-09-10 18:48:54 [main] INFO  tiempos - Duracion del proceso intercambiarReferencias: 112200 ns
2025-09-10 18:48:54 [main] INFO  tiempos - Duracion del proceso intercambiarReferencias: 64500 ns
2025-09-10 18:48:54 [main] INFO  tiempos - Duracion del proceso intercambiarReferencias: 55200 ns
2025-09-10 18:48:54 [main] INFO  tiempos - Duracion del proceso intercambiarReferencias: 27000 ns
2025-09-10 18:48:54 [main] INFO  tiempos - Duracion del proceso intercambiarReferencias: 199100 ns
2025-09-10 18:48:54 [main] INFO  tiempos - Duracion del proceso intercambiarReferencias: 91400 ns
2025-09-10 18:48:54 [main] INFO  tiempos - Duracion del proceso intercambiarReferencias: 82200 ns
2025-09-10 18:48:54 [main] INFO  tiempos - Duracion del proceso intercambiarReferencias: 33100 ns
2025-09-10 18:48:54 [main] INFO  tiempos - Duracion del proceso intercambiarReferencias: 32400 ns
2025-09-10 18:48:54 [main] INFO  tiempos - Duracion del proceso intercambiarReferencias: 32800 ns
2025-09-10 18:48:54 [main] INFO  tiempos - Duracion del proceso intercambiarReferencias: 16100 ns
2025-09-10 18:48:54 [main] INFO  tiempos - Duracion del proceso intercambiarReferencias: 50000 ns
2025-09-10 18:48:54 [main] INFO  tiempos - Duracion del proceso intercambiarReferencias: 48900 ns
2025-09-10 18:48:54 [main] INFO  tiempos - Duracion de desencriptarFrase: 1492100 ns
2025-09-10 18:48:54 [main] INFO  tiempos - Duracion del proceso intercambiarReferencias: 17600 ns
2025-09-10 18:48:54 [main] INFO  tiempos - Duracion del proceso intercambiarReferencias: 16100 ns
2025-09-10 18:48:54 [main] INFO  tiempos - Duracion del proceso intercambiarReferencias: 32300 ns
2025-09-10 18:48:54 [main] INFO  tiempos - Duracion del proceso intercambiarReferencias: 52300 ns
2025-09-10 18:48:54 [main] INFO  tiempos - Duracion del proceso intercambiarReferencias: 31600 ns
2025-09-10 18:48:54 [main] INFO  tiempos - Duracion del proceso intercambiarReferencias: 16000 ns
2025-09-10 18:48:54 [main] INFO  tiempos - Duracion del proceso intercambiarReferencias: 64500 ns
2025-09-10 18:48:54 [main] INFO  tiempos - Duracion del proceso intercambiarReferencias: 16000 ns
2025-09-10 18:48:54 [main] INFO  tiempos - Duracion del proceso intercambiarReferencias: 32600 ns
2025-09-10 18:48:54 [main] INFO  tiempos - Duracion del proceso intercambiarReferencias: 20100 ns
2025-09-10 18:48:54 [main] INFO  tiempos - Duracion del proceso intercambiarReferencias: 63500 ns
2025-09-10 18:48:54 [main] INFO  tiempos - Duracion del proceso intercambiarReferencias: 16000 ns
2025-09-10 18:48:54 [main] INFO  tiempos - Duracion del proceso intercambiarReferencias: 15700 ns
2025-09-10 18:48:54 [main] INFO  tiempos - Duracion del proceso intercambiarReferencias: 63800 ns
2025-09-10 18:48:54 [main] INFO  tiempos - Duracion del proceso intercambiarReferencias: 15900 ns
2025-09-10 18:48:54 [main] INFO  tiempos - Duracion del proceso intercambiarReferencias: 15700 ns
2025-09-10 18:48:54 [main] INFO  tiempos - Duracion del proceso intercambiarReferencias: 46700 ns
2025-09-10 18:48:54 [main] INFO  tiempos - Duracion del proceso intercambiarReferencias: 16900 ns
2025-09-10 18:48:54 [main] INFO  tiempos - Duracion del proceso intercambiarReferencias: 15600 ns
2025-09-10 18:48:54 [main] INFO  tiempos - Duracion del proceso intercambiarReferencias: 48000 ns
2025-09-10 18:48:54 [main] INFO  tiempos - Duracion del proceso intercambiarReferencias: 15600 ns
2025-09-10 18:48:54 [main] INFO  tiempos - Duracion del proceso intercambiarReferencias: 16000 ns
2025-09-10 18:48:54 [main] INFO  tiempos - Duracion del proceso intercambiarReferencias: 48200 ns
2025-09-10 18:48:54 [main] INFO  tiempos - Duracion de encriptarFrase: 2731200 ns
2025-09-10 18:48:54 [main] INFO  tiempos - Duracion del proceso intercambiarReferencias: 33300 ns
2025-09-10 18:48:54 [main] INFO  tiempos - Duracion del proceso intercambiarReferencias: 26400 ns
2025-09-10 18:48:54 [main] INFO  tiempos - Duracion del proceso intercambiarReferencias: 50800 ns
2025-09-10 18:48:54 [main] INFO  tiempos - Duracion del proceso intercambiarReferencias: 75400 ns
2025-09-10 18:48:54 [main] INFO  tiempos - Duracion del proceso intercambiarReferencias: 48800 ns
2025-09-10 18:48:54 [main] INFO  tiempos - Duracion del proceso intercambiarReferencias: 25700 ns
2025-09-10 18:48:54 [main] INFO  tiempos - Duracion del proceso intercambiarReferencias: 101100 ns
2025-09-10 18:48:54 [main] INFO  tiempos - Duracion del proceso intercambiarReferencias: 25400 ns
2025-09-10 18:48:54 [main] INFO  tiempos - Duracion del proceso intercambiarReferencias: 47600 ns
2025-09-10 18:48:54 [main] INFO  tiempos - Duracion del proceso intercambiarReferencias: 24100 ns
2025-09-10 18:48:54 [main] INFO  tiempos - Duracion del proceso intercambiarReferencias: 109200 ns
2025-09-10 18:48:54 [main] INFO  tiempos - Duracion del proceso intercambiarReferencias: 24500 ns
2025-09-10 18:48:54 [main] INFO  tiempos - Duracion del proceso intercambiarReferencias: 25500 ns
2025-09-10 18:48:54 [main] INFO  tiempos - Duracion del proceso intercambiarReferencias: 95600 ns
2025-09-10 18:48:54 [main] INFO  tiempos - Duracion del proceso intercambiarReferencias: 24000 ns
2025-09-10 18:48:54 [main] INFO  tiempos - Duracion del proceso intercambiarReferencias: 24100 ns
2025-09-10 18:48:54 [main] INFO  tiempos - Duracion del proceso intercambiarReferencias: 71200 ns
2025-09-10 18:48:54 [main] INFO  tiempos - Duracion del proceso intercambiarReferencias: 25800 ns
2025-09-10 18:48:54 [main] INFO  tiempos - Duracion del proceso intercambiarReferencias: 23700 ns
2025-09-10 18:48:54 [main] INFO  tiempos - Duracion del proceso intercambiarReferencias: 74000 ns
2025-09-10 18:48:54 [main] INFO  tiempos - Duracion del proceso intercambiarReferencias: 27200 ns
2025-09-10 18:48:54 [main] INFO  tiempos - Duracion del proceso intercambiarReferencias: 27600 ns
2025-09-10 18:48:54 [main] INFO  tiempos - Duracion del proceso intercambiarReferencias: 144400 ns
2025-09-10 18:48:54 [main] INFO  tiempos - Duracion de desencriptarFrase: 1432100 ns
2025-09-10 18:48:54 [main] INFO  tiempos - Duracion del proceso intercambiarReferencias: 80300 ns
2025-09-10 18:48:54 [main] INFO  tiempos - Duracion del proceso intercambiarReferencias: 24400 ns
2025-09-10 18:48:54 [main] INFO  tiempos - Duracion del proceso intercambiarReferencias: 101300 ns
2025-09-10 18:48:54 [main] INFO  tiempos - Duracion del proceso intercambiarReferencias: 24100 ns
2025-09-10 18:48:54 [main] INFO  tiempos - Duracion del proceso intercambiarReferencias: 50800 ns
2025-09-10 18:48:54 [main] INFO  tiempos - Duracion del proceso intercambiarReferencias: 59900 ns
2025-09-10 18:48:54 [main] INFO  tiempos - Duracion de encriptarFrase: 1407000 ns
2025-09-10 18:48:54 [main] INFO  tiempos - Duracion del proceso intercambiarReferencias: 52400 ns
2025-09-10 18:48:54 [main] INFO  tiempos - Duracion del proceso intercambiarReferencias: 16600 ns
2025-09-10 18:48:54 [main] INFO  tiempos - Duracion del proceso intercambiarReferencias: 68100 ns
2025-09-10 18:48:54 [main] INFO  tiempos - Duracion del proceso intercambiarReferencias: 15800 ns
2025-09-10 18:48:54 [main] INFO  tiempos - Duracion del proceso intercambiarReferencias: 31700 ns
2025-09-10 18:48:54 [main] INFO  tiempos - Duracion del proceso intercambiarReferencias: 46000 ns
2025-09-10 18:48:54 [main] INFO  tiempos - Duracion de desencriptarFrase: 303100 ns
2025-09-10 18:48:54 [main] INFO  tiempos - Duracion del proceso intercambiarReferencias: 32600 ns
2025-09-10 18:48:54 [main] INFO  tiempos - Duracion del proceso intercambiarReferencias: 51300 ns
2025-09-10 18:48:54 [main] INFO  tiempos - Duracion del proceso intercambiarReferencias: 26000 ns
2025-09-10 18:48:54 [main] INFO  tiempos - Duracion del proceso intercambiarReferencias: 31800 ns
2025-09-10 18:48:54 [main] INFO  tiempos - Duracion del proceso intercambiarReferencias: 37300 ns
2025-09-10 18:48:54 [main] INFO  tiempos - Duracion del proceso intercambiarReferencias: 130100 ns
2025-09-10 18:48:54 [main] INFO  tiempos - Duracion del proceso intercambiarReferencias: 15700 ns
2025-09-10 18:48:54 [main] INFO  tiempos - Duracion del proceso intercambiarReferencias: 16600 ns
2025-09-10 18:48:54 [main] INFO  tiempos - Duracion del proceso intercambiarReferencias: 31600 ns
2025-09-10 18:48:54 [main] INFO  tiempos - Duracion del proceso intercambiarReferencias: 63500 ns
2025-09-10 18:48:54 [main] INFO  tiempos - Duracion del proceso intercambiarReferencias: 15800 ns
2025-09-10 18:48:54 [main] INFO  tiempos - Duracion del proceso intercambiarReferencias: 15800 ns
2025-09-10 18:48:54 [main] INFO  tiempos - Duracion del proceso intercambiarReferencias: 46700 ns
2025-09-10 18:48:54 [main] INFO  tiempos - Duracion del proceso intercambiarReferencias: 17200 ns
2025-09-10 18:48:54 [main] INFO  tiempos - Duracion del proceso intercambiarReferencias: 47200 ns
2025-09-10 18:48:54 [main] INFO  tiempos - Duracion de encriptarFrase: 1950300 ns
2025-09-10 18:48:54 [main] INFO  tiempos - Duracion del proceso intercambiarReferencias: 88000 ns
2025-09-10 18:48:54 [main] INFO  tiempos - Duracion del proceso intercambiarReferencias: 33600 ns
2025-09-10 18:48:54 [main] INFO  tiempos - Duracion del proceso intercambiarReferencias: 16500 ns
2025-09-10 18:48:54 [main] INFO  tiempos - Duracion del proceso intercambiarReferencias: 17400 ns
2025-09-10 18:48:54 [main] INFO  tiempos - Duracion del proceso intercambiarReferencias: 27800 ns
2025-09-10 18:48:54 [main] INFO  tiempos - Duracion del proceso intercambiarReferencias: 53900 ns
2025-09-10 18:48:54 [main] INFO  tiempos - Duracion del proceso intercambiarReferencias: 14100 ns
2025-09-10 18:48:54 [main] INFO  tiempos - Duracion del proceso intercambiarReferencias: 14300 ns
2025-09-10 18:48:54 [main] INFO  tiempos - Duracion del proceso intercambiarReferencias: 27500 ns
2025-09-10 18:48:54 [main] INFO  tiempos - Duracion del proceso intercambiarReferencias: 55300 ns
2025-09-10 18:48:54 [main] INFO  tiempos - Duracion del proceso intercambiarReferencias: 13900 ns
2025-09-10 18:48:54 [main] INFO  tiempos - Duracion del proceso intercambiarReferencias: 14100 ns
2025-09-10 18:48:54 [main] INFO  tiempos - Duracion del proceso intercambiarReferencias: 40200 ns
2025-09-10 18:48:54 [main] INFO  tiempos - Duracion del proceso intercambiarReferencias: 14200 ns
2025-09-10 18:48:54 [main] INFO  tiempos - Duracion del proceso intercambiarReferencias: 39500 ns
2025-09-10 18:48:54 [main] INFO  tiempos - Duracion de desencriptarFrase: 608000 ns
2025-09-10 18:48:54 [main] INFO  tiempos - Duracion del proceso intercambiarReferencias: 33500 ns
2025-09-10 18:48:54 [main] INFO  tiempos - Duracion del proceso intercambiarReferencias: 45100 ns
2025-09-10 18:48:54 [main] INFO  tiempos - Duracion del proceso intercambiarReferencias: 27000 ns
2025-09-10 18:48:54 [main] INFO  tiempos - Duracion del proceso intercambiarReferencias: 17300 ns
2025-09-10 18:48:54 [main] INFO  tiempos - Duracion del proceso intercambiarReferencias: 15100 ns
2025-09-10 18:48:54 [main] INFO  tiempos - Duracion del proceso intercambiarReferencias: 17900 ns
2025-09-10 18:48:54 [main] INFO  tiempos - Duracion del proceso intercambiarReferencias: 20500 ns
2025-09-10 18:48:54 [main] INFO  tiempos - Duracion del proceso intercambiarReferencias: 33300 ns
2025-09-10 18:48:54 [main] INFO  tiempos - Duracion del proceso intercambiarReferencias: 14900 ns
2025-09-10 18:48:54 [main] INFO  tiempos - Duracion del proceso intercambiarReferencias: 28000 ns
2025-09-10 18:48:54 [main] INFO  tiempos - Duracion del proceso intercambiarReferencias: 13800 ns
2025-09-10 18:48:54 [main] INFO  tiempos - Duracion del proceso intercambiarReferencias: 13700 ns
2025-09-10 18:48:54 [main] INFO  tiempos - Duracion del proceso intercambiarReferencias: 27100 ns
2025-09-10 18:48:54 [main] INFO  tiempos - Duracion del proceso intercambiarReferencias: 13900 ns
2025-09-10 18:48:54 [main] INFO  tiempos - intercambiarReferencias duration: 0 ms
2025-09-10 18:48:54 [main] INFO  tiempos - Duracion del proceso intercambiarReferencias: 11100 ns
2025-09-10 18:48:54 [main] INFO  tiempos - Duracion del proceso intercambiarReferencias: 42300 ns
2025-09-10 18:48:54 [main] INFO  tiempos - Duracion del proceso intercambiarReferencias: 26300 ns
2025-09-10 18:48:54 [main] INFO  tiempos - Duracion del proceso intercambiarReferencias: 41400 ns
2025-09-10 18:48:54 [main] INFO  tiempos - Duracion del proceso intercambiarReferencias: 52900 ns
2025-09-10 18:48:54 [main] INFO  tiempos - Duracion de encriptarFrase: 1994100 ns
2025-09-10 18:48:54 [main] INFO  tiempos - Duracion del proceso intercambiarReferencias: 42800 ns
2025-09-10 18:48:54 [main] INFO  tiempos - Duracion del proceso intercambiarReferencias: 40100 ns
2025-09-10 18:48:54 [main] INFO  tiempos - Duracion del proceso intercambiarReferencias: 13600 ns
2025-09-10 18:48:54 [main] INFO  tiempos - Duracion del proceso intercambiarReferencias: 56400 ns
2025-09-10 18:48:54 [main] INFO  tiempos - Duracion del proceso intercambiarReferencias: 13000 ns
2025-09-10 18:48:54 [main] INFO  tiempos - Duracion del proceso intercambiarReferencias: 13000 ns
2025-09-10 18:48:54 [main] INFO  tiempos - Duracion del proceso intercambiarReferencias: 12700 ns
2025-09-10 18:48:54 [main] INFO  tiempos - Duracion del proceso intercambiarReferencias: 25300 ns
2025-09-10 18:48:54 [main] INFO  tiempos - Duracion del proceso intercambiarReferencias: 12900 ns
2025-09-10 18:48:54 [main] INFO  tiempos - Duracion del proceso intercambiarReferencias: 29600 ns
2025-09-10 18:48:54 [main] INFO  tiempos - Duracion del proceso intercambiarReferencias: 13000 ns
2025-09-10 18:48:54 [main] INFO  tiempos - Duracion del proceso intercambiarReferencias: 13000 ns
2025-09-10 18:48:54 [main] INFO  tiempos - Duracion del proceso intercambiarReferencias: 25500 ns
2025-09-10 18:48:54 [main] INFO  tiempos - Duracion del proceso intercambiarReferencias: 13000 ns
2025-09-10 18:48:54 [main] INFO  tiempos - intercambiarReferencias duration: 0 ms
2025-09-10 18:48:54 [main] INFO  tiempos - Duracion del proceso intercambiarReferencias: 9400 ns
2025-09-10 18:48:54 [main] INFO  tiempos - Duracion del proceso intercambiarReferencias: 40700 ns
2025-09-10 18:48:54 [main] INFO  tiempos - Duracion del proceso intercambiarReferencias: 73900 ns
2025-09-10 18:48:54 [main] INFO  tiempos - Duracion del proceso intercambiarReferencias: 41400 ns
2025-09-10 18:48:54 [main] INFO  tiempos - Duracion del proceso intercambiarReferencias: 62000 ns
2025-09-10 18:48:54 [main] INFO  tiempos - Duracion de desencriptarFrase: 743800 ns
2025-09-10 18:48:54 [main] INFO  tiempos - Duracion del proceso intercambiarReferencias: 97000 ns
2025-09-10 18:48:54 [main] INFO  tiempos - Duracion del proceso intercambiarReferencias: 12800 ns
2025-09-10 18:48:54 [main] INFO  tiempos - Duracion del proceso intercambiarReferencias: 12500 ns
2025-09-10 18:48:54 [main] INFO  tiempos - Duracion del proceso intercambiarReferencias: 38400 ns
2025-09-10 18:48:54 [main] INFO  tiempos - Duracion del proceso intercambiarReferencias: 16300 ns
2025-09-10 18:48:54 [main] INFO  tiempos - Duracion del proceso intercambiarReferencias: 39200 ns
2025-09-10 18:48:54 [main] INFO  tiempos - Duracion del proceso intercambiarReferencias: 12600 ns
2025-09-10 18:48:54 [main] INFO  tiempos - Duracion del proceso intercambiarReferencias: 39800 ns
2025-09-10 18:48:54 [main] INFO  tiempos - Duracion del proceso intercambiarReferencias: 25400 ns
2025-09-10 18:48:54 [main] INFO  tiempos - Duracion del proceso intercambiarReferencias: 39700 ns
2025-09-10 18:48:54 [main] INFO  tiempos - Duracion del proceso intercambiarReferencias: 12900 ns
2025-09-10 18:48:54 [main] INFO  tiempos - Duracion del proceso intercambiarReferencias: 28300 ns
2025-09-10 18:48:54 [main] INFO  tiempos - Duracion del proceso intercambiarReferencias: 13900 ns
2025-09-10 18:48:54 [main] INFO  tiempos - Duracion del proceso intercambiarReferencias: 13000 ns
2025-09-10 18:48:54 [main] INFO  tiempos - Duracion del proceso intercambiarReferencias: 38600 ns
2025-09-10 18:48:54 [main] INFO  tiempos - Duracion del proceso intercambiarReferencias: 12800 ns
2025-09-10 18:48:54 [main] INFO  tiempos - Duracion del proceso intercambiarReferencias: 50500 ns
2025-09-10 18:48:54 [main] INFO  tiempos - Duracion del proceso intercambiarReferencias: 38600 ns
2025-09-10 18:48:54 [main] INFO  tiempos - Duracion del proceso intercambiarReferencias: 12600 ns
2025-09-10 18:48:54 [main] INFO  tiempos - Duracion del proceso intercambiarReferencias: 25300 ns
2025-09-10 18:48:54 [main] INFO  tiempos - Duracion del proceso intercambiarReferencias: 39400 ns
2025-09-10 18:48:54 [main] INFO  tiempos - Duracion del proceso intercambiarReferencias: 25400 ns
2025-09-10 18:48:54 [main] INFO  tiempos - Duracion del proceso intercambiarReferencias: 25200 ns
2025-09-10 18:48:54 [main] INFO  tiempos - Duracion del proceso intercambiarReferencias: 50300 ns
2025-09-10 18:48:54 [main] INFO  tiempos - Duracion de encriptarFrase: 2451400 ns
2025-09-10 18:48:54 [main] INFO  tiempos - Duracion del proceso intercambiarReferencias: 105200 ns
2025-09-10 18:48:54 [main] INFO  tiempos - Duracion del proceso intercambiarReferencias: 17500 ns
2025-09-10 18:48:54 [main] INFO  tiempos - Duracion del proceso intercambiarReferencias: 13800 ns
2025-09-10 18:48:54 [main] INFO  tiempos - Duracion del proceso intercambiarReferencias: 38300 ns
2025-09-10 18:48:54 [main] INFO  tiempos - Duracion del proceso intercambiarReferencias: 13000 ns
2025-09-10 18:48:54 [main] INFO  tiempos - Duracion del proceso intercambiarReferencias: 37300 ns
2025-09-10 18:48:54 [main] INFO  tiempos - Duracion del proceso intercambiarReferencias: 12700 ns
2025-09-10 18:48:54 [main] INFO  tiempos - Duracion del proceso intercambiarReferencias: 37300 ns
2025-09-10 18:48:54 [main] INFO  tiempos - Duracion del proceso intercambiarReferencias: 26900 ns
2025-09-10 18:48:54 [main] INFO  tiempos - Duracion del proceso intercambiarReferencias: 37100 ns
2025-09-10 18:48:54 [main] INFO  tiempos - Duracion del proceso intercambiarReferencias: 12500 ns
2025-09-10 18:48:54 [main] INFO  tiempos - Duracion del proceso intercambiarReferencias: 24500 ns
2025-09-10 18:48:54 [main] INFO  tiempos - Duracion del proceso intercambiarReferencias: 12400 ns
2025-09-10 18:48:54 [main] INFO  tiempos - Duracion del proceso intercambiarReferencias: 12500 ns
2025-09-10 18:48:54 [main] INFO  tiempos - Duracion del proceso intercambiarReferencias: 37500 ns
2025-09-10 18:48:54 [main] INFO  tiempos - Duracion del proceso intercambiarReferencias: 12700 ns
2025-09-10 18:48:54 [main] INFO  tiempos - Duracion del proceso intercambiarReferencias: 51500 ns
2025-09-10 18:48:54 [main] INFO  tiempos - Duracion del proceso intercambiarReferencias: 37400 ns
2025-09-10 18:48:54 [main] INFO  tiempos - Duracion del proceso intercambiarReferencias: 12300 ns
2025-09-10 18:48:54 [main] INFO  tiempos - Duracion del proceso intercambiarReferencias: 24700 ns
2025-09-10 18:48:54 [main] INFO  tiempos - Duracion del proceso intercambiarReferencias: 36700 ns
2025-09-10 18:48:54 [main] INFO  tiempos - Duracion del proceso intercambiarReferencias: 25800 ns
2025-09-10 18:48:54 [main] INFO  tiempos - Duracion del proceso intercambiarReferencias: 25300 ns
2025-09-10 18:48:54 [main] INFO  tiempos - Duracion del proceso intercambiarReferencias: 49400 ns
2025-09-10 18:48:54 [main] INFO  tiempos - Duracion de desencriptarFrase: 892500 ns
2025-09-10 18:48:54 [main] INFO  tiempos - Duracion del proceso Main: 3573 ms
2025-09-10 18:54:49 [main] INFO  tiempos - Duracion del proceso intercambiarReferencias: 476200 ns
2025-09-10 18:54:49 [main] INFO  tiempos - Duracion del proceso intercambiarReferencias: 289300 ns
2025-09-10 18:54:49 [main] INFO  tiempos - Duracion del proceso intercambiarReferencias: 229000 ns
2025-09-10 18:54:49 [main] INFO  tiempos - Duracion del proceso intercambiarReferencias: 103400 ns
2025-09-10 18:54:49 [main] INFO  tiempos - Duracion del proceso intercambiarReferencias: 225600 ns
2025-09-10 18:54:49 [main] INFO  tiempos - Duracion del proceso intercambiarReferencias: 297500 ns
2025-09-10 18:54:49 [main] INFO  tiempos - Duracion del proceso intercambiarReferencias: 97400 ns
2025-09-10 18:54:49 [main] INFO  tiempos - Duracion del proceso intercambiarReferencias: 98400 ns
2025-09-10 18:54:49 [main] INFO  tiempos - Duracion del proceso intercambiarReferencias: 97800 ns
2025-09-10 18:54:49 [main] INFO  tiempos - Duracion del proceso intercambiarReferencias: 430500 ns
2025-09-10 18:54:49 [main] INFO  tiempos - Duracion de encriptarFrase: 9161400 ns
2025-09-10 18:54:49 [main] INFO  tiempos - Duracion del proceso intercambiarReferencias: 317600 ns
2025-09-10 18:54:49 [main] INFO  tiempos - Duracion del proceso intercambiarReferencias: 364000 ns
2025-09-10 18:54:49 [main] INFO  tiempos - Duracion del proceso intercambiarReferencias: 263900 ns
2025-09-10 18:54:49 [main] INFO  tiempos - Duracion del proceso intercambiarReferencias: 116800 ns
2025-09-10 18:54:49 [main] INFO  tiempos - Duracion del proceso intercambiarReferencias: 216000 ns
2025-09-10 18:54:49 [main] INFO  tiempos - Duracion del proceso intercambiarReferencias: 251700 ns
2025-09-10 18:54:49 [main] INFO  tiempos - Duracion del proceso intercambiarReferencias: 106000 ns
2025-09-10 18:54:49 [main] INFO  tiempos - Duracion del proceso intercambiarReferencias: 131900 ns
2025-09-10 18:54:49 [main] INFO  tiempos - Duracion del proceso intercambiarReferencias: 95800 ns
2025-09-10 18:54:49 [main] INFO  tiempos - Duracion del proceso intercambiarReferencias: 332500 ns
2025-09-10 18:54:49 [main] INFO  tiempos - Duracion de desencriptarFrase: 2815000 ns
2025-09-10 18:54:49 [main] INFO  tiempos - Duracion del proceso intercambiarReferencias: 350500 ns
2025-09-10 18:54:49 [main] INFO  tiempos - Duracion del proceso intercambiarReferencias: 87400 ns
2025-09-10 18:54:49 [main] INFO  tiempos - Duracion del proceso intercambiarReferencias: 307000 ns
2025-09-10 18:54:49 [main] INFO  tiempos - Duracion del proceso intercambiarReferencias: 71000 ns
2025-09-10 18:54:49 [main] INFO  tiempos - Duracion del proceso intercambiarReferencias: 236400 ns
2025-09-10 18:54:49 [main] INFO  tiempos - Duracion de encriptarFrase: 3777500 ns
2025-09-10 18:54:49 [main] INFO  tiempos - Duracion del proceso intercambiarReferencias: 282000 ns
2025-09-10 18:54:49 [main] INFO  tiempos - Duracion del proceso intercambiarReferencias: 70300 ns
2025-09-10 18:54:49 [main] INFO  tiempos - Duracion del proceso intercambiarReferencias: 309800 ns
2025-09-10 18:54:49 [main] INFO  tiempos - Duracion del proceso intercambiarReferencias: 71100 ns
2025-09-10 18:54:49 [main] INFO  tiempos - Duracion del proceso intercambiarReferencias: 228000 ns
2025-09-10 18:54:49 [main] INFO  tiempos - Duracion de desencriptarFrase: 1177700 ns
2025-09-10 18:54:49 [main] INFO  tiempos - Duracion del proceso intercambiarReferencias: 82200 ns
2025-09-10 18:54:49 [main] INFO  tiempos - Duracion del proceso intercambiarReferencias: 64300 ns
2025-09-10 18:54:49 [main] INFO  tiempos - Duracion del proceso intercambiarReferencias: 63000 ns
2025-09-10 18:54:49 [main] INFO  tiempos - Duracion del proceso intercambiarReferencias: 122600 ns
2025-09-10 18:54:49 [main] INFO  tiempos - Duracion del proceso intercambiarReferencias: 233700 ns
2025-09-10 18:54:49 [main] INFO  tiempos - Duracion del proceso intercambiarReferencias: 125500 ns
2025-09-10 18:54:49 [main] INFO  tiempos - Duracion del proceso intercambiarReferencias: 262500 ns
2025-09-10 18:54:49 [main] INFO  tiempos - Duracion del proceso intercambiarReferencias: 196300 ns
2025-09-10 18:54:49 [main] INFO  tiempos - Duracion del proceso intercambiarReferencias: 134500 ns
2025-09-10 18:54:49 [main] INFO  tiempos - Duracion del proceso intercambiarReferencias: 238800 ns
2025-09-10 18:54:49 [main] INFO  tiempos - Duracion del proceso intercambiarReferencias: 60200 ns
2025-09-10 18:54:49 [main] INFO  tiempos - Duracion del proceso intercambiarReferencias: 299500 ns
2025-09-10 18:54:49 [main] INFO  tiempos - Duracion de encriptarFrase: 6360700 ns
2025-09-10 18:54:49 [main] INFO  tiempos - Duracion del proceso intercambiarReferencias: 103700 ns
2025-09-10 18:54:49 [main] INFO  tiempos - Duracion del proceso intercambiarReferencias: 59000 ns
2025-09-10 18:54:49 [main] INFO  tiempos - Duracion del proceso intercambiarReferencias: 55700 ns
2025-09-10 18:54:49 [main] INFO  tiempos - Duracion del proceso intercambiarReferencias: 98100 ns
2025-09-10 18:54:49 [main] INFO  tiempos - Duracion del proceso intercambiarReferencias: 47000 ns
2025-09-10 18:54:49 [main] INFO  tiempos - Duracion del proceso intercambiarReferencias: 101300 ns
2025-09-10 18:54:49 [main] INFO  tiempos - Duracion del proceso intercambiarReferencias: 194300 ns
2025-09-10 18:54:49 [main] INFO  tiempos - Duracion del proceso intercambiarReferencias: 137500 ns
2025-09-10 18:54:49 [main] INFO  tiempos - Duracion del proceso intercambiarReferencias: 100000 ns
2025-09-10 18:54:49 [main] INFO  tiempos - Duracion del proceso intercambiarReferencias: 230900 ns
2025-09-10 18:54:49 [main] INFO  tiempos - Duracion del proceso intercambiarReferencias: 51000 ns
2025-09-10 18:54:49 [main] INFO  tiempos - Duracion del proceso intercambiarReferencias: 182700 ns
2025-09-10 18:54:49 [main] INFO  tiempos - Duracion de desencriptarFrase: 1706600 ns
2025-09-10 18:54:49 [main] INFO  tiempos - Duracion del proceso intercambiarReferencias: 48800 ns
2025-09-10 18:54:49 [main] INFO  tiempos - Duracion del proceso intercambiarReferencias: 104300 ns
2025-09-10 18:54:49 [main] INFO  tiempos - Duracion del proceso intercambiarReferencias: 42000 ns
2025-09-10 18:54:49 [main] INFO  tiempos - Duracion del proceso intercambiarReferencias: 86500 ns
2025-09-10 18:54:49 [main] INFO  tiempos - Duracion del proceso intercambiarReferencias: 66300 ns
2025-09-10 18:54:49 [main] INFO  tiempos - Duracion del proceso intercambiarReferencias: 198500 ns
2025-09-10 18:54:49 [main] INFO  tiempos - Duracion del proceso intercambiarReferencias: 43000 ns
2025-09-10 18:54:49 [main] INFO  tiempos - Duracion del proceso intercambiarReferencias: 97600 ns
2025-09-10 18:54:49 [main] INFO  tiempos - Duracion del proceso intercambiarReferencias: 37900 ns
2025-09-10 18:54:49 [main] INFO  tiempos - Duracion del proceso intercambiarReferencias: 37500 ns
2025-09-10 18:54:49 [main] INFO  tiempos - Duracion del proceso intercambiarReferencias: 36500 ns
2025-09-10 18:54:49 [main] INFO  tiempos - Duracion de encriptarFrase: 2875500 ns
2025-09-10 18:54:49 [main] INFO  tiempos - Duracion del proceso intercambiarReferencias: 110900 ns
2025-09-10 18:54:49 [main] INFO  tiempos - Duracion del proceso intercambiarReferencias: 96100 ns
2025-09-10 18:54:49 [main] INFO  tiempos - Duracion del proceso intercambiarReferencias: 39600 ns
2025-09-10 18:54:49 [main] INFO  tiempos - Duracion del proceso intercambiarReferencias: 79400 ns
2025-09-10 18:54:49 [main] INFO  tiempos - Duracion del proceso intercambiarReferencias: 57100 ns
2025-09-10 18:54:49 [main] INFO  tiempos - Duracion del proceso intercambiarReferencias: 76300 ns
2025-09-10 18:54:49 [main] INFO  tiempos - Duracion del proceso intercambiarReferencias: 38200 ns
2025-09-10 18:54:49 [main] INFO  tiempos - Duracion del proceso intercambiarReferencias: 75300 ns
2025-09-10 18:54:49 [main] INFO  tiempos - Duracion del proceso intercambiarReferencias: 63100 ns
2025-09-10 18:54:49 [main] INFO  tiempos - Duracion del proceso intercambiarReferencias: 48000 ns
2025-09-10 18:54:49 [main] INFO  tiempos - Duracion del proceso intercambiarReferencias: 38800 ns
2025-09-10 18:54:49 [main] INFO  tiempos - Duracion de desencriptarFrase: 1253300 ns
2025-09-10 18:54:49 [main] INFO  tiempos - Duracion del proceso intercambiarReferencias: 37700 ns
2025-09-10 18:54:49 [main] INFO  tiempos - Duracion del proceso intercambiarReferencias: 122700 ns
2025-09-10 18:54:49 [main] INFO  tiempos - Duracion del proceso intercambiarReferencias: 129800 ns
2025-09-10 18:54:49 [main] INFO  tiempos - Duracion del proceso intercambiarReferencias: 68200 ns
2025-09-10 18:54:49 [main] INFO  tiempos - Duracion del proceso intercambiarReferencias: 84400 ns
2025-09-10 18:54:49 [main] INFO  tiempos - Duracion del proceso intercambiarReferencias: 108100 ns
2025-09-10 18:54:49 [main] INFO  tiempos - Duracion del proceso intercambiarReferencias: 31800 ns
2025-09-10 18:54:49 [main] INFO  tiempos - Duracion del proceso intercambiarReferencias: 73300 ns
2025-09-10 18:54:49 [main] INFO  tiempos - Duracion del proceso intercambiarReferencias: 31400 ns
2025-09-10 18:54:49 [main] INFO  tiempos - Duracion del proceso intercambiarReferencias: 62100 ns
2025-09-10 18:54:49 [main] INFO  tiempos - Duracion del proceso intercambiarReferencias: 196100 ns
2025-09-10 18:54:49 [main] INFO  tiempos - Duracion del proceso intercambiarReferencias: 30100 ns
2025-09-10 18:54:49 [main] INFO  tiempos - Duracion del proceso intercambiarReferencias: 135600 ns
2025-09-10 18:54:49 [main] INFO  tiempos - Duracion de encriptarFrase: 3867800 ns
2025-09-10 18:54:49 [main] INFO  tiempos - Duracion del proceso intercambiarReferencias: 48500 ns
2025-09-10 18:54:49 [main] INFO  tiempos - Duracion del proceso intercambiarReferencias: 77700 ns
2025-09-10 18:54:49 [main] INFO  tiempos - Duracion del proceso intercambiarReferencias: 102200 ns
2025-09-10 18:54:49 [main] INFO  tiempos - Duracion del proceso intercambiarReferencias: 50500 ns
2025-09-10 18:54:49 [main] INFO  tiempos - Duracion del proceso intercambiarReferencias: 65700 ns
2025-09-10 18:54:49 [main] INFO  tiempos - Duracion del proceso intercambiarReferencias: 91500 ns
2025-09-10 18:54:49 [main] INFO  tiempos - Duracion del proceso intercambiarReferencias: 26300 ns
2025-09-10 18:54:49 [main] INFO  tiempos - Duracion del proceso intercambiarReferencias: 49200 ns
2025-09-10 18:54:49 [main] INFO  tiempos - Duracion del proceso intercambiarReferencias: 27200 ns
2025-09-10 18:54:49 [main] INFO  tiempos - Duracion del proceso intercambiarReferencias: 52700 ns
2025-09-10 18:54:49 [main] INFO  tiempos - Duracion del proceso intercambiarReferencias: 117000 ns
2025-09-10 18:54:49 [main] INFO  tiempos - Duracion del proceso intercambiarReferencias: 26900 ns
2025-09-10 18:54:49 [main] INFO  tiempos - Duracion del proceso intercambiarReferencias: 91900 ns
2025-09-10 18:54:49 [main] INFO  tiempos - Duracion de desencriptarFrase: 1089000 ns
2025-09-10 18:54:49 [main] INFO  tiempos - Duracion del proceso intercambiarReferencias: 96600 ns
2025-09-10 18:54:49 [main] INFO  tiempos - Duracion del proceso intercambiarReferencias: 25500 ns
2025-09-10 18:54:49 [main] INFO  tiempos - Duracion del proceso intercambiarReferencias: 104700 ns
2025-09-10 18:54:49 [main] INFO  tiempos - Duracion de encriptarFrase: 872200 ns
2025-09-10 18:54:49 [main] INFO  tiempos - Duracion del proceso intercambiarReferencias: 131300 ns
2025-09-10 18:54:49 [main] INFO  tiempos - Duracion del proceso intercambiarReferencias: 26500 ns
2025-09-10 18:54:49 [main] INFO  tiempos - Duracion del proceso intercambiarReferencias: 139000 ns
2025-09-10 18:54:49 [main] INFO  tiempos - Duracion de desencriptarFrase: 421100 ns
2025-09-10 18:54:49 [main] INFO  tiempos - Duracion del proceso intercambiarReferencias: 28700 ns
2025-09-10 18:54:49 [main] INFO  tiempos - Duracion del proceso intercambiarReferencias: 52100 ns
2025-09-10 18:54:49 [main] INFO  tiempos - Duracion del proceso intercambiarReferencias: 35400 ns
2025-09-10 18:54:49 [main] INFO  tiempos - Duracion del proceso intercambiarReferencias: 89500 ns
2025-09-10 18:54:49 [main] INFO  tiempos - Duracion del proceso intercambiarReferencias: 75700 ns
2025-09-10 18:54:49 [main] INFO  tiempos - Duracion del proceso intercambiarReferencias: 43200 ns
2025-09-10 18:54:49 [main] INFO  tiempos - Duracion del proceso intercambiarReferencias: 22300 ns
2025-09-10 18:54:49 [main] INFO  tiempos - Duracion del proceso intercambiarReferencias: 43300 ns
2025-09-10 18:54:49 [main] INFO  tiempos - Duracion del proceso intercambiarReferencias: 22900 ns
2025-09-10 18:54:49 [main] INFO  tiempos - Duracion del proceso intercambiarReferencias: 46100 ns
2025-09-10 18:54:49 [main] INFO  tiempos - Duracion del proceso intercambiarReferencias: 23000 ns
2025-09-10 18:54:49 [main] INFO  tiempos - Duracion del proceso intercambiarReferencias: 24600 ns
2025-09-10 18:54:49 [main] INFO  tiempos - Duracion del proceso intercambiarReferencias: 21600 ns
2025-09-10 18:54:49 [main] INFO  tiempos - Duracion del proceso intercambiarReferencias: 62600 ns
2025-09-10 18:54:49 [main] INFO  tiempos - Duracion de encriptarFrase: 2184400 ns
2025-09-10 18:54:49 [main] INFO  tiempos - Duracion del proceso intercambiarReferencias: 48100 ns
2025-09-10 18:54:49 [main] INFO  tiempos - Duracion del proceso intercambiarReferencias: 44800 ns
2025-09-10 18:54:49 [main] INFO  tiempos - Duracion del proceso intercambiarReferencias: 22600 ns
2025-09-10 18:54:49 [main] INFO  tiempos - Duracion del proceso intercambiarReferencias: 62600 ns
2025-09-10 18:54:49 [main] INFO  tiempos - Duracion del proceso intercambiarReferencias: 67800 ns
2025-09-10 18:54:49 [main] INFO  tiempos - Duracion del proceso intercambiarReferencias: 44500 ns
2025-09-10 18:54:49 [main] INFO  tiempos - Duracion del proceso intercambiarReferencias: 23100 ns
2025-09-10 18:54:49 [main] INFO  tiempos - Duracion del proceso intercambiarReferencias: 43700 ns
2025-09-10 18:54:49 [main] INFO  tiempos - Duracion del proceso intercambiarReferencias: 22600 ns
2025-09-10 18:54:49 [main] INFO  tiempos - Duracion del proceso intercambiarReferencias: 61500 ns
2025-09-10 18:54:49 [main] INFO  tiempos - Duracion del proceso intercambiarReferencias: 22500 ns
2025-09-10 18:54:49 [main] INFO  tiempos - Duracion del proceso intercambiarReferencias: 21400 ns
2025-09-10 18:54:49 [main] INFO  tiempos - Duracion del proceso intercambiarReferencias: 21600 ns
2025-09-10 18:54:49 [main] INFO  tiempos - Duracion del proceso intercambiarReferencias: 86500 ns
2025-09-10 18:54:49 [main] INFO  tiempos - Duracion de desencriptarFrase: 796000 ns
2025-09-10 18:54:49 [main] INFO  tiempos - intercambiarReferencias duration: 0 ms
2025-09-10 18:54:49 [main] INFO  tiempos - Duracion del proceso intercambiarReferencias: 28200 ns
2025-09-10 18:54:49 [main] INFO  tiempos - Duracion del proceso intercambiarReferencias: 42300 ns
2025-09-10 18:54:49 [main] INFO  tiempos - Duracion del proceso intercambiarReferencias: 21400 ns
2025-09-10 18:54:49 [main] INFO  tiempos - Duracion del proceso intercambiarReferencias: 43100 ns
2025-09-10 18:54:49 [main] INFO  tiempos - Duracion del proceso intercambiarReferencias: 21500 ns
2025-09-10 18:54:49 [main] INFO  tiempos - Duracion del proceso intercambiarReferencias: 66700 ns
2025-09-10 18:54:49 [main] INFO  tiempos - Duracion del proceso intercambiarReferencias: 20900 ns
2025-09-10 18:54:49 [main] INFO  tiempos - Duracion del proceso intercambiarReferencias: 20900 ns
2025-09-10 18:54:49 [main] INFO  tiempos - Duracion de encriptarFrase: 992400 ns
2025-09-10 18:54:49 [main] INFO  tiempos - intercambiarReferencias duration: 0 ms
2025-09-10 18:54:49 [main] INFO  tiempos - Duracion del proceso intercambiarReferencias: 25600 ns
2025-09-10 18:54:49 [main] INFO  tiempos - Duracion del proceso intercambiarReferencias: 43600 ns
2025-09-10 18:54:49 [main] INFO  tiempos - Duracion del proceso intercambiarReferencias: 23700 ns
2025-09-10 18:54:49 [main] INFO  tiempos - Duracion del proceso intercambiarReferencias: 47600 ns
2025-09-10 18:54:49 [main] INFO  tiempos - Duracion del proceso intercambiarReferencias: 22300 ns
2025-09-10 18:54:49 [main] INFO  tiempos - Duracion del proceso intercambiarReferencias: 60100 ns
2025-09-10 18:54:49 [main] INFO  tiempos - Duracion del proceso intercambiarReferencias: 21100 ns
2025-09-10 18:54:49 [main] INFO  tiempos - Duracion del proceso intercambiarReferencias: 21400 ns
2025-09-10 18:54:49 [main] INFO  tiempos - Duracion de desencriptarFrase: 390400 ns
2025-09-10 18:54:49 [main] INFO  tiempos - Duracion del proceso intercambiarReferencias: 29200 ns
2025-09-10 18:54:49 [main] INFO  tiempos - Duracion del proceso intercambiarReferencias: 27900 ns
2025-09-10 18:54:49 [main] INFO  tiempos - Duracion del proceso intercambiarReferencias: 50100 ns
2025-09-10 18:54:49 [main] INFO  tiempos - Duracion del proceso intercambiarReferencias: 77200 ns
2025-09-10 18:54:49 [main] INFO  tiempos - Duracion del proceso intercambiarReferencias: 41300 ns
2025-09-10 18:54:49 [main] INFO  tiempos - Duracion del proceso intercambiarReferencias: 44000 ns
2025-09-10 18:54:49 [main] INFO  tiempos - Duracion del proceso intercambiarReferencias: 20800 ns
2025-09-10 18:54:49 [main] INFO  tiempos - Duracion del proceso intercambiarReferencias: 20600 ns
2025-09-10 18:54:49 [main] INFO  tiempos - Duracion del proceso intercambiarReferencias: 43500 ns
2025-09-10 18:54:49 [main] INFO  tiempos - intercambiarReferencias duration: 0 ms
2025-09-10 18:54:49 [main] INFO  tiempos - Duracion del proceso intercambiarReferencias: 15900 ns
2025-09-10 18:54:49 [main] INFO  tiempos - Duracion del proceso intercambiarReferencias: 62600 ns
2025-09-10 18:54:49 [main] INFO  tiempos - Duracion del proceso intercambiarReferencias: 50000 ns
2025-09-10 18:54:49 [main] INFO  tiempos - Duracion del proceso intercambiarReferencias: 40800 ns
2025-09-10 18:54:49 [main] INFO  tiempos - Duracion del proceso intercambiarReferencias: 67700 ns
2025-09-10 18:54:49 [main] INFO  tiempos - Duracion del proceso intercambiarReferencias: 23400 ns
2025-09-10 18:54:49 [main] INFO  tiempos - Duracion del proceso intercambiarReferencias: 41000 ns
2025-09-10 18:54:49 [main] INFO  tiempos - Duracion del proceso intercambiarReferencias: 142100 ns
2025-09-10 18:54:49 [main] INFO  tiempos - Duracion del proceso intercambiarReferencias: 40800 ns
2025-09-10 18:54:49 [main] INFO  tiempos - Duracion del proceso intercambiarReferencias: 118300 ns
2025-09-10 18:54:49 [main] INFO  tiempos - Duracion del proceso intercambiarReferencias: 44700 ns
2025-09-10 18:54:49 [main] INFO  tiempos - Duracion del proceso intercambiarReferencias: 42800 ns
2025-09-10 18:54:49 [main] INFO  tiempos - Duracion de encriptarFrase: 3633400 ns
2025-09-10 18:54:49 [main] INFO  tiempos - Duracion del proceso intercambiarReferencias: 71300 ns
2025-09-10 18:54:49 [main] INFO  tiempos - Duracion del proceso intercambiarReferencias: 25000 ns
2025-09-10 18:54:49 [main] INFO  tiempos - Duracion del proceso intercambiarReferencias: 41900 ns
2025-09-10 18:54:49 [main] INFO  tiempos - Duracion del proceso intercambiarReferencias: 60300 ns
2025-09-10 18:54:49 [main] INFO  tiempos - Duracion del proceso intercambiarReferencias: 43900 ns
2025-09-10 18:54:49 [main] INFO  tiempos - Duracion del proceso intercambiarReferencias: 58100 ns
2025-09-10 18:54:49 [main] INFO  tiempos - Duracion del proceso intercambiarReferencias: 23100 ns
2025-09-10 18:54:49 [main] INFO  tiempos - Duracion del proceso intercambiarReferencias: 23400 ns
2025-09-10 18:54:49 [main] INFO  tiempos - Duracion del proceso intercambiarReferencias: 81100 ns
2025-09-10 18:54:49 [main] INFO  tiempos - intercambiarReferencias duration: 0 ms
2025-09-10 18:54:49 [main] INFO  tiempos - Duracion del proceso intercambiarReferencias: 17600 ns
2025-09-10 18:54:49 [main] INFO  tiempos - Duracion del proceso intercambiarReferencias: 60800 ns
2025-09-10 18:54:49 [main] INFO  tiempos - Duracion del proceso intercambiarReferencias: 42600 ns
2025-09-10 18:54:49 [main] INFO  tiempos - Duracion del proceso intercambiarReferencias: 40600 ns
2025-09-10 18:54:49 [main] INFO  tiempos - Duracion del proceso intercambiarReferencias: 30000 ns
2025-09-10 18:54:49 [main] INFO  tiempos - Duracion del proceso intercambiarReferencias: 23000 ns
2025-09-10 18:54:49 [main] INFO  tiempos - Duracion del proceso intercambiarReferencias: 45800 ns
2025-09-10 18:54:49 [main] INFO  tiempos - Duracion del proceso intercambiarReferencias: 43400 ns
2025-09-10 18:54:49 [main] INFO  tiempos - Duracion del proceso intercambiarReferencias: 23800 ns
2025-09-10 18:54:49 [main] INFO  tiempos - Duracion del proceso intercambiarReferencias: 60700 ns
2025-09-10 18:54:49 [main] INFO  tiempos - Duracion del proceso intercambiarReferencias: 40700 ns
2025-09-10 18:54:49 [main] INFO  tiempos - Duracion del proceso intercambiarReferencias: 41800 ns
2025-09-10 18:54:49 [main] INFO  tiempos - Duracion de desencriptarFrase: 1205900 ns
2025-09-10 18:54:49 [main] INFO  tiempos - Duracion del proceso intercambiarReferencias: 54000 ns
2025-09-10 18:54:49 [main] INFO  tiempos - Duracion del proceso intercambiarReferencias: 51800 ns
2025-09-10 18:54:49 [main] INFO  tiempos - Duracion del proceso intercambiarReferencias: 23000 ns
2025-09-10 18:54:49 [main] INFO  tiempos - Duracion del proceso intercambiarReferencias: 41600 ns
2025-09-10 18:54:49 [main] INFO  tiempos - Duracion del proceso intercambiarReferencias: 117600 ns
2025-09-10 18:54:49 [main] INFO  tiempos - Duracion del proceso intercambiarReferencias: 40500 ns
2025-09-10 18:54:49 [main] INFO  tiempos - Duracion del proceso intercambiarReferencias: 20700 ns
2025-09-10 18:54:49 [main] INFO  tiempos - Duracion del proceso intercambiarReferencias: 43800 ns
2025-09-10 18:54:49 [main] INFO  tiempos - intercambiarReferencias duration: 0 ms
2025-09-10 18:54:49 [main] INFO  tiempos - Duracion del proceso intercambiarReferencias: 17000 ns
2025-09-10 18:54:49 [main] INFO  tiempos - Duracion del proceso intercambiarReferencias: 60200 ns
2025-09-10 18:54:49 [main] INFO  tiempos - Duracion del proceso intercambiarReferencias: 42500 ns
2025-09-10 18:54:49 [main] INFO  tiempos - Duracion del proceso intercambiarReferencias: 22900 ns
2025-09-10 18:54:49 [main] INFO  tiempos - Duracion del proceso intercambiarReferencias: 88000 ns
2025-09-10 18:54:49 [main] INFO  tiempos - Duracion del proceso intercambiarReferencias: 22800 ns
2025-09-10 18:54:49 [main] INFO  tiempos - Duracion del proceso intercambiarReferencias: 28900 ns
2025-09-10 18:54:49 [main] INFO  tiempos - Duracion del proceso intercambiarReferencias: 64500 ns
2025-09-10 18:54:49 [main] INFO  tiempos - Duracion del proceso intercambiarReferencias: 61300 ns
2025-09-10 18:54:49 [main] INFO  tiempos - Duracion de encriptarFrase: 2888400 ns
2025-09-10 18:54:49 [main] INFO  tiempos - Duracion del proceso intercambiarReferencias: 30700 ns
2025-09-10 18:54:49 [main] INFO  tiempos - Duracion del proceso intercambiarReferencias: 26900 ns
2025-09-10 18:54:49 [main] INFO  tiempos - Duracion del proceso intercambiarReferencias: 23700 ns
2025-09-10 18:54:49 [main] INFO  tiempos - Duracion del proceso intercambiarReferencias: 42100 ns
2025-09-10 18:54:49 [main] INFO  tiempos - Duracion del proceso intercambiarReferencias: 109500 ns
2025-09-10 18:54:49 [main] INFO  tiempos - Duracion del proceso intercambiarReferencias: 47500 ns
2025-09-10 18:54:49 [main] INFO  tiempos - Duracion del proceso intercambiarReferencias: 22100 ns
2025-09-10 18:54:49 [main] INFO  tiempos - Duracion del proceso intercambiarReferencias: 40600 ns
2025-09-10 18:54:49 [main] INFO  tiempos - intercambiarReferencias duration: 0 ms
2025-09-10 18:54:49 [main] INFO  tiempos - Duracion del proceso intercambiarReferencias: 16000 ns
2025-09-10 18:54:49 [main] INFO  tiempos - Duracion del proceso intercambiarReferencias: 59400 ns
2025-09-10 18:54:49 [main] INFO  tiempos - Duracion del proceso intercambiarReferencias: 116600 ns
2025-09-10 18:54:49 [main] INFO  tiempos - Duracion del proceso intercambiarReferencias: 44100 ns
2025-09-10 18:54:49 [main] INFO  tiempos - Duracion del proceso intercambiarReferencias: 264400 ns
2025-09-10 18:54:49 [main] INFO  tiempos - Duracion del proceso intercambiarReferencias: 27400 ns
2025-09-10 18:54:49 [main] INFO  tiempos - Duracion del proceso intercambiarReferencias: 33500 ns
2025-09-10 18:54:49 [main] INFO  tiempos - Duracion del proceso intercambiarReferencias: 44200 ns
2025-09-10 18:54:49 [main] INFO  tiempos - Duracion del proceso intercambiarReferencias: 64300 ns
2025-09-10 18:54:49 [main] INFO  tiempos - Duracion de desencriptarFrase: 1277500 ns
2025-09-10 18:54:49 [main] INFO  tiempos - Duracion del proceso intercambiarReferencias: 72600 ns
2025-09-10 18:54:49 [main] INFO  tiempos - Duracion del proceso intercambiarReferencias: 32700 ns
2025-09-10 18:54:49 [main] INFO  tiempos - Duracion del proceso intercambiarReferencias: 49400 ns
2025-09-10 18:54:49 [main] INFO  tiempos - Duracion del proceso intercambiarReferencias: 23200 ns
2025-09-10 18:54:49 [main] INFO  tiempos - Duracion del proceso intercambiarReferencias: 40300 ns
2025-09-10 18:54:49 [main] INFO  tiempos - Duracion del proceso intercambiarReferencias: 20100 ns
2025-09-10 18:54:49 [main] INFO  tiempos - Duracion del proceso intercambiarReferencias: 20500 ns
2025-09-10 18:54:49 [main] INFO  tiempos - Duracion del proceso intercambiarReferencias: 100000 ns
2025-09-10 18:54:49 [main] INFO  tiempos - Duracion del proceso intercambiarReferencias: 39300 ns
2025-09-10 18:54:49 [main] INFO  tiempos - Duracion del proceso intercambiarReferencias: 41200 ns
2025-09-10 18:54:49 [main] INFO  tiempos - Duracion del proceso intercambiarReferencias: 68200 ns
2025-09-10 18:54:49 [main] INFO  tiempos - Duracion del proceso intercambiarReferencias: 20000 ns
2025-09-10 18:54:49 [main] INFO  tiempos - intercambiarReferencias duration: 0 ms
2025-09-10 18:54:49 [main] INFO  tiempos - Duracion del proceso intercambiarReferencias: 15500 ns
2025-09-10 18:54:49 [main] INFO  tiempos - Duracion del proceso intercambiarReferencias: 49200 ns
2025-09-10 18:54:49 [main] INFO  tiempos - Duracion del proceso intercambiarReferencias: 20100 ns
2025-09-10 18:54:49 [main] INFO  tiempos - Duracion del proceso intercambiarReferencias: 42600 ns
2025-09-10 18:54:49 [main] INFO  tiempos - Duracion del proceso intercambiarReferencias: 75900 ns
2025-09-10 18:54:49 [main] INFO  tiempos - Duracion del proceso intercambiarReferencias: 20100 ns
2025-09-10 18:54:49 [main] INFO  tiempos - Duracion del proceso intercambiarReferencias: 19300 ns
2025-09-10 18:54:49 [main] INFO  tiempos - intercambiarReferencias duration: 0 ms
2025-09-10 18:54:49 [main] INFO  tiempos - Duracion del proceso intercambiarReferencias: 13700 ns
2025-09-10 18:54:49 [main] INFO  tiempos - Duracion del proceso intercambiarReferencias: 37300 ns
2025-09-10 18:54:49 [main] INFO  tiempos - Duracion del proceso intercambiarReferencias: 20500 ns
2025-09-10 18:54:49 [main] INFO  tiempos - Duracion del proceso intercambiarReferencias: 50900 ns
2025-09-10 18:54:49 [main] INFO  tiempos - Duracion del proceso intercambiarReferencias: 95400 ns
2025-09-10 18:54:49 [main] INFO  tiempos - Duracion de encriptarFrase: 3337300 ns
2025-09-10 18:54:49 [main] INFO  tiempos - Duracion del proceso intercambiarReferencias: 79200 ns
2025-09-10 18:54:49 [main] INFO  tiempos - Duracion del proceso intercambiarReferencias: 23200 ns
2025-09-10 18:54:49 [main] INFO  tiempos - Duracion del proceso intercambiarReferencias: 41900 ns
2025-09-10 18:54:49 [main] INFO  tiempos - Duracion del proceso intercambiarReferencias: 24900 ns
2025-09-10 18:54:49 [main] INFO  tiempos - Duracion del proceso intercambiarReferencias: 46900 ns
2025-09-10 18:54:49 [main] INFO  tiempos - Duracion del proceso intercambiarReferencias: 21300 ns
2025-09-10 18:54:49 [main] INFO  tiempos - Duracion del proceso intercambiarReferencias: 20400 ns
2025-09-10 18:54:49 [main] INFO  tiempos - Duracion del proceso intercambiarReferencias: 93800 ns
2025-09-10 18:54:49 [main] INFO  tiempos - Duracion del proceso intercambiarReferencias: 44200 ns
2025-09-10 18:54:49 [main] INFO  tiempos - Duracion del proceso intercambiarReferencias: 39100 ns
2025-09-10 18:54:49 [main] INFO  tiempos - Duracion del proceso intercambiarReferencias: 60300 ns
2025-09-10 18:54:49 [main] INFO  tiempos - Duracion del proceso intercambiarReferencias: 21800 ns
2025-09-10 18:54:49 [main] INFO  tiempos - intercambiarReferencias duration: 0 ms
2025-09-10 18:54:49 [main] INFO  tiempos - Duracion del proceso intercambiarReferencias: 14700 ns
2025-09-10 18:54:49 [main] INFO  tiempos - Duracion del proceso intercambiarReferencias: 59300 ns
2025-09-10 18:54:49 [main] INFO  tiempos - Duracion del proceso intercambiarReferencias: 22400 ns
2025-09-10 18:54:49 [main] INFO  tiempos - Duracion del proceso intercambiarReferencias: 39100 ns
2025-09-10 18:54:49 [main] INFO  tiempos - Duracion del proceso intercambiarReferencias: 74900 ns
2025-09-10 18:54:49 [main] INFO  tiempos - Duracion del proceso intercambiarReferencias: 19800 ns
2025-09-10 18:54:49 [main] INFO  tiempos - Duracion del proceso intercambiarReferencias: 19400 ns
2025-09-10 18:54:49 [main] INFO  tiempos - intercambiarReferencias duration: 0 ms
2025-09-10 18:54:49 [main] INFO  tiempos - Duracion del proceso intercambiarReferencias: 15900 ns
2025-09-10 18:54:49 [main] INFO  tiempos - Duracion del proceso intercambiarReferencias: 39700 ns
2025-09-10 18:54:49 [main] INFO  tiempos - Duracion del proceso intercambiarReferencias: 19700 ns
2025-09-10 18:54:49 [main] INFO  tiempos - Duracion del proceso intercambiarReferencias: 37700 ns
2025-09-10 18:54:49 [main] INFO  tiempos - Duracion del proceso intercambiarReferencias: 75000 ns
2025-09-10 18:54:49 [main] INFO  tiempos - Duracion de desencriptarFrase: 1243300 ns
2025-09-10 18:54:49 [main] INFO  tiempos - Duracion del proceso intercambiarReferencias: 26800 ns
2025-09-10 18:54:49 [main] INFO  tiempos - Duracion del proceso intercambiarReferencias: 21000 ns
2025-09-10 18:54:49 [main] INFO  tiempos - Duracion del proceso intercambiarReferencias: 38600 ns
2025-09-10 18:54:49 [main] INFO  tiempos - Duracion del proceso intercambiarReferencias: 22900 ns
2025-09-10 18:54:49 [main] INFO  tiempos - Duracion del proceso intercambiarReferencias: 19600 ns
2025-09-10 18:54:49 [main] INFO  tiempos - Duracion del proceso intercambiarReferencias: 19400 ns
2025-09-10 18:54:49 [main] INFO  tiempos - Duracion del proceso intercambiarReferencias: 19300 ns
2025-09-10 18:54:49 [main] INFO  tiempos - Duracion del proceso intercambiarReferencias: 56300 ns
2025-09-10 18:54:49 [main] INFO  tiempos - Duracion del proceso intercambiarReferencias: 37900 ns
2025-09-10 18:54:49 [main] INFO  tiempos - Duracion del proceso intercambiarReferencias: 21500 ns
2025-09-10 18:54:49 [main] INFO  tiempos - Duracion del proceso intercambiarReferencias: 19500 ns
2025-09-10 18:54:49 [main] INFO  tiempos - Duracion del proceso intercambiarReferencias: 37200 ns
2025-09-10 18:54:49 [main] INFO  tiempos - intercambiarReferencias duration: 0 ms
2025-09-10 18:54:49 [main] INFO  tiempos - Duracion del proceso intercambiarReferencias: 14300 ns
2025-09-10 18:54:49 [main] INFO  tiempos - Duracion del proceso intercambiarReferencias: 22900 ns
2025-09-10 18:54:49 [main] INFO  tiempos - Duracion del proceso intercambiarReferencias: 57500 ns
2025-09-10 18:54:49 [main] INFO  tiempos - Duracion de encriptarFrase: 1687700 ns
2025-09-10 18:54:49 [main] INFO  tiempos - Duracion del proceso intercambiarReferencias: 37800 ns
2025-09-10 18:54:49 [main] INFO  tiempos - Duracion del proceso intercambiarReferencias: 21600 ns
2025-09-10 18:54:49 [main] INFO  tiempos - Duracion del proceso intercambiarReferencias: 41800 ns
2025-09-10 18:54:49 [main] INFO  tiempos - Duracion del proceso intercambiarReferencias: 20000 ns
2025-09-10 18:54:49 [main] INFO  tiempos - Duracion del proceso intercambiarReferencias: 20200 ns
2025-09-10 18:54:49 [main] INFO  tiempos - Duracion del proceso intercambiarReferencias: 33600 ns
2025-09-10 18:54:49 [main] INFO  tiempos - Duracion del proceso intercambiarReferencias: 21300 ns
2025-09-10 18:54:49 [main] INFO  tiempos - Duracion del proceso intercambiarReferencias: 62000 ns
2025-09-10 18:54:49 [main] INFO  tiempos - Duracion del proceso intercambiarReferencias: 39800 ns
2025-09-10 18:54:49 [main] INFO  tiempos - Duracion del proceso intercambiarReferencias: 36300 ns
2025-09-10 18:54:49 [main] INFO  tiempos - Duracion del proceso intercambiarReferencias: 20900 ns
2025-09-10 18:54:49 [main] INFO  tiempos - Duracion del proceso intercambiarReferencias: 39700 ns
2025-09-10 18:54:49 [main] INFO  tiempos - intercambiarReferencias duration: 0 ms
2025-09-10 18:54:49 [main] INFO  tiempos - Duracion del proceso intercambiarReferencias: 21100 ns
2025-09-10 18:54:49 [main] INFO  tiempos - Duracion del proceso intercambiarReferencias: 21400 ns
2025-09-10 18:54:49 [main] INFO  tiempos - Duracion del proceso intercambiarReferencias: 58000 ns
2025-09-10 18:54:49 [main] INFO  tiempos - Duracion de desencriptarFrase: 664100 ns
2025-09-10 18:54:49 [main] INFO  tiempos - Duracion del proceso intercambiarReferencias: 26300 ns
2025-09-10 18:54:49 [main] INFO  tiempos - Duracion del proceso intercambiarReferencias: 53600 ns
2025-09-10 18:54:49 [main] INFO  tiempos - Duracion del proceso intercambiarReferencias: 68800 ns
2025-09-10 18:54:49 [main] INFO  tiempos - Duracion del proceso intercambiarReferencias: 96700 ns
2025-09-10 18:54:49 [main] INFO  tiempos - Duracion del proceso intercambiarReferencias: 96500 ns
2025-09-10 18:54:49 [main] INFO  tiempos - Duracion del proceso intercambiarReferencias: 87200 ns
2025-09-10 18:54:49 [main] INFO  tiempos - Duracion del proceso intercambiarReferencias: 94000 ns
2025-09-10 18:54:49 [main] INFO  tiempos - Duracion del proceso intercambiarReferencias: 39800 ns
2025-09-10 18:54:49 [main] INFO  tiempos - Duracion del proceso intercambiarReferencias: 93800 ns
2025-09-10 18:54:49 [main] INFO  tiempos - Duracion de encriptarFrase: 2539600 ns
2025-09-10 18:54:49 [main] INFO  tiempos - Duracion del proceso intercambiarReferencias: 34700 ns
2025-09-10 18:54:49 [main] INFO  tiempos - Duracion del proceso intercambiarReferencias: 40500 ns
2025-09-10 18:54:49 [main] INFO  tiempos - Duracion del proceso intercambiarReferencias: 58400 ns
2025-09-10 18:54:49 [main] INFO  tiempos - Duracion del proceso intercambiarReferencias: 38600 ns
2025-09-10 18:54:49 [main] INFO  tiempos - Duracion del proceso intercambiarReferencias: 96800 ns
2025-09-10 18:54:49 [main] INFO  tiempos - Duracion del proceso intercambiarReferencias: 38100 ns
2025-09-10 18:54:49 [main] INFO  tiempos - Duracion del proceso intercambiarReferencias: 93900 ns
2025-09-10 18:54:49 [main] INFO  tiempos - Duracion del proceso intercambiarReferencias: 40800 ns
2025-09-10 18:54:49 [main] INFO  tiempos - Duracion del proceso intercambiarReferencias: 99800 ns
2025-09-10 18:54:49 [main] INFO  tiempos - Duracion de desencriptarFrase: 666300 ns
2025-09-10 18:54:49 [main] INFO  tiempos - Duracion del proceso intercambiarReferencias: 81600 ns
2025-09-10 18:54:49 [main] INFO  tiempos - Duracion del proceso intercambiarReferencias: 56500 ns
2025-09-10 18:54:49 [main] INFO  tiempos - Duracion del proceso intercambiarReferencias: 79800 ns
2025-09-10 18:54:49 [main] INFO  tiempos - Duracion del proceso intercambiarReferencias: 62800 ns
2025-09-10 18:54:49 [main] INFO  tiempos - Duracion del proceso intercambiarReferencias: 60800 ns
2025-09-10 18:54:49 [main] INFO  tiempos - Duracion del proceso intercambiarReferencias: 23400 ns
2025-09-10 18:54:49 [main] INFO  tiempos - Duracion del proceso intercambiarReferencias: 47300 ns
2025-09-10 18:54:49 [main] INFO  tiempos - Duracion del proceso intercambiarReferencias: 86100 ns
2025-09-10 18:54:49 [main] INFO  tiempos - Duracion del proceso intercambiarReferencias: 44500 ns
2025-09-10 18:54:49 [main] INFO  tiempos - Duracion del proceso intercambiarReferencias: 37700 ns
2025-09-10 18:54:49 [main] INFO  tiempos - Duracion del proceso intercambiarReferencias: 39000 ns
2025-09-10 18:54:49 [main] INFO  tiempos - Duracion del proceso intercambiarReferencias: 79800 ns
2025-09-10 18:54:49 [main] INFO  tiempos - Duracion del proceso intercambiarReferencias: 39900 ns
2025-09-10 18:54:49 [main] INFO  tiempos - Duracion del proceso intercambiarReferencias: 78900 ns
2025-09-10 18:54:49 [main] INFO  tiempos - Duracion de encriptarFrase: 2654700 ns
2025-09-10 18:54:49 [main] INFO  tiempos - Duracion del proceso intercambiarReferencias: 83400 ns
2025-09-10 18:54:49 [main] INFO  tiempos - Duracion del proceso intercambiarReferencias: 58400 ns
2025-09-10 18:54:49 [main] INFO  tiempos - Duracion del proceso intercambiarReferencias: 70200 ns
2025-09-10 18:54:49 [main] INFO  tiempos - Duracion del proceso intercambiarReferencias: 42300 ns
2025-09-10 18:54:49 [main] INFO  tiempos - Duracion del proceso intercambiarReferencias: 56200 ns
2025-09-10 18:54:49 [main] INFO  tiempos - Duracion del proceso intercambiarReferencias: 19400 ns
2025-09-10 18:54:49 [main] INFO  tiempos - Duracion del proceso intercambiarReferencias: 37300 ns
2025-09-10 18:54:49 [main] INFO  tiempos - Duracion del proceso intercambiarReferencias: 99500 ns
2025-09-10 18:54:49 [main] INFO  tiempos - Duracion del proceso intercambiarReferencias: 66800 ns
2025-09-10 18:54:49 [main] INFO  tiempos - Duracion del proceso intercambiarReferencias: 38900 ns
2025-09-10 18:54:49 [main] INFO  tiempos - Duracion del proceso intercambiarReferencias: 37000 ns
2025-09-10 18:54:49 [main] INFO  tiempos - Duracion del proceso intercambiarReferencias: 53900 ns
2025-09-10 18:54:49 [main] INFO  tiempos - Duracion del proceso intercambiarReferencias: 36200 ns
2025-09-10 18:54:49 [main] INFO  tiempos - Duracion del proceso intercambiarReferencias: 71400 ns
2025-09-10 18:54:49 [main] INFO  tiempos - Duracion de desencriptarFrase: 922800 ns
2025-09-10 18:54:49 [main] INFO  tiempos - Duracion del proceso intercambiarReferencias: 38000 ns
2025-09-10 18:54:49 [main] INFO  tiempos - Duracion del proceso intercambiarReferencias: 18900 ns
2025-09-10 18:54:49 [main] INFO  tiempos - Duracion del proceso intercambiarReferencias: 39000 ns
2025-09-10 18:54:49 [main] INFO  tiempos - Duracion del proceso intercambiarReferencias: 137500 ns
2025-09-10 18:54:49 [main] INFO  tiempos - Duracion del proceso intercambiarReferencias: 18700 ns
2025-09-10 18:54:49 [main] INFO  tiempos - Duracion del proceso intercambiarReferencias: 64300 ns
2025-09-10 18:54:49 [main] INFO  tiempos - Duracion del proceso intercambiarReferencias: 71500 ns
2025-09-10 18:54:49 [main] INFO  tiempos - Duracion de encriptarFrase: 1235700 ns
2025-09-10 18:54:49 [main] INFO  tiempos - Duracion del proceso intercambiarReferencias: 47700 ns
2025-09-10 18:54:49 [main] INFO  tiempos - Duracion del proceso intercambiarReferencias: 20400 ns
2025-09-10 18:54:49 [main] INFO  tiempos - Duracion del proceso intercambiarReferencias: 41900 ns
2025-09-10 18:54:49 [main] INFO  tiempos - Duracion del proceso intercambiarReferencias: 108500 ns
2025-09-10 18:54:49 [main] INFO  tiempos - Duracion del proceso intercambiarReferencias: 19000 ns
2025-09-10 18:54:49 [main] INFO  tiempos - Duracion del proceso intercambiarReferencias: 64300 ns
2025-09-10 18:54:49 [main] INFO  tiempos - Duracion del proceso intercambiarReferencias: 73900 ns
2025-09-10 18:54:49 [main] INFO  tiempos - Duracion de desencriptarFrase: 496100 ns
2025-09-10 18:54:49 [main] INFO  tiempos - Duracion del proceso intercambiarReferencias: 74000 ns
2025-09-10 18:54:49 [main] INFO  tiempos - Duracion del proceso intercambiarReferencias: 35900 ns
2025-09-10 18:54:49 [main] INFO  tiempos - Duracion del proceso intercambiarReferencias: 53900 ns
2025-09-10 18:54:49 [main] INFO  tiempos - Duracion del proceso intercambiarReferencias: 35400 ns
2025-09-10 18:54:49 [main] INFO  tiempos - Duracion del proceso intercambiarReferencias: 36500 ns
2025-09-10 18:54:49 [main] INFO  tiempos - Duracion del proceso intercambiarReferencias: 18000 ns
2025-09-10 18:54:49 [main] INFO  tiempos - Duracion del proceso intercambiarReferencias: 19300 ns
2025-09-10 18:54:49 [main] INFO  tiempos - Duracion del proceso intercambiarReferencias: 55100 ns
2025-09-10 18:54:49 [main] INFO  tiempos - Duracion de encriptarFrase: 1273000 ns
2025-09-10 18:54:49 [main] INFO  tiempos - Duracion del proceso intercambiarReferencias: 102100 ns
2025-09-10 18:54:49 [main] INFO  tiempos - Duracion del proceso intercambiarReferencias: 41700 ns
2025-09-10 18:54:49 [main] INFO  tiempos - Duracion del proceso intercambiarReferencias: 57900 ns
2025-09-10 18:54:49 [main] INFO  tiempos - Duracion del proceso intercambiarReferencias: 37100 ns
2025-09-10 18:54:49 [main] INFO  tiempos - Duracion del proceso intercambiarReferencias: 36100 ns
2025-09-10 18:54:49 [main] INFO  tiempos - Duracion del proceso intercambiarReferencias: 19200 ns
2025-09-10 18:54:49 [main] INFO  tiempos - Duracion del proceso intercambiarReferencias: 18800 ns
2025-09-10 18:54:49 [main] INFO  tiempos - Duracion del proceso intercambiarReferencias: 54600 ns
2025-09-10 18:54:49 [main] INFO  tiempos - Duracion de desencriptarFrase: 484600 ns
2025-09-10 18:54:49 [main] INFO  tiempos - Duracion del proceso intercambiarReferencias: 58100 ns
2025-09-10 18:54:49 [main] INFO  tiempos - Duracion del proceso intercambiarReferencias: 21000 ns
2025-09-10 18:54:49 [main] INFO  tiempos - Duracion del proceso intercambiarReferencias: 37500 ns
2025-09-10 18:54:49 [main] INFO  tiempos - Duracion del proceso intercambiarReferencias: 361800 ns
2025-09-10 18:54:49 [main] INFO  tiempos - Duracion del proceso intercambiarReferencias: 53500 ns
2025-09-10 18:54:49 [main] INFO  tiempos - Duracion del proceso intercambiarReferencias: 43400 ns
2025-09-10 18:54:49 [main] INFO  tiempos - Duracion del proceso intercambiarReferencias: 17900 ns
2025-09-10 18:54:49 [main] INFO  tiempos - Duracion del proceso intercambiarReferencias: 81900 ns
2025-09-10 18:54:49 [main] INFO  tiempos - Duracion del proceso intercambiarReferencias: 41900 ns
2025-09-10 18:54:49 [main] INFO  tiempos - Duracion del proceso intercambiarReferencias: 48200 ns
2025-09-10 18:54:49 [main] INFO  tiempos - Duracion del proceso intercambiarReferencias: 54600 ns
2025-09-10 18:54:49 [main] INFO  tiempos - Duracion del proceso intercambiarReferencias: 55100 ns
2025-09-10 18:54:49 [main] INFO  tiempos - Duracion del proceso intercambiarReferencias: 50900 ns
2025-09-10 18:54:49 [main] INFO  tiempos - Duracion del proceso intercambiarReferencias: 70600 ns
2025-09-10 18:54:49 [main] INFO  tiempos - Duracion del proceso intercambiarReferencias: 17300 ns
2025-09-10 18:54:49 [main] INFO  tiempos - Duracion del proceso intercambiarReferencias: 280600 ns
2025-09-10 18:54:49 [main] INFO  tiempos - Duracion del proceso intercambiarReferencias: 34300 ns
2025-09-10 18:54:49 [main] INFO  tiempos - Duracion de encriptarFrase: 3145700 ns
2025-09-10 18:54:49 [main] INFO  tiempos - Duracion del proceso intercambiarReferencias: 32300 ns
2025-09-10 18:54:49 [main] INFO  tiempos - Duracion del proceso intercambiarReferencias: 17900 ns
2025-09-10 18:54:49 [main] INFO  tiempos - Duracion del proceso intercambiarReferencias: 39000 ns
2025-09-10 18:54:49 [main] INFO  tiempos - Duracion del proceso intercambiarReferencias: 17100 ns
2025-09-10 18:54:49 [main] INFO  tiempos - Duracion del proceso intercambiarReferencias: 32900 ns
2025-09-10 18:54:49 [main] INFO  tiempos - Duracion del proceso intercambiarReferencias: 16700 ns
2025-09-10 18:54:49 [main] INFO  tiempos - Duracion del proceso intercambiarReferencias: 28300 ns
2025-09-10 18:54:49 [main] INFO  tiempos - Duracion del proceso intercambiarReferencias: 33300 ns
2025-09-10 18:54:49 [main] INFO  tiempos - Duracion del proceso intercambiarReferencias: 32800 ns
2025-09-10 18:54:49 [main] INFO  tiempos - Duracion del proceso intercambiarReferencias: 33900 ns
2025-09-10 18:54:49 [main] INFO  tiempos - Duracion del proceso intercambiarReferencias: 45800 ns
2025-09-10 18:54:49 [main] INFO  tiempos - Duracion del proceso intercambiarReferencias: 61900 ns
2025-09-10 18:54:49 [main] INFO  tiempos - Duracion del proceso intercambiarReferencias: 32900 ns
2025-09-10 18:54:49 [main] INFO  tiempos - Duracion del proceso intercambiarReferencias: 63800 ns
2025-09-10 18:54:49 [main] INFO  tiempos - Duracion del proceso intercambiarReferencias: 16500 ns
2025-09-10 18:54:49 [main] INFO  tiempos - Duracion del proceso intercambiarReferencias: 49000 ns
2025-09-10 18:54:49 [main] INFO  tiempos - Duracion del proceso intercambiarReferencias: 35700 ns
2025-09-10 18:54:49 [main] INFO  tiempos - Duracion de desencriptarFrase: 758600 ns
2025-09-10 18:54:49 [main] INFO  tiempos - Duracion del proceso intercambiarReferencias: 116200 ns
2025-09-10 18:54:49 [main] INFO  tiempos - Duracion del proceso intercambiarReferencias: 17100 ns
2025-09-10 18:54:49 [main] INFO  tiempos - Duracion del proceso intercambiarReferencias: 49300 ns
2025-09-10 18:54:49 [main] INFO  tiempos - Duracion del proceso intercambiarReferencias: 59300 ns
2025-09-10 18:54:49 [main] INFO  tiempos - Duracion del proceso intercambiarReferencias: 16300 ns
2025-09-10 18:54:49 [main] INFO  tiempos - Duracion del proceso intercambiarReferencias: 48800 ns
2025-09-10 18:54:49 [main] INFO  tiempos - Duracion del proceso intercambiarReferencias: 15900 ns
2025-09-10 18:54:49 [main] INFO  tiempos - Duracion del proceso intercambiarReferencias: 48700 ns
2025-09-10 18:54:49 [main] INFO  tiempos - Duracion del proceso intercambiarReferencias: 16200 ns
2025-09-10 18:54:49 [main] INFO  tiempos - Duracion del proceso intercambiarReferencias: 48100 ns
2025-09-10 18:54:49 [main] INFO  tiempos - Duracion del proceso intercambiarReferencias: 16300 ns
2025-09-10 18:54:49 [main] INFO  tiempos - Duracion del proceso intercambiarReferencias: 34400 ns
2025-09-10 18:54:49 [main] INFO  tiempos - Duracion del proceso intercambiarReferencias: 16100 ns
2025-09-10 18:54:49 [main] INFO  tiempos - Duracion del proceso intercambiarReferencias: 32800 ns
2025-09-10 18:54:49 [main] INFO  tiempos - Duracion del proceso intercambiarReferencias: 48600 ns
2025-09-10 18:54:49 [main] INFO  tiempos - Duracion de encriptarFrase: 2100200 ns
2025-09-10 18:54:49 [main] INFO  tiempos - Duracion del proceso intercambiarReferencias: 72500 ns
2025-09-10 18:54:49 [main] INFO  tiempos - Duracion del proceso intercambiarReferencias: 17900 ns
2025-09-10 18:54:49 [main] INFO  tiempos - Duracion del proceso intercambiarReferencias: 104700 ns
2025-09-10 18:54:49 [main] INFO  tiempos - Duracion del proceso intercambiarReferencias: 52200 ns
2025-09-10 18:54:49 [main] INFO  tiempos - Duracion del proceso intercambiarReferencias: 16700 ns
2025-09-10 18:54:49 [main] INFO  tiempos - Duracion del proceso intercambiarReferencias: 61500 ns
2025-09-10 18:54:49 [main] INFO  tiempos - Duracion del proceso intercambiarReferencias: 17300 ns
2025-09-10 18:54:49 [main] INFO  tiempos - Duracion del proceso intercambiarReferencias: 51500 ns
2025-09-10 18:54:49 [main] INFO  tiempos - Duracion del proceso intercambiarReferencias: 16300 ns
2025-09-10 18:54:49 [main] INFO  tiempos - Duracion del proceso intercambiarReferencias: 81300 ns
2025-09-10 18:54:49 [main] INFO  tiempos - Duracion del proceso intercambiarReferencias: 17000 ns
2025-09-10 18:54:49 [main] INFO  tiempos - Duracion del proceso intercambiarReferencias: 32700 ns
2025-09-10 18:54:49 [main] INFO  tiempos - Duracion del proceso intercambiarReferencias: 15800 ns
2025-09-10 18:54:49 [main] INFO  tiempos - Duracion del proceso intercambiarReferencias: 31700 ns
2025-09-10 18:54:49 [main] INFO  tiempos - Duracion del proceso intercambiarReferencias: 47500 ns
2025-09-10 18:54:49 [main] INFO  tiempos - Duracion de desencriptarFrase: 778800 ns
2025-09-10 18:54:49 [main] INFO  tiempos - Duracion del proceso intercambiarReferencias: 29300 ns
2025-09-10 18:54:49 [main] INFO  tiempos - Duracion del proceso intercambiarReferencias: 38900 ns
2025-09-10 18:54:49 [main] INFO  tiempos - Duracion del proceso intercambiarReferencias: 19300 ns
2025-09-10 18:54:49 [main] INFO  tiempos - Duracion del proceso intercambiarReferencias: 77600 ns
2025-09-10 18:54:49 [main] INFO  tiempos - Duracion del proceso intercambiarReferencias: 31800 ns
2025-09-10 18:54:49 [main] INFO  tiempos - Duracion del proceso intercambiarReferencias: 47900 ns
2025-09-10 18:54:49 [main] INFO  tiempos - Duracion del proceso intercambiarReferencias: 60900 ns
2025-09-10 18:54:49 [main] INFO  tiempos - Duracion del proceso intercambiarReferencias: 55300 ns
2025-09-10 18:54:49 [main] INFO  tiempos - Duracion del proceso intercambiarReferencias: 16000 ns
2025-09-10 18:54:49 [main] INFO  tiempos - Duracion del proceso intercambiarReferencias: 33900 ns
2025-09-10 18:54:49 [main] INFO  tiempos - Duracion del proceso intercambiarReferencias: 82500 ns
2025-09-10 18:54:49 [main] INFO  tiempos - Duracion de encriptarFrase: 1723600 ns
2025-09-10 18:54:49 [main] INFO  tiempos - Duracion del proceso intercambiarReferencias: 21200 ns
2025-09-10 18:54:49 [main] INFO  tiempos - Duracion del proceso intercambiarReferencias: 33600 ns
2025-09-10 18:54:49 [main] INFO  tiempos - Duracion del proceso intercambiarReferencias: 16500 ns
2025-09-10 18:54:49 [main] INFO  tiempos - Duracion del proceso intercambiarReferencias: 84800 ns
2025-09-10 18:54:49 [main] INFO  tiempos - Duracion del proceso intercambiarReferencias: 42200 ns
2025-09-10 18:54:49 [main] INFO  tiempos - Duracion del proceso intercambiarReferencias: 50400 ns
2025-09-10 18:54:49 [main] INFO  tiempos - Duracion del proceso intercambiarReferencias: 31600 ns
2025-09-10 18:54:49 [main] INFO  tiempos - Duracion del proceso intercambiarReferencias: 46200 ns
2025-09-10 18:54:49 [main] INFO  tiempos - Duracion del proceso intercambiarReferencias: 16600 ns
2025-09-10 18:54:49 [main] INFO  tiempos - Duracion del proceso intercambiarReferencias: 31700 ns
2025-09-10 18:54:49 [main] INFO  tiempos - Duracion del proceso intercambiarReferencias: 82300 ns
2025-09-10 18:54:49 [main] INFO  tiempos - Duracion de desencriptarFrase: 564000 ns
2025-09-10 18:54:49 [main] INFO  tiempos - Duracion del proceso intercambiarReferencias: 20400 ns
2025-09-10 18:54:49 [main] INFO  tiempos - Duracion del proceso intercambiarReferencias: 38600 ns
2025-09-10 18:54:49 [main] INFO  tiempos - Duracion del proceso intercambiarReferencias: 19700 ns
2025-09-10 18:54:49 [main] INFO  tiempos - Duracion del proceso intercambiarReferencias: 58700 ns
2025-09-10 18:54:49 [main] INFO  tiempos - Duracion del proceso intercambiarReferencias: 20200 ns
2025-09-10 18:54:49 [main] INFO  tiempos - Duracion del proceso intercambiarReferencias: 19800 ns
2025-09-10 18:54:49 [main] INFO  tiempos - Duracion del proceso intercambiarReferencias: 58200 ns
2025-09-10 18:54:49 [main] INFO  tiempos - Duracion del proceso intercambiarReferencias: 31900 ns
2025-09-10 18:54:49 [main] INFO  tiempos - Duracion del proceso intercambiarReferencias: 48500 ns
2025-09-10 18:54:49 [main] INFO  tiempos - Duracion del proceso intercambiarReferencias: 15700 ns
2025-09-10 18:54:49 [main] INFO  tiempos - Duracion del proceso intercambiarReferencias: 48200 ns
2025-09-10 18:54:49 [main] INFO  tiempos - Duracion del proceso intercambiarReferencias: 16000 ns
2025-09-10 18:54:49 [main] INFO  tiempos - Duracion del proceso intercambiarReferencias: 31500 ns
2025-09-10 18:54:49 [main] INFO  tiempos - Duracion de encriptarFrase: 1659900 ns
2025-09-10 18:54:49 [main] INFO  tiempos - Duracion del proceso intercambiarReferencias: 22500 ns
2025-09-10 18:54:49 [main] INFO  tiempos - Duracion del proceso intercambiarReferencias: 45400 ns
2025-09-10 18:54:49 [main] INFO  tiempos - Duracion del proceso intercambiarReferencias: 16900 ns
2025-09-10 18:54:49 [main] INFO  tiempos - Duracion del proceso intercambiarReferencias: 89800 ns
2025-09-10 18:54:49 [main] INFO  tiempos - Duracion del proceso intercambiarReferencias: 16700 ns
2025-09-10 18:54:49 [main] INFO  tiempos - Duracion del proceso intercambiarReferencias: 16600 ns
2025-09-10 18:54:49 [main] INFO  tiempos - Duracion del proceso intercambiarReferencias: 47500 ns
2025-09-10 18:54:49 [main] INFO  tiempos - Duracion del proceso intercambiarReferencias: 32400 ns
2025-09-10 18:54:49 [main] INFO  tiempos - Duracion del proceso intercambiarReferencias: 48700 ns
2025-09-10 18:54:49 [main] INFO  tiempos - Duracion del proceso intercambiarReferencias: 16700 ns
2025-09-10 18:54:49 [main] INFO  tiempos - Duracion del proceso intercambiarReferencias: 52500 ns
2025-09-10 18:54:49 [main] INFO  tiempos - Duracion del proceso intercambiarReferencias: 16500 ns
2025-09-10 18:54:49 [main] INFO  tiempos - Duracion del proceso intercambiarReferencias: 32300 ns
2025-09-10 18:54:49 [main] INFO  tiempos - Duracion de desencriptarFrase: 579100 ns
2025-09-10 18:54:49 [main] INFO  tiempos - Duracion del proceso intercambiarReferencias: 32700 ns
2025-09-10 18:54:49 [main] INFO  tiempos - Duracion del proceso intercambiarReferencias: 19200 ns
2025-09-10 18:54:49 [main] INFO  tiempos - Duracion del proceso intercambiarReferencias: 16300 ns
2025-09-10 18:54:49 [main] INFO  tiempos - Duracion del proceso intercambiarReferencias: 32100 ns
2025-09-10 18:54:49 [main] INFO  tiempos - Duracion del proceso intercambiarReferencias: 49000 ns
2025-09-10 18:54:49 [main] INFO  tiempos - Duracion del proceso intercambiarReferencias: 16000 ns
2025-09-10 18:54:49 [main] INFO  tiempos - Duracion del proceso intercambiarReferencias: 33800 ns
2025-09-10 18:54:49 [main] INFO  tiempos - Duracion del proceso intercambiarReferencias: 64300 ns
2025-09-10 18:54:49 [main] INFO  tiempos - Duracion del proceso intercambiarReferencias: 16100 ns
2025-09-10 18:54:49 [main] INFO  tiempos - Duracion del proceso intercambiarReferencias: 32300 ns
2025-09-10 18:54:49 [main] INFO  tiempos - Duracion del proceso intercambiarReferencias: 16000 ns
2025-09-10 18:54:49 [main] INFO  tiempos - Duracion del proceso intercambiarReferencias: 63700 ns
2025-09-10 18:54:49 [main] INFO  tiempos - Duracion del proceso intercambiarReferencias: 63400 ns
2025-09-10 18:54:49 [main] INFO  tiempos - Duracion del proceso intercambiarReferencias: 16000 ns
2025-09-10 18:54:49 [main] INFO  tiempos - Duracion del proceso intercambiarReferencias: 80400 ns
2025-09-10 18:54:49 [main] INFO  tiempos - Duracion de encriptarFrase: 2005500 ns
2025-09-10 18:54:49 [main] INFO  tiempos - Duracion del proceso intercambiarReferencias: 40900 ns
2025-09-10 18:54:49 [main] INFO  tiempos - Duracion del proceso intercambiarReferencias: 17800 ns
2025-09-10 18:54:49 [main] INFO  tiempos - Duracion del proceso intercambiarReferencias: 16900 ns
2025-09-10 18:54:49 [main] INFO  tiempos - Duracion del proceso intercambiarReferencias: 32800 ns
2025-09-10 18:54:49 [main] INFO  tiempos - Duracion del proceso intercambiarReferencias: 48000 ns
2025-09-10 18:54:49 [main] INFO  tiempos - Duracion del proceso intercambiarReferencias: 16200 ns
2025-09-10 18:54:49 [main] INFO  tiempos - Duracion del proceso intercambiarReferencias: 32200 ns
2025-09-10 18:54:49 [main] INFO  tiempos - Duracion del proceso intercambiarReferencias: 126300 ns
2025-09-10 18:54:49 [main] INFO  tiempos - Duracion del proceso intercambiarReferencias: 18000 ns
2025-09-10 18:54:49 [main] INFO  tiempos - Duracion del proceso intercambiarReferencias: 35600 ns
2025-09-10 18:54:49 [main] INFO  tiempos - Duracion del proceso intercambiarReferencias: 17400 ns
2025-09-10 18:54:49 [main] INFO  tiempos - Duracion del proceso intercambiarReferencias: 64200 ns
2025-09-10 18:54:49 [main] INFO  tiempos - Duracion del proceso intercambiarReferencias: 72100 ns
2025-09-10 18:54:49 [main] INFO  tiempos - Duracion del proceso intercambiarReferencias: 16600 ns
2025-09-10 18:54:49 [main] INFO  tiempos - Duracion del proceso intercambiarReferencias: 81400 ns
2025-09-10 18:54:49 [main] INFO  tiempos - Duracion de desencriptarFrase: 800400 ns
2025-09-10 18:54:49 [main] INFO  tiempos - Duracion del proceso intercambiarReferencias: 16900 ns
2025-09-10 18:54:49 [main] INFO  tiempos - Duracion del proceso intercambiarReferencias: 16800 ns
2025-09-10 18:54:49 [main] INFO  tiempos - Duracion del proceso intercambiarReferencias: 57100 ns
2025-09-10 18:54:49 [main] INFO  tiempos - Duracion del proceso intercambiarReferencias: 34000 ns
2025-09-10 18:54:49 [main] INFO  tiempos - Duracion del proceso intercambiarReferencias: 31900 ns
2025-09-10 18:54:49 [main] INFO  tiempos - Duracion del proceso intercambiarReferencias: 16000 ns
2025-09-10 18:54:49 [main] INFO  tiempos - Duracion del proceso intercambiarReferencias: 17000 ns
2025-09-10 18:54:49 [main] INFO  tiempos - Duracion del proceso intercambiarReferencias: 15800 ns
2025-09-10 18:54:49 [main] INFO  tiempos - Duracion del proceso intercambiarReferencias: 81000 ns
2025-09-10 18:54:49 [main] INFO  tiempos - Duracion del proceso intercambiarReferencias: 16000 ns
2025-09-10 18:54:49 [main] INFO  tiempos - Duracion del proceso intercambiarReferencias: 15700 ns
2025-09-10 18:54:49 [main] INFO  tiempos - Duracion del proceso intercambiarReferencias: 86200 ns
2025-09-10 18:54:49 [main] INFO  tiempos - Duracion del proceso intercambiarReferencias: 31500 ns
2025-09-10 18:54:49 [main] INFO  tiempos - Duracion del proceso intercambiarReferencias: 16000 ns
2025-09-10 18:54:49 [main] INFO  tiempos - Duracion del proceso intercambiarReferencias: 18400 ns
2025-09-10 18:54:49 [main] INFO  tiempos - Duracion del proceso intercambiarReferencias: 31400 ns
2025-09-10 18:54:49 [main] INFO  tiempos - Duracion del proceso intercambiarReferencias: 32400 ns
2025-09-10 18:54:49 [main] INFO  tiempos - Duracion del proceso intercambiarReferencias: 47300 ns
2025-09-10 18:54:49 [main] INFO  tiempos - Duracion de encriptarFrase: 1990300 ns
2025-09-10 18:54:49 [main] INFO  tiempos - Duracion del proceso intercambiarReferencias: 25800 ns
2025-09-10 18:54:49 [main] INFO  tiempos - Duracion del proceso intercambiarReferencias: 17600 ns
2025-09-10 18:54:49 [main] INFO  tiempos - Duracion del proceso intercambiarReferencias: 53800 ns
2025-09-10 18:54:49 [main] INFO  tiempos - Duracion del proceso intercambiarReferencias: 32600 ns
2025-09-10 18:54:49 [main] INFO  tiempos - Duracion del proceso intercambiarReferencias: 32000 ns
2025-09-10 18:54:49 [main] INFO  tiempos - Duracion del proceso intercambiarReferencias: 16200 ns
2025-09-10 18:54:49 [main] INFO  tiempos - Duracion del proceso intercambiarReferencias: 16100 ns
2025-09-10 18:54:49 [main] INFO  tiempos - Duracion del proceso intercambiarReferencias: 16200 ns
2025-09-10 18:54:49 [main] INFO  tiempos - Duracion del proceso intercambiarReferencias: 80300 ns
2025-09-10 18:54:49 [main] INFO  tiempos - Duracion del proceso intercambiarReferencias: 17800 ns
2025-09-10 18:54:49 [main] INFO  tiempos - Duracion del proceso intercambiarReferencias: 17100 ns
2025-09-10 18:54:49 [main] INFO  tiempos - Duracion del proceso intercambiarReferencias: 32100 ns
2025-09-10 18:54:49 [main] INFO  tiempos - Duracion del proceso intercambiarReferencias: 32400 ns
2025-09-10 18:54:49 [main] INFO  tiempos - Duracion del proceso intercambiarReferencias: 16100 ns
2025-09-10 18:54:49 [main] INFO  tiempos - Duracion del proceso intercambiarReferencias: 16200 ns
2025-09-10 18:54:49 [main] INFO  tiempos - Duracion del proceso intercambiarReferencias: 31500 ns
2025-09-10 18:54:49 [main] INFO  tiempos - Duracion del proceso intercambiarReferencias: 31700 ns
2025-09-10 18:54:49 [main] INFO  tiempos - Duracion del proceso intercambiarReferencias: 50400 ns
2025-09-10 18:54:49 [main] INFO  tiempos - Duracion de desencriptarFrase: 686600 ns
2025-09-10 18:54:49 [main] INFO  tiempos - Duracion del proceso intercambiarReferencias: 58900 ns
2025-09-10 18:54:49 [main] INFO  tiempos - Duracion del proceso intercambiarReferencias: 62200 ns
2025-09-10 18:54:49 [main] INFO  tiempos - Duracion del proceso intercambiarReferencias: 27100 ns
2025-09-10 18:54:49 [main] INFO  tiempos - Duracion del proceso intercambiarReferencias: 27700 ns
2025-09-10 18:54:49 [main] INFO  tiempos - Duracion del proceso intercambiarReferencias: 104600 ns
2025-09-10 18:54:49 [main] INFO  tiempos - Duracion de encriptarFrase: 1108500 ns
2025-09-10 18:54:49 [main] INFO  tiempos - Duracion del proceso intercambiarReferencias: 39300 ns
2025-09-10 18:54:49 [main] INFO  tiempos - Duracion del proceso intercambiarReferencias: 32200 ns
2025-09-10 18:54:49 [main] INFO  tiempos - Duracion del proceso intercambiarReferencias: 16500 ns
2025-09-10 18:54:49 [main] INFO  tiempos - Duracion del proceso intercambiarReferencias: 16300 ns
2025-09-10 18:54:49 [main] INFO  tiempos - Duracion del proceso intercambiarReferencias: 68500 ns
2025-09-10 18:54:49 [main] INFO  tiempos - Duracion de desencriptarFrase: 239500 ns
2025-09-10 18:54:49 [main] INFO  tiempos - Duracion del proceso intercambiarReferencias: 58700 ns
2025-09-10 18:54:49 [main] INFO  tiempos - Duracion del proceso intercambiarReferencias: 19700 ns
2025-09-10 18:54:49 [main] INFO  tiempos - Duracion del proceso intercambiarReferencias: 78600 ns
2025-09-10 18:54:49 [main] INFO  tiempos - Duracion de encriptarFrase: 571000 ns
2025-09-10 18:54:49 [main] INFO  tiempos - Duracion del proceso intercambiarReferencias: 52800 ns
2025-09-10 18:54:49 [main] INFO  tiempos - Duracion del proceso intercambiarReferencias: 16700 ns
2025-09-10 18:54:49 [main] INFO  tiempos - Duracion del proceso intercambiarReferencias: 63200 ns
2025-09-10 18:54:49 [main] INFO  tiempos - Duracion de desencriptarFrase: 181500 ns
2025-09-10 18:54:49 [main] INFO  tiempos - Duracion del proceso intercambiarReferencias: 118800 ns
2025-09-10 18:54:49 [main] INFO  tiempos - Duracion del proceso intercambiarReferencias: 19500 ns
2025-09-10 18:54:49 [main] INFO  tiempos - Duracion del proceso intercambiarReferencias: 79100 ns
2025-09-10 18:54:49 [main] INFO  tiempos - Duracion del proceso intercambiarReferencias: 31400 ns
2025-09-10 18:54:49 [main] INFO  tiempos - Duracion del proceso intercambiarReferencias: 15700 ns
2025-09-10 18:54:49 [main] INFO  tiempos - Duracion del proceso intercambiarReferencias: 47300 ns
2025-09-10 18:54:49 [main] INFO  tiempos - Duracion de encriptarFrase: 1104200 ns
2025-09-10 18:54:49 [main] INFO  tiempos - Duracion del proceso intercambiarReferencias: 100800 ns
2025-09-10 18:54:49 [main] INFO  tiempos - Duracion del proceso intercambiarReferencias: 16600 ns
2025-09-10 18:54:49 [main] INFO  tiempos - Duracion del proceso intercambiarReferencias: 69100 ns
2025-09-10 18:54:49 [main] INFO  tiempos - Duracion del proceso intercambiarReferencias: 32500 ns
2025-09-10 18:54:49 [main] INFO  tiempos - Duracion del proceso intercambiarReferencias: 16100 ns
2025-09-10 18:54:49 [main] INFO  tiempos - Duracion del proceso intercambiarReferencias: 58800 ns
2025-09-10 18:54:49 [main] INFO  tiempos - Duracion de desencriptarFrase: 364400 ns
2025-09-10 18:54:49 [main] INFO  tiempos - Duracion del proceso intercambiarReferencias: 98000 ns
2025-09-10 18:54:49 [main] INFO  tiempos - Duracion del proceso intercambiarReferencias: 16200 ns
2025-09-10 18:54:49 [main] INFO  tiempos - Duracion del proceso intercambiarReferencias: 30700 ns
2025-09-10 18:54:49 [main] INFO  tiempos - Duracion del proceso intercambiarReferencias: 54700 ns
2025-09-10 18:54:49 [main] INFO  tiempos - Duracion del proceso intercambiarReferencias: 53100 ns
2025-09-10 18:54:49 [main] INFO  tiempos - Duracion del proceso intercambiarReferencias: 48300 ns
2025-09-10 18:54:49 [main] INFO  tiempos - Duracion del proceso intercambiarReferencias: 31200 ns
2025-09-10 18:54:49 [main] INFO  tiempos - Duracion del proceso intercambiarReferencias: 56200 ns
2025-09-10 18:54:49 [main] INFO  tiempos - Duracion del proceso intercambiarReferencias: 63000 ns
2025-09-10 18:54:49 [main] INFO  tiempos - Duracion del proceso intercambiarReferencias: 34100 ns
2025-09-10 18:54:49 [main] INFO  tiempos - Duracion de encriptarFrase: 1868800 ns
2025-09-10 18:54:49 [main] INFO  tiempos - Duracion del proceso intercambiarReferencias: 73000 ns
2025-09-10 18:54:49 [main] INFO  tiempos - Duracion del proceso intercambiarReferencias: 16700 ns
2025-09-10 18:54:49 [main] INFO  tiempos - Duracion del proceso intercambiarReferencias: 16000 ns
2025-09-10 18:54:49 [main] INFO  tiempos - Duracion del proceso intercambiarReferencias: 31900 ns
2025-09-10 18:54:49 [main] INFO  tiempos - Duracion del proceso intercambiarReferencias: 47400 ns
2025-09-10 18:54:49 [main] INFO  tiempos - Duracion del proceso intercambiarReferencias: 52400 ns
2025-09-10 18:54:49 [main] INFO  tiempos - Duracion del proceso intercambiarReferencias: 32800 ns
2025-09-10 18:54:49 [main] INFO  tiempos - Duracion del proceso intercambiarReferencias: 32300 ns
2025-09-10 18:54:49 [main] INFO  tiempos - Duracion del proceso intercambiarReferencias: 63600 ns
2025-09-10 18:54:49 [main] INFO  tiempos - Duracion del proceso intercambiarReferencias: 32200 ns
2025-09-10 18:54:49 [main] INFO  tiempos - Duracion de desencriptarFrase: 499700 ns
2025-09-10 18:54:49 [main] INFO  tiempos - intercambiarReferencias duration: 0 ms
2025-09-10 18:54:49 [main] INFO  tiempos - Duracion del proceso intercambiarReferencias: 52100 ns
2025-09-10 18:54:49 [main] INFO  tiempos - Duracion del proceso intercambiarReferencias: 32600 ns
2025-09-10 18:54:49 [main] INFO  tiempos - Duracion del proceso intercambiarReferencias: 52500 ns
2025-09-10 18:54:49 [main] INFO  tiempos - Duracion del proceso intercambiarReferencias: 15900 ns
2025-09-10 18:54:49 [main] INFO  tiempos - Duracion del proceso intercambiarReferencias: 15500 ns
2025-09-10 18:54:49 [main] INFO  tiempos - Duracion del proceso intercambiarReferencias: 50600 ns
2025-09-10 18:54:49 [main] INFO  tiempos - Duracion del proceso intercambiarReferencias: 40900 ns
2025-09-10 18:54:49 [main] INFO  tiempos - Duracion del proceso intercambiarReferencias: 31700 ns
2025-09-10 18:54:49 [main] INFO  tiempos - Duracion del proceso intercambiarReferencias: 31500 ns
2025-09-10 18:54:49 [main] INFO  tiempos - Duracion del proceso intercambiarReferencias: 15600 ns
2025-09-10 18:54:49 [main] INFO  tiempos - Duracion del proceso intercambiarReferencias: 15900 ns
2025-09-10 18:54:49 [main] INFO  tiempos - Duracion del proceso intercambiarReferencias: 47000 ns
2025-09-10 18:54:49 [main] INFO  tiempos - Duracion del proceso intercambiarReferencias: 31400 ns
2025-09-10 18:54:49 [main] INFO  tiempos - Duracion del proceso intercambiarReferencias: 17300 ns
2025-09-10 18:54:49 [main] INFO  tiempos - Duracion del proceso intercambiarReferencias: 15600 ns
2025-09-10 18:54:49 [main] INFO  tiempos - Duracion del proceso intercambiarReferencias: 48200 ns
2025-09-10 18:54:49 [main] INFO  tiempos - Duracion de encriptarFrase: 1785100 ns
2025-09-10 18:54:49 [main] INFO  tiempos - intercambiarReferencias duration: 0 ms
2025-09-10 18:54:49 [main] INFO  tiempos - Duracion del proceso intercambiarReferencias: 23300 ns
2025-09-10 18:54:49 [main] INFO  tiempos - Duracion del proceso intercambiarReferencias: 41800 ns
2025-09-10 18:54:49 [main] INFO  tiempos - Duracion del proceso intercambiarReferencias: 54600 ns
2025-09-10 18:54:49 [main] INFO  tiempos - Duracion del proceso intercambiarReferencias: 16400 ns
2025-09-10 18:54:49 [main] INFO  tiempos - Duracion del proceso intercambiarReferencias: 16100 ns
2025-09-10 18:54:49 [main] INFO  tiempos - Duracion del proceso intercambiarReferencias: 47900 ns
2025-09-10 18:54:49 [main] INFO  tiempos - Duracion del proceso intercambiarReferencias: 32300 ns
2025-09-10 18:54:49 [main] INFO  tiempos - Duracion del proceso intercambiarReferencias: 34000 ns
2025-09-10 18:54:49 [main] INFO  tiempos - Duracion del proceso intercambiarReferencias: 32500 ns
2025-09-10 18:54:49 [main] INFO  tiempos - Duracion del proceso intercambiarReferencias: 16000 ns
2025-09-10 18:54:49 [main] INFO  tiempos - Duracion del proceso intercambiarReferencias: 15900 ns
2025-09-10 18:54:49 [main] INFO  tiempos - Duracion del proceso intercambiarReferencias: 48000 ns
2025-09-10 18:54:49 [main] INFO  tiempos - Duracion del proceso intercambiarReferencias: 31700 ns
2025-09-10 18:54:49 [main] INFO  tiempos - Duracion del proceso intercambiarReferencias: 16200 ns
2025-09-10 18:54:49 [main] INFO  tiempos - Duracion del proceso intercambiarReferencias: 15900 ns
2025-09-10 18:54:49 [main] INFO  tiempos - Duracion del proceso intercambiarReferencias: 78100 ns
2025-09-10 18:54:49 [main] INFO  tiempos - Duracion de desencriptarFrase: 666300 ns
2025-09-10 18:54:49 [main] INFO  tiempos - Duracion del proceso intercambiarReferencias: 32100 ns
2025-09-10 18:54:49 [main] INFO  tiempos - Duracion del proceso intercambiarReferencias: 15900 ns
2025-09-10 18:54:49 [main] INFO  tiempos - Duracion del proceso intercambiarReferencias: 48400 ns
2025-09-10 18:54:49 [main] INFO  tiempos - intercambiarReferencias duration: 0 ms
2025-09-10 18:54:49 [main] INFO  tiempos - Duracion del proceso intercambiarReferencias: 11500 ns
2025-09-10 18:54:49 [main] INFO  tiempos - Duracion del proceso intercambiarReferencias: 79900 ns
2025-09-10 18:54:49 [main] INFO  tiempos - Duracion del proceso intercambiarReferencias: 107900 ns
2025-09-10 18:54:49 [main] INFO  tiempos - Duracion del proceso intercambiarReferencias: 16100 ns
2025-09-10 18:54:49 [main] INFO  tiempos - Duracion del proceso intercambiarReferencias: 90800 ns
2025-09-10 18:54:49 [main] INFO  tiempos - Duracion de encriptarFrase: 1193100 ns
2025-09-10 18:54:49 [main] INFO  tiempos - Duracion del proceso intercambiarReferencias: 46300 ns
2025-09-10 18:54:49 [main] INFO  tiempos - Duracion del proceso intercambiarReferencias: 20200 ns
2025-09-10 18:54:49 [main] INFO  tiempos - Duracion del proceso intercambiarReferencias: 47800 ns
2025-09-10 18:54:49 [main] INFO  tiempos - intercambiarReferencias duration: 0 ms
2025-09-10 18:54:49 [main] INFO  tiempos - Duracion del proceso intercambiarReferencias: 11900 ns
2025-09-10 18:54:49 [main] INFO  tiempos - Duracion del proceso intercambiarReferencias: 47300 ns
2025-09-10 18:54:49 [main] INFO  tiempos - Duracion del proceso intercambiarReferencias: 118800 ns
2025-09-10 18:54:49 [main] INFO  tiempos - Duracion del proceso intercambiarReferencias: 17000 ns
2025-09-10 18:54:49 [main] INFO  tiempos - Duracion del proceso intercambiarReferencias: 63500 ns
2025-09-10 18:54:49 [main] INFO  tiempos - Duracion de desencriptarFrase: 464600 ns
2025-09-10 18:54:49 [main] INFO  tiempos - Duracion del proceso intercambiarReferencias: 42200 ns
2025-09-10 18:54:49 [main] INFO  tiempos - Duracion del proceso intercambiarReferencias: 38800 ns
2025-09-10 18:54:49 [main] INFO  tiempos - Duracion del proceso intercambiarReferencias: 47700 ns
2025-09-10 18:54:49 [main] INFO  tiempos - Duracion del proceso intercambiarReferencias: 15900 ns
2025-09-10 18:54:49 [main] INFO  tiempos - Duracion del proceso intercambiarReferencias: 15600 ns
2025-09-10 18:54:49 [main] INFO  tiempos - Duracion del proceso intercambiarReferencias: 32300 ns
2025-09-10 18:54:49 [main] INFO  tiempos - Duracion del proceso intercambiarReferencias: 15800 ns
2025-09-10 18:54:49 [main] INFO  tiempos - Duracion del proceso intercambiarReferencias: 16000 ns
2025-09-10 18:54:49 [main] INFO  tiempos - Duracion del proceso intercambiarReferencias: 38400 ns
2025-09-10 18:54:49 [main] INFO  tiempos - Duracion del proceso intercambiarReferencias: 47300 ns
2025-09-10 18:54:49 [main] INFO  tiempos - Duracion del proceso intercambiarReferencias: 31600 ns
2025-09-10 18:54:49 [main] INFO  tiempos - Duracion del proceso intercambiarReferencias: 32100 ns
2025-09-10 18:54:49 [main] INFO  tiempos - Duracion del proceso intercambiarReferencias: 57000 ns
2025-09-10 18:54:49 [main] INFO  tiempos - Duracion del proceso intercambiarReferencias: 92600 ns
2025-09-10 18:54:49 [main] INFO  tiempos - Duracion de encriptarFrase: 1960900 ns
2025-09-10 18:54:49 [main] INFO  tiempos - Duracion del proceso intercambiarReferencias: 40300 ns
2025-09-10 18:54:49 [main] INFO  tiempos - Duracion del proceso intercambiarReferencias: 33400 ns
2025-09-10 18:54:49 [main] INFO  tiempos - Duracion del proceso intercambiarReferencias: 51400 ns
2025-09-10 18:54:49 [main] INFO  tiempos - Duracion del proceso intercambiarReferencias: 16800 ns
2025-09-10 18:54:49 [main] INFO  tiempos - Duracion del proceso intercambiarReferencias: 16000 ns
2025-09-10 18:54:49 [main] INFO  tiempos - Duracion del proceso intercambiarReferencias: 31400 ns
2025-09-10 18:54:49 [main] INFO  tiempos - Duracion del proceso intercambiarReferencias: 15600 ns
2025-09-10 18:54:49 [main] INFO  tiempos - Duracion del proceso intercambiarReferencias: 15600 ns
2025-09-10 18:54:49 [main] INFO  tiempos - Duracion del proceso intercambiarReferencias: 36000 ns
2025-09-10 18:54:49 [main] INFO  tiempos - Duracion del proceso intercambiarReferencias: 48600 ns
2025-09-10 18:54:49 [main] INFO  tiempos - Duracion del proceso intercambiarReferencias: 32000 ns
2025-09-10 18:54:49 [main] INFO  tiempos - Duracion del proceso intercambiarReferencias: 31400 ns
2025-09-10 18:54:49 [main] INFO  tiempos - Duracion del proceso intercambiarReferencias: 31500 ns
2025-09-10 18:54:49 [main] INFO  tiempos - Duracion del proceso intercambiarReferencias: 65400 ns
2025-09-10 18:54:49 [main] INFO  tiempos - Duracion de desencriptarFrase: 589800 ns
2025-09-10 18:54:49 [main] INFO  tiempos - Duracion del proceso intercambiarReferencias: 16600 ns
2025-09-10 18:54:49 [main] INFO  tiempos - Duracion del proceso intercambiarReferencias: 68100 ns
2025-09-10 18:54:49 [main] INFO  tiempos - Duracion del proceso intercambiarReferencias: 16000 ns
2025-09-10 18:54:49 [main] INFO  tiempos - Duracion del proceso intercambiarReferencias: 15900 ns
2025-09-10 18:54:49 [main] INFO  tiempos - Duracion del proceso intercambiarReferencias: 32500 ns
2025-09-10 18:54:49 [main] INFO  tiempos - Duracion del proceso intercambiarReferencias: 15400 ns
2025-09-10 18:54:49 [main] INFO  tiempos - Duracion del proceso intercambiarReferencias: 30900 ns
2025-09-10 18:54:49 [main] INFO  tiempos - Duracion del proceso intercambiarReferencias: 17100 ns
2025-09-10 18:54:49 [main] INFO  tiempos - Duracion del proceso intercambiarReferencias: 15600 ns
2025-09-10 18:54:49 [main] INFO  tiempos - Duracion del proceso intercambiarReferencias: 31200 ns
2025-09-10 18:54:49 [main] INFO  tiempos - Duracion del proceso intercambiarReferencias: 17800 ns
2025-09-10 18:54:49 [main] INFO  tiempos - Duracion del proceso intercambiarReferencias: 31100 ns
2025-09-10 18:54:49 [main] INFO  tiempos - Duracion de encriptarFrase: 1254500 ns
2025-09-10 18:54:49 [main] INFO  tiempos - Duracion del proceso intercambiarReferencias: 22100 ns
2025-09-10 18:54:49 [main] INFO  tiempos - Duracion del proceso intercambiarReferencias: 65500 ns
2025-09-10 18:54:49 [main] INFO  tiempos - Duracion del proceso intercambiarReferencias: 16300 ns
2025-09-10 18:54:49 [main] INFO  tiempos - Duracion del proceso intercambiarReferencias: 16000 ns
2025-09-10 18:54:49 [main] INFO  tiempos - Duracion del proceso intercambiarReferencias: 35000 ns
2025-09-10 18:54:49 [main] INFO  tiempos - Duracion del proceso intercambiarReferencias: 16400 ns
2025-09-10 18:54:49 [main] INFO  tiempos - Duracion del proceso intercambiarReferencias: 31600 ns
2025-09-10 18:54:49 [main] INFO  tiempos - Duracion del proceso intercambiarReferencias: 15900 ns
2025-09-10 18:54:49 [main] INFO  tiempos - Duracion del proceso intercambiarReferencias: 16100 ns
2025-09-10 18:54:49 [main] INFO  tiempos - Duracion del proceso intercambiarReferencias: 32000 ns
2025-09-10 18:54:49 [main] INFO  tiempos - Duracion del proceso intercambiarReferencias: 15900 ns
2025-09-10 18:54:49 [main] INFO  tiempos - Duracion del proceso intercambiarReferencias: 32100 ns
2025-09-10 18:54:49 [main] INFO  tiempos - Duracion de desencriptarFrase: 422700 ns
2025-09-10 18:54:49 [main] INFO  tiempos - Duracion del proceso intercambiarReferencias: 18200 ns
2025-09-10 18:54:49 [main] INFO  tiempos - Duracion del proceso intercambiarReferencias: 16000 ns
2025-09-10 18:54:49 [main] INFO  tiempos - Duracion del proceso intercambiarReferencias: 47100 ns
2025-09-10 18:54:49 [main] INFO  tiempos - Duracion del proceso intercambiarReferencias: 15500 ns
2025-09-10 18:54:49 [main] INFO  tiempos - Duracion del proceso intercambiarReferencias: 15500 ns
2025-09-10 18:54:49 [main] INFO  tiempos - Duracion del proceso intercambiarReferencias: 47200 ns
2025-09-10 18:54:49 [main] INFO  tiempos - Duracion del proceso intercambiarReferencias: 31400 ns
2025-09-10 18:54:49 [main] INFO  tiempos - Duracion del proceso intercambiarReferencias: 31300 ns
2025-09-10 18:54:49 [main] INFO  tiempos - Duracion del proceso intercambiarReferencias: 77900 ns
2025-09-10 18:54:49 [main] INFO  tiempos - Duracion de encriptarFrase: 1068400 ns
2025-09-10 18:54:49 [main] INFO  tiempos - Duracion del proceso intercambiarReferencias: 25500 ns
2025-09-10 18:54:49 [main] INFO  tiempos - Duracion del proceso intercambiarReferencias: 18000 ns
2025-09-10 18:54:49 [main] INFO  tiempos - Duracion del proceso intercambiarReferencias: 50000 ns
2025-09-10 18:54:49 [main] INFO  tiempos - Duracion del proceso intercambiarReferencias: 16500 ns
2025-09-10 18:54:49 [main] INFO  tiempos - Duracion del proceso intercambiarReferencias: 16500 ns
2025-09-10 18:54:49 [main] INFO  tiempos - Duracion del proceso intercambiarReferencias: 48900 ns
2025-09-10 18:54:49 [main] INFO  tiempos - Duracion del proceso intercambiarReferencias: 31800 ns
2025-09-10 18:54:49 [main] INFO  tiempos - Duracion del proceso intercambiarReferencias: 33000 ns
2025-09-10 18:54:49 [main] INFO  tiempos - Duracion del proceso intercambiarReferencias: 83100 ns
2025-09-10 18:54:49 [main] INFO  tiempos - Duracion de desencriptarFrase: 418200 ns
2025-09-10 18:54:49 [main] INFO  tiempos - Duracion del proceso intercambiarReferencias: 80700 ns
2025-09-10 18:54:49 [main] INFO  tiempos - Duracion del proceso intercambiarReferencias: 15800 ns
2025-09-10 18:54:49 [main] INFO  tiempos - Duracion del proceso intercambiarReferencias: 33400 ns
2025-09-10 18:54:49 [main] INFO  tiempos - intercambiarReferencias duration: 0 ms
2025-09-10 18:54:49 [main] INFO  tiempos - Duracion del proceso intercambiarReferencias: 11900 ns
2025-09-10 18:54:49 [main] INFO  tiempos - Duracion del proceso intercambiarReferencias: 47200 ns
2025-09-10 18:54:49 [main] INFO  tiempos - Duracion del proceso intercambiarReferencias: 48100 ns
2025-09-10 18:54:49 [main] INFO  tiempos - Duracion del proceso intercambiarReferencias: 15700 ns
2025-09-10 18:54:49 [main] INFO  tiempos - Duracion del proceso intercambiarReferencias: 32200 ns
2025-09-10 18:54:49 [main] INFO  tiempos - Duracion del proceso intercambiarReferencias: 31800 ns
2025-09-10 18:54:49 [main] INFO  tiempos - Duracion del proceso intercambiarReferencias: 15500 ns
2025-09-10 18:54:49 [main] INFO  tiempos - Duracion del proceso intercambiarReferencias: 31400 ns
2025-09-10 18:54:49 [main] INFO  tiempos - Duracion del proceso intercambiarReferencias: 15700 ns
2025-09-10 18:54:49 [main] INFO  tiempos - Duracion del proceso intercambiarReferencias: 30800 ns
2025-09-10 18:54:49 [main] INFO  tiempos - Duracion del proceso intercambiarReferencias: 31100 ns
2025-09-10 18:54:49 [main] INFO  tiempos - Duracion del proceso intercambiarReferencias: 32000 ns
2025-09-10 18:54:49 [main] INFO  tiempos - Duracion del proceso intercambiarReferencias: 31500 ns
2025-09-10 18:54:49 [main] INFO  tiempos - Duracion de encriptarFrase: 1863200 ns
2025-09-10 18:54:49 [main] INFO  tiempos - Duracion del proceso intercambiarReferencias: 87600 ns
2025-09-10 18:54:49 [main] INFO  tiempos - Duracion del proceso intercambiarReferencias: 16800 ns
2025-09-10 18:54:49 [main] INFO  tiempos - Duracion del proceso intercambiarReferencias: 38300 ns
2025-09-10 18:54:49 [main] INFO  tiempos - intercambiarReferencias duration: 0 ms
2025-09-10 18:54:49 [main] INFO  tiempos - Duracion del proceso intercambiarReferencias: 12000 ns
2025-09-10 18:54:49 [main] INFO  tiempos - Duracion del proceso intercambiarReferencias: 103800 ns
2025-09-10 18:54:49 [main] INFO  tiempos - Duracion del proceso intercambiarReferencias: 48400 ns
2025-09-10 18:54:49 [main] INFO  tiempos - Duracion del proceso intercambiarReferencias: 16200 ns
2025-09-10 18:54:49 [main] INFO  tiempos - Duracion del proceso intercambiarReferencias: 33300 ns
2025-09-10 18:54:49 [main] INFO  tiempos - Duracion del proceso intercambiarReferencias: 32000 ns
2025-09-10 18:54:49 [main] INFO  tiempos - Duracion del proceso intercambiarReferencias: 16100 ns
2025-09-10 18:54:49 [main] INFO  tiempos - Duracion del proceso intercambiarReferencias: 31900 ns
2025-09-10 18:54:49 [main] INFO  tiempos - Duracion del proceso intercambiarReferencias: 16600 ns
2025-09-10 18:54:49 [main] INFO  tiempos - Duracion del proceso intercambiarReferencias: 64000 ns
2025-09-10 18:54:49 [main] INFO  tiempos - Duracion del proceso intercambiarReferencias: 31600 ns
2025-09-10 18:54:49 [main] INFO  tiempos - Duracion del proceso intercambiarReferencias: 31300 ns
2025-09-10 18:54:49 [main] INFO  tiempos - Duracion del proceso intercambiarReferencias: 31600 ns
2025-09-10 18:54:49 [main] INFO  tiempos - Duracion de desencriptarFrase: 748300 ns
2025-09-10 18:54:49 [main] INFO  tiempos - Duracion del proceso intercambiarReferencias: 44800 ns
2025-09-10 18:54:49 [main] INFO  tiempos - Duracion del proceso intercambiarReferencias: 19400 ns
2025-09-10 18:54:49 [main] INFO  tiempos - Duracion del proceso intercambiarReferencias: 38500 ns
2025-09-10 18:54:49 [main] INFO  tiempos - Duracion del proceso intercambiarReferencias: 22900 ns
2025-09-10 18:54:49 [main] INFO  tiempos - Duracion del proceso intercambiarReferencias: 19400 ns
2025-09-10 18:54:49 [main] INFO  tiempos - Duracion del proceso intercambiarReferencias: 19200 ns
2025-09-10 18:54:49 [main] INFO  tiempos - Duracion del proceso intercambiarReferencias: 19500 ns
2025-09-10 18:54:49 [main] INFO  tiempos - Duracion del proceso intercambiarReferencias: 40200 ns
2025-09-10 18:54:49 [main] INFO  tiempos - Duracion del proceso intercambiarReferencias: 38900 ns
2025-09-10 18:54:49 [main] INFO  tiempos - Duracion del proceso intercambiarReferencias: 33700 ns
2025-09-10 18:54:49 [main] INFO  tiempos - Duracion del proceso intercambiarReferencias: 80300 ns
2025-09-10 18:54:49 [main] INFO  tiempos - Duracion del proceso intercambiarReferencias: 31200 ns
2025-09-10 18:54:49 [main] INFO  tiempos - Duracion del proceso intercambiarReferencias: 31300 ns
2025-09-10 18:54:49 [main] INFO  tiempos - Duracion del proceso intercambiarReferencias: 32800 ns
2025-09-10 18:54:49 [main] INFO  tiempos - Duracion del proceso intercambiarReferencias: 31400 ns
2025-09-10 18:54:49 [main] INFO  tiempos - Duracion del proceso intercambiarReferencias: 18000 ns
2025-09-10 18:54:49 [main] INFO  tiempos - Duracion del proceso intercambiarReferencias: 47000 ns
2025-09-10 18:54:49 [main] INFO  tiempos - Duracion del proceso intercambiarReferencias: 15700 ns
2025-09-10 18:54:49 [main] INFO  tiempos - Duracion del proceso intercambiarReferencias: 63300 ns
2025-09-10 18:54:49 [main] INFO  tiempos - Duracion del proceso intercambiarReferencias: 33100 ns
2025-09-10 18:54:49 [main] INFO  tiempos - Duracion del proceso intercambiarReferencias: 15900 ns
2025-09-10 18:54:49 [main] INFO  tiempos - Duracion del proceso intercambiarReferencias: 15600 ns
2025-09-10 18:54:49 [main] INFO  tiempos - Duracion del proceso intercambiarReferencias: 33400 ns
2025-09-10 18:54:49 [main] INFO  tiempos - Duracion del proceso intercambiarReferencias: 47500 ns
2025-09-10 18:54:49 [main] INFO  tiempos - Duracion de encriptarFrase: 2889300 ns
2025-09-10 18:54:49 [main] INFO  tiempos - Duracion del proceso intercambiarReferencias: 42100 ns
2025-09-10 18:54:49 [main] INFO  tiempos - Duracion del proceso intercambiarReferencias: 17200 ns
2025-09-10 18:54:49 [main] INFO  tiempos - Duracion del proceso intercambiarReferencias: 37100 ns
2025-09-10 18:54:49 [main] INFO  tiempos - Duracion del proceso intercambiarReferencias: 16500 ns
2025-09-10 18:54:49 [main] INFO  tiempos - Duracion del proceso intercambiarReferencias: 16100 ns
2025-09-10 18:54:49 [main] INFO  tiempos - Duracion del proceso intercambiarReferencias: 16300 ns
2025-09-10 18:54:49 [main] INFO  tiempos - Duracion del proceso intercambiarReferencias: 16200 ns
2025-09-10 18:54:49 [main] INFO  tiempos - Duracion del proceso intercambiarReferencias: 31800 ns
2025-09-10 18:54:49 [main] INFO  tiempos - Duracion del proceso intercambiarReferencias: 32000 ns
2025-09-10 18:54:49 [main] INFO  tiempos - Duracion del proceso intercambiarReferencias: 31700 ns
2025-09-10 18:54:49 [main] INFO  tiempos - Duracion del proceso intercambiarReferencias: 81800 ns
2025-09-10 18:54:49 [main] INFO  tiempos - Duracion del proceso intercambiarReferencias: 32100 ns
2025-09-10 18:54:49 [main] INFO  tiempos - Duracion del proceso intercambiarReferencias: 32800 ns
2025-09-10 18:54:49 [main] INFO  tiempos - Duracion del proceso intercambiarReferencias: 32500 ns
2025-09-10 18:54:49 [main] INFO  tiempos - Duracion del proceso intercambiarReferencias: 32900 ns
2025-09-10 18:54:49 [main] INFO  tiempos - Duracion del proceso intercambiarReferencias: 16100 ns
2025-09-10 18:54:49 [main] INFO  tiempos - Duracion del proceso intercambiarReferencias: 49600 ns
2025-09-10 18:54:49 [main] INFO  tiempos - Duracion del proceso intercambiarReferencias: 16000 ns
2025-09-10 18:54:49 [main] INFO  tiempos - Duracion del proceso intercambiarReferencias: 63700 ns
2025-09-10 18:54:49 [main] INFO  tiempos - Duracion del proceso intercambiarReferencias: 31800 ns
2025-09-10 18:54:49 [main] INFO  tiempos - Duracion del proceso intercambiarReferencias: 16600 ns
2025-09-10 18:54:49 [main] INFO  tiempos - Duracion del proceso intercambiarReferencias: 16300 ns
2025-09-10 18:54:49 [main] INFO  tiempos - Duracion del proceso intercambiarReferencias: 31400 ns
2025-09-10 18:54:49 [main] INFO  tiempos - Duracion del proceso intercambiarReferencias: 49900 ns
2025-09-10 18:54:49 [main] INFO  tiempos - Duracion de desencriptarFrase: 956800 ns
2025-09-10 18:54:49 [main] INFO  tiempos - Duracion del proceso intercambiarReferencias: 20300 ns
2025-09-10 18:54:49 [main] INFO  tiempos - Duracion del proceso intercambiarReferencias: 103300 ns
2025-09-10 18:54:49 [main] INFO  tiempos - Duracion del proceso intercambiarReferencias: 15900 ns
2025-09-10 18:54:49 [main] INFO  tiempos - Duracion del proceso intercambiarReferencias: 31400 ns
2025-09-10 18:54:49 [main] INFO  tiempos - Duracion del proceso intercambiarReferencias: 18800 ns
2025-09-10 18:54:49 [main] INFO  tiempos - Duracion del proceso intercambiarReferencias: 31600 ns
2025-09-10 18:54:49 [main] INFO  tiempos - Duracion del proceso intercambiarReferencias: 64100 ns
2025-09-10 18:54:49 [main] INFO  tiempos - Duracion de encriptarFrase: 962700 ns
2025-09-10 18:54:49 [main] INFO  tiempos - Duracion del proceso intercambiarReferencias: 21600 ns
2025-09-10 18:54:49 [main] INFO  tiempos - Duracion del proceso intercambiarReferencias: 97100 ns
2025-09-10 18:54:49 [main] INFO  tiempos - Duracion del proceso intercambiarReferencias: 25300 ns
2025-09-10 18:54:49 [main] INFO  tiempos - Duracion del proceso intercambiarReferencias: 34300 ns
2025-09-10 18:54:49 [main] INFO  tiempos - Duracion del proceso intercambiarReferencias: 21900 ns
2025-09-10 18:54:49 [main] INFO  tiempos - Duracion del proceso intercambiarReferencias: 33400 ns
2025-09-10 18:54:49 [main] INFO  tiempos - Duracion del proceso intercambiarReferencias: 63400 ns
2025-09-10 18:54:49 [main] INFO  tiempos - Duracion de desencriptarFrase: 382700 ns
2025-09-10 18:54:49 [main] INFO  tiempos - Duracion del proceso intercambiarReferencias: 58600 ns
2025-09-10 18:54:49 [main] INFO  tiempos - Duracion del proceso intercambiarReferencias: 17600 ns
2025-09-10 18:54:49 [main] INFO  tiempos - Duracion del proceso intercambiarReferencias: 17000 ns
2025-09-10 18:54:49 [main] INFO  tiempos - Duracion del proceso intercambiarReferencias: 100900 ns
2025-09-10 18:54:49 [main] INFO  tiempos - Duracion del proceso intercambiarReferencias: 15600 ns
2025-09-10 18:54:49 [main] INFO  tiempos - Duracion del proceso intercambiarReferencias: 18700 ns
2025-09-10 18:54:49 [main] INFO  tiempos - Duracion del proceso intercambiarReferencias: 16100 ns
2025-09-10 18:54:49 [main] INFO  tiempos - Duracion del proceso intercambiarReferencias: 62500 ns
2025-09-10 18:54:49 [main] INFO  tiempos - Duracion de encriptarFrase: 1132000 ns
2025-09-10 18:54:49 [main] INFO  tiempos - Duracion del proceso intercambiarReferencias: 62100 ns
2025-09-10 18:54:49 [main] INFO  tiempos - Duracion del proceso intercambiarReferencias: 58600 ns
2025-09-10 18:54:49 [main] INFO  tiempos - Duracion del proceso intercambiarReferencias: 16800 ns
2025-09-10 18:54:49 [main] INFO  tiempos - Duracion del proceso intercambiarReferencias: 110600 ns
2025-09-10 18:54:49 [main] INFO  tiempos - Duracion del proceso intercambiarReferencias: 17000 ns
2025-09-10 18:54:49 [main] INFO  tiempos - Duracion del proceso intercambiarReferencias: 18500 ns
2025-09-10 18:54:49 [main] INFO  tiempos - Duracion del proceso intercambiarReferencias: 17000 ns
2025-09-10 18:54:49 [main] INFO  tiempos - Duracion del proceso intercambiarReferencias: 115800 ns
2025-09-10 18:54:49 [main] INFO  tiempos - Duracion de desencriptarFrase: 509400 ns
2025-09-10 18:54:49 [main] INFO  tiempos - Duracion del proceso intercambiarReferencias: 17600 ns
2025-09-10 18:54:49 [main] INFO  tiempos - Duracion del proceso intercambiarReferencias: 49200 ns
2025-09-10 18:54:49 [main] INFO  tiempos - Duracion del proceso intercambiarReferencias: 32500 ns
2025-09-10 18:54:49 [main] INFO  tiempos - Duracion del proceso intercambiarReferencias: 16200 ns
2025-09-10 18:54:49 [main] INFO  tiempos - Duracion del proceso intercambiarReferencias: 32400 ns
2025-09-10 18:54:49 [main] INFO  tiempos - Duracion del proceso intercambiarReferencias: 15800 ns
2025-09-10 18:54:49 [main] INFO  tiempos - Duracion del proceso intercambiarReferencias: 16700 ns
2025-09-10 18:54:49 [main] INFO  tiempos - Duracion del proceso intercambiarReferencias: 15900 ns
2025-09-10 18:54:49 [main] INFO  tiempos - Duracion del proceso intercambiarReferencias: 50800 ns
2025-09-10 18:54:49 [main] INFO  tiempos - Duracion del proceso intercambiarReferencias: 48500 ns
2025-09-10 18:54:49 [main] INFO  tiempos - Duracion de encriptarFrase: 1065500 ns
2025-09-10 18:54:49 [main] INFO  tiempos - Duracion del proceso intercambiarReferencias: 22700 ns
2025-09-10 18:54:49 [main] INFO  tiempos - Duracion del proceso intercambiarReferencias: 52200 ns
2025-09-10 18:54:49 [main] INFO  tiempos - Duracion del proceso intercambiarReferencias: 34300 ns
2025-09-10 18:54:49 [main] INFO  tiempos - Duracion del proceso intercambiarReferencias: 15900 ns
2025-09-10 18:54:49 [main] INFO  tiempos - Duracion del proceso intercambiarReferencias: 31900 ns
2025-09-10 18:54:49 [main] INFO  tiempos - Duracion del proceso intercambiarReferencias: 16000 ns
2025-09-10 18:54:49 [main] INFO  tiempos - Duracion del proceso intercambiarReferencias: 16000 ns
2025-09-10 18:54:49 [main] INFO  tiempos - Duracion del proceso intercambiarReferencias: 16600 ns
2025-09-10 18:54:49 [main] INFO  tiempos - Duracion del proceso intercambiarReferencias: 49000 ns
2025-09-10 18:54:49 [main] INFO  tiempos - Duracion del proceso intercambiarReferencias: 49400 ns
2025-09-10 18:54:49 [main] INFO  tiempos - Duracion de desencriptarFrase: 408300 ns
2025-09-10 18:54:49 [main] INFO  tiempos - Duracion del proceso intercambiarReferencias: 32000 ns
2025-09-10 18:54:49 [main] INFO  tiempos - Duracion del proceso intercambiarReferencias: 31300 ns
2025-09-10 18:54:49 [main] INFO  tiempos - Duracion del proceso intercambiarReferencias: 31300 ns
2025-09-10 18:54:49 [main] INFO  tiempos - Duracion del proceso intercambiarReferencias: 15700 ns
2025-09-10 18:54:49 [main] INFO  tiempos - Duracion del proceso intercambiarReferencias: 90400 ns
2025-09-10 18:54:49 [main] INFO  tiempos - Duracion del proceso intercambiarReferencias: 32700 ns
2025-09-10 18:54:49 [main] INFO  tiempos - Duracion del proceso intercambiarReferencias: 63500 ns
2025-09-10 18:54:49 [main] INFO  tiempos - Duracion del proceso intercambiarReferencias: 79200 ns
2025-09-10 18:54:49 [main] INFO  tiempos - Duracion del proceso intercambiarReferencias: 15800 ns
2025-09-10 18:54:49 [main] INFO  tiempos - Duracion del proceso intercambiarReferencias: 33800 ns
2025-09-10 18:54:49 [main] INFO  tiempos - Duracion del proceso intercambiarReferencias: 15700 ns
2025-09-10 18:54:49 [main] INFO  tiempos - Duracion del proceso intercambiarReferencias: 31100 ns
2025-09-10 18:54:49 [main] INFO  tiempos - Duracion del proceso intercambiarReferencias: 17600 ns
2025-09-10 18:54:49 [main] INFO  tiempos - Duracion del proceso intercambiarReferencias: 31000 ns
2025-09-10 18:54:49 [main] INFO  tiempos - Duracion del proceso intercambiarReferencias: 15500 ns
2025-09-10 18:54:49 [main] INFO  tiempos - Duracion del proceso intercambiarReferencias: 32100 ns
2025-09-10 18:54:49 [main] INFO  tiempos - Duracion del proceso intercambiarReferencias: 15500 ns
2025-09-10 18:54:49 [main] INFO  tiempos - Duracion del proceso intercambiarReferencias: 31200 ns
2025-09-10 18:54:49 [main] INFO  tiempos - Duracion del proceso intercambiarReferencias: 31500 ns
2025-09-10 18:54:49 [main] INFO  tiempos - Duracion del proceso intercambiarReferencias: 31200 ns
2025-09-10 18:54:49 [main] INFO  tiempos - Duracion del proceso intercambiarReferencias: 49400 ns
2025-09-10 18:54:49 [main] INFO  tiempos - Duracion de encriptarFrase: 2436000 ns
2025-09-10 18:54:49 [main] INFO  tiempos - Duracion del proceso intercambiarReferencias: 39100 ns
2025-09-10 18:54:49 [main] INFO  tiempos - Duracion del proceso intercambiarReferencias: 40300 ns
2025-09-10 18:54:49 [main] INFO  tiempos - Duracion del proceso intercambiarReferencias: 32600 ns
2025-09-10 18:54:49 [main] INFO  tiempos - Duracion del proceso intercambiarReferencias: 16300 ns
2025-09-10 18:54:49 [main] INFO  tiempos - Duracion del proceso intercambiarReferencias: 32200 ns
2025-09-10 18:54:49 [main] INFO  tiempos - Duracion del proceso intercambiarReferencias: 39300 ns
2025-09-10 18:54:49 [main] INFO  tiempos - Duracion del proceso intercambiarReferencias: 64200 ns
2025-09-10 18:54:49 [main] INFO  tiempos - Duracion del proceso intercambiarReferencias: 78600 ns
2025-09-10 18:54:49 [main] INFO  tiempos - Duracion del proceso intercambiarReferencias: 16100 ns
2025-09-10 18:54:49 [main] INFO  tiempos - Duracion del proceso intercambiarReferencias: 32100 ns
2025-09-10 18:54:49 [main] INFO  tiempos - Duracion del proceso intercambiarReferencias: 15900 ns
2025-09-10 18:54:49 [main] INFO  tiempos - Duracion del proceso intercambiarReferencias: 34300 ns
2025-09-10 18:54:49 [main] INFO  tiempos - Duracion del proceso intercambiarReferencias: 16000 ns
2025-09-10 18:54:49 [main] INFO  tiempos - Duracion del proceso intercambiarReferencias: 32000 ns
2025-09-10 18:54:49 [main] INFO  tiempos - Duracion del proceso intercambiarReferencias: 17300 ns
2025-09-10 18:54:49 [main] INFO  tiempos - Duracion del proceso intercambiarReferencias: 32300 ns
2025-09-10 18:54:49 [main] INFO  tiempos - Duracion del proceso intercambiarReferencias: 15900 ns
2025-09-10 18:54:49 [main] INFO  tiempos - Duracion del proceso intercambiarReferencias: 32700 ns
2025-09-10 18:54:49 [main] INFO  tiempos - Duracion del proceso intercambiarReferencias: 31500 ns
2025-09-10 18:54:49 [main] INFO  tiempos - Duracion del proceso intercambiarReferencias: 33800 ns
2025-09-10 18:54:49 [main] INFO  tiempos - Duracion del proceso intercambiarReferencias: 47300 ns
2025-09-10 18:54:49 [main] INFO  tiempos - Duracion de desencriptarFrase: 873100 ns
2025-09-10 18:54:49 [main] INFO  tiempos - Duracion del proceso intercambiarReferencias: 19700 ns
2025-09-10 18:54:49 [main] INFO  tiempos - Duracion del proceso intercambiarReferencias: 58100 ns
2025-09-10 18:54:49 [main] INFO  tiempos - Duracion del proceso intercambiarReferencias: 19100 ns
2025-09-10 18:54:49 [main] INFO  tiempos - Duracion del proceso intercambiarReferencias: 41100 ns
2025-09-10 18:54:49 [main] INFO  tiempos - Duracion del proceso intercambiarReferencias: 18300 ns
2025-09-10 18:54:49 [main] INFO  tiempos - Duracion del proceso intercambiarReferencias: 31300 ns
2025-09-10 18:54:49 [main] INFO  tiempos - Duracion del proceso intercambiarReferencias: 15900 ns
2025-09-10 18:54:49 [main] INFO  tiempos - Duracion del proceso intercambiarReferencias: 15500 ns
2025-09-10 18:54:49 [main] INFO  tiempos - Duracion del proceso intercambiarReferencias: 46900 ns
2025-09-10 18:54:49 [main] INFO  tiempos - Duracion del proceso intercambiarReferencias: 15600 ns
2025-09-10 18:54:49 [main] INFO  tiempos - Duracion del proceso intercambiarReferencias: 16600 ns
2025-09-10 18:54:49 [main] INFO  tiempos - Duracion del proceso intercambiarReferencias: 15500 ns
2025-09-10 18:54:49 [main] INFO  tiempos - Duracion del proceso intercambiarReferencias: 31500 ns
2025-09-10 18:54:49 [main] INFO  tiempos - Duracion del proceso intercambiarReferencias: 15600 ns
2025-09-10 18:54:49 [main] INFO  tiempos - Duracion del proceso intercambiarReferencias: 15800 ns
2025-09-10 18:54:49 [main] INFO  tiempos - Duracion del proceso intercambiarReferencias: 46800 ns
2025-09-10 18:54:49 [main] INFO  tiempos - Duracion del proceso intercambiarReferencias: 19500 ns
2025-09-10 18:54:49 [main] INFO  tiempos - Duracion del proceso intercambiarReferencias: 16000 ns
2025-09-10 18:54:49 [main] INFO  tiempos - Duracion del proceso intercambiarReferencias: 47400 ns
2025-09-10 18:54:49 [main] INFO  tiempos - Duracion de encriptarFrase: 2004400 ns
2025-09-10 18:54:49 [main] INFO  tiempos - Duracion del proceso intercambiarReferencias: 28800 ns
2025-09-10 18:54:49 [main] INFO  tiempos - Duracion del proceso intercambiarReferencias: 57400 ns
2025-09-10 18:54:49 [main] INFO  tiempos - Duracion del proceso intercambiarReferencias: 17100 ns
2025-09-10 18:54:49 [main] INFO  tiempos - Duracion del proceso intercambiarReferencias: 33000 ns
2025-09-10 18:54:49 [main] INFO  tiempos - Duracion del proceso intercambiarReferencias: 18300 ns
2025-09-10 18:54:49 [main] INFO  tiempos - Duracion del proceso intercambiarReferencias: 33600 ns
2025-09-10 18:54:49 [main] INFO  tiempos - Duracion del proceso intercambiarReferencias: 16200 ns
2025-09-10 18:54:49 [main] INFO  tiempos - Duracion del proceso intercambiarReferencias: 16800 ns
2025-09-10 18:54:49 [main] INFO  tiempos - Duracion del proceso intercambiarReferencias: 51100 ns
2025-09-10 18:54:49 [main] INFO  tiempos - Duracion del proceso intercambiarReferencias: 16300 ns
2025-09-10 18:54:49 [main] INFO  tiempos - Duracion del proceso intercambiarReferencias: 16500 ns
2025-09-10 18:54:49 [main] INFO  tiempos - Duracion del proceso intercambiarReferencias: 15800 ns
2025-09-10 18:54:49 [main] INFO  tiempos - Duracion del proceso intercambiarReferencias: 31700 ns
2025-09-10 18:54:49 [main] INFO  tiempos - Duracion del proceso intercambiarReferencias: 16700 ns
2025-09-10 18:54:49 [main] INFO  tiempos - Duracion del proceso intercambiarReferencias: 16500 ns
2025-09-10 18:54:49 [main] INFO  tiempos - Duracion del proceso intercambiarReferencias: 48000 ns
2025-09-10 18:54:49 [main] INFO  tiempos - Duracion del proceso intercambiarReferencias: 16100 ns
2025-09-10 18:54:49 [main] INFO  tiempos - Duracion del proceso intercambiarReferencias: 16900 ns
2025-09-10 18:54:49 [main] INFO  tiempos - Duracion del proceso intercambiarReferencias: 51400 ns
2025-09-10 18:54:49 [main] INFO  tiempos - Duracion de desencriptarFrase: 710700 ns
2025-09-10 18:54:49 [main] INFO  tiempos - intercambiarReferencias duration: 0 ms
2025-09-10 18:54:49 [main] INFO  tiempos - Duracion del proceso intercambiarReferencias: 21300 ns
2025-09-10 18:54:49 [main] INFO  tiempos - Duracion del proceso intercambiarReferencias: 52200 ns
2025-09-10 18:54:49 [main] INFO  tiempos - Duracion del proceso intercambiarReferencias: 78000 ns
2025-09-10 18:54:49 [main] INFO  tiempos - Duracion del proceso intercambiarReferencias: 105700 ns
2025-09-10 18:54:49 [main] INFO  tiempos - Duracion del proceso intercambiarReferencias: 24600 ns
2025-09-10 18:54:49 [main] INFO  tiempos - Duracion del proceso intercambiarReferencias: 52100 ns
2025-09-10 18:54:49 [main] INFO  tiempos - Duracion del proceso intercambiarReferencias: 25500 ns
2025-09-10 18:54:49 [main] INFO  tiempos - Duracion del proceso intercambiarReferencias: 25800 ns
2025-09-10 18:54:49 [main] INFO  tiempos - Duracion del proceso intercambiarReferencias: 50700 ns
2025-09-10 18:54:49 [main] INFO  tiempos - Duracion de encriptarFrase: 1565600 ns
2025-09-10 18:54:49 [main] INFO  tiempos - intercambiarReferencias duration: 0 ms
2025-09-10 18:54:49 [main] INFO  tiempos - Duracion del proceso intercambiarReferencias: 21400 ns
2025-09-10 18:54:49 [main] INFO  tiempos - Duracion del proceso intercambiarReferencias: 37400 ns
2025-09-10 18:54:49 [main] INFO  tiempos - Duracion del proceso intercambiarReferencias: 48900 ns
2025-09-10 18:54:49 [main] INFO  tiempos - Duracion del proceso intercambiarReferencias: 105800 ns
2025-09-10 18:54:49 [main] INFO  tiempos - Duracion del proceso intercambiarReferencias: 16900 ns
2025-09-10 18:54:49 [main] INFO  tiempos - Duracion del proceso intercambiarReferencias: 31700 ns
2025-09-10 18:54:49 [main] INFO  tiempos - Duracion del proceso intercambiarReferencias: 16400 ns
2025-09-10 18:54:49 [main] INFO  tiempos - Duracion del proceso intercambiarReferencias: 15900 ns
2025-09-10 18:54:49 [main] INFO  tiempos - Duracion del proceso intercambiarReferencias: 33300 ns
2025-09-10 18:54:49 [main] INFO  tiempos - Duracion de desencriptarFrase: 424100 ns
2025-09-10 18:54:49 [main] INFO  tiempos - Duracion del proceso intercambiarReferencias: 32200 ns
2025-09-10 18:54:49 [main] INFO  tiempos - Duracion del proceso intercambiarReferencias: 16000 ns
2025-09-10 18:54:49 [main] INFO  tiempos - Duracion del proceso intercambiarReferencias: 48200 ns
2025-09-10 18:54:49 [main] INFO  tiempos - Duracion del proceso intercambiarReferencias: 49500 ns
2025-09-10 18:54:49 [main] INFO  tiempos - Duracion del proceso intercambiarReferencias: 15600 ns
2025-09-10 18:54:49 [main] INFO  tiempos - Duracion del proceso intercambiarReferencias: 15800 ns
2025-09-10 18:54:49 [main] INFO  tiempos - Duracion del proceso intercambiarReferencias: 32500 ns
2025-09-10 18:54:49 [main] INFO  tiempos - Duracion del proceso intercambiarReferencias: 15500 ns
2025-09-10 18:54:49 [main] INFO  tiempos - Duracion del proceso intercambiarReferencias: 31000 ns
2025-09-10 18:54:49 [main] INFO  tiempos - Duracion del proceso intercambiarReferencias: 32300 ns
2025-09-10 18:54:49 [main] INFO  tiempos - Duracion del proceso intercambiarReferencias: 16100 ns
2025-09-10 18:54:49 [main] INFO  tiempos - Duracion del proceso intercambiarReferencias: 15600 ns
2025-09-10 18:54:49 [main] INFO  tiempos - Duracion del proceso intercambiarReferencias: 15700 ns
2025-09-10 18:54:49 [main] INFO  tiempos - Duracion del proceso intercambiarReferencias: 17200 ns
2025-09-10 18:54:49 [main] INFO  tiempos - Duracion del proceso intercambiarReferencias: 46800 ns
2025-09-10 18:54:49 [main] INFO  tiempos - Duracion del proceso intercambiarReferencias: 15600 ns
2025-09-10 18:54:49 [main] INFO  tiempos - Duracion del proceso intercambiarReferencias: 31500 ns
2025-09-10 18:54:49 [main] INFO  tiempos - Duracion del proceso intercambiarReferencias: 58400 ns
2025-09-10 18:54:49 [main] INFO  tiempos - Duracion de encriptarFrase: 1783800 ns
2025-09-10 18:54:49 [main] INFO  tiempos - Duracion del proceso intercambiarReferencias: 51100 ns
2025-09-10 18:54:49 [main] INFO  tiempos - Duracion del proceso intercambiarReferencias: 20900 ns
2025-09-10 18:54:49 [main] INFO  tiempos - Duracion del proceso intercambiarReferencias: 59100 ns
2025-09-10 18:54:49 [main] INFO  tiempos - Duracion del proceso intercambiarReferencias: 58800 ns
2025-09-10 18:54:49 [main] INFO  tiempos - Duracion del proceso intercambiarReferencias: 19500 ns
2025-09-10 18:54:49 [main] INFO  tiempos - Duracion del proceso intercambiarReferencias: 23600 ns
2025-09-10 18:54:49 [main] INFO  tiempos - Duracion del proceso intercambiarReferencias: 39000 ns
2025-09-10 18:54:49 [main] INFO  tiempos - Duracion del proceso intercambiarReferencias: 19700 ns
2025-09-10 18:54:49 [main] INFO  tiempos - Duracion del proceso intercambiarReferencias: 101900 ns
2025-09-10 18:54:49 [main] INFO  tiempos - Duracion del proceso intercambiarReferencias: 39800 ns
2025-09-10 18:54:49 [main] INFO  tiempos - Duracion del proceso intercambiarReferencias: 16400 ns
2025-09-10 18:54:49 [main] INFO  tiempos - Duracion del proceso intercambiarReferencias: 16100 ns
2025-09-10 18:54:49 [main] INFO  tiempos - Duracion del proceso intercambiarReferencias: 16300 ns
2025-09-10 18:54:49 [main] INFO  tiempos - Duracion del proceso intercambiarReferencias: 16300 ns
2025-09-10 18:54:49 [main] INFO  tiempos - Duracion del proceso intercambiarReferencias: 47800 ns
2025-09-10 18:54:49 [main] INFO  tiempos - Duracion del proceso intercambiarReferencias: 15900 ns
2025-09-10 18:54:49 [main] INFO  tiempos - Duracion del proceso intercambiarReferencias: 32300 ns
2025-09-10 18:54:49 [main] INFO  tiempos - Duracion del proceso intercambiarReferencias: 49900 ns
2025-09-10 18:54:49 [main] INFO  tiempos - Duracion de desencriptarFrase: 814400 ns
2025-09-10 18:54:49 [main] INFO  tiempos - Duracion del proceso intercambiarReferencias: 15900 ns
2025-09-10 18:54:49 [main] INFO  tiempos - Duracion del proceso intercambiarReferencias: 88500 ns
2025-09-10 18:54:49 [main] INFO  tiempos - Duracion del proceso intercambiarReferencias: 15500 ns
2025-09-10 18:54:49 [main] INFO  tiempos - Duracion del proceso intercambiarReferencias: 15800 ns
2025-09-10 18:54:49 [main] INFO  tiempos - Duracion del proceso intercambiarReferencias: 46900 ns
2025-09-10 18:54:49 [main] INFO  tiempos - Duracion del proceso intercambiarReferencias: 15900 ns
2025-09-10 18:54:49 [main] INFO  tiempos - Duracion del proceso intercambiarReferencias: 50500 ns
2025-09-10 18:54:49 [main] INFO  tiempos - Duracion de encriptarFrase: 855400 ns
2025-09-10 18:54:49 [main] INFO  tiempos - Duracion del proceso intercambiarReferencias: 25800 ns
2025-09-10 18:54:49 [main] INFO  tiempos - Duracion del proceso intercambiarReferencias: 50800 ns
2025-09-10 18:54:49 [main] INFO  tiempos - Duracion del proceso intercambiarReferencias: 16200 ns
2025-09-10 18:54:49 [main] INFO  tiempos - Duracion del proceso intercambiarReferencias: 16400 ns
2025-09-10 18:54:49 [main] INFO  tiempos - Duracion del proceso intercambiarReferencias: 48600 ns
2025-09-10 18:54:49 [main] INFO  tiempos - Duracion del proceso intercambiarReferencias: 16500 ns
2025-09-10 18:54:49 [main] INFO  tiempos - Duracion del proceso intercambiarReferencias: 52500 ns
2025-09-10 18:54:49 [main] INFO  tiempos - Duracion de desencriptarFrase: 306800 ns
2025-09-10 18:54:49 [main] INFO  tiempos - Duracion del proceso intercambiarReferencias: 40200 ns
2025-09-10 18:54:49 [main] INFO  tiempos - intercambiarReferencias duration: 0 ms
2025-09-10 18:54:49 [main] INFO  tiempos - Duracion del proceso intercambiarReferencias: 14000 ns
2025-09-10 18:54:49 [main] INFO  tiempos - Duracion del proceso intercambiarReferencias: 58200 ns
2025-09-10 18:54:49 [main] INFO  tiempos - Duracion del proceso intercambiarReferencias: 56400 ns
2025-09-10 18:54:49 [main] INFO  tiempos - Duracion del proceso intercambiarReferencias: 15700 ns
2025-09-10 18:54:49 [main] INFO  tiempos - Duracion del proceso intercambiarReferencias: 47600 ns
2025-09-10 18:54:49 [main] INFO  tiempos - Duracion del proceso intercambiarReferencias: 15600 ns
2025-09-10 18:54:49 [main] INFO  tiempos - Duracion del proceso intercambiarReferencias: 66600 ns
2025-09-10 18:54:49 [main] INFO  tiempos - Duracion de encriptarFrase: 1146800 ns
2025-09-10 18:54:49 [main] INFO  tiempos - Duracion del proceso intercambiarReferencias: 37900 ns
2025-09-10 18:54:49 [main] INFO  tiempos - intercambiarReferencias duration: 0 ms
2025-09-10 18:54:49 [main] INFO  tiempos - Duracion del proceso intercambiarReferencias: 12200 ns
2025-09-10 18:54:49 [main] INFO  tiempos - Duracion del proceso intercambiarReferencias: 48400 ns
2025-09-10 18:54:49 [main] INFO  tiempos - Duracion del proceso intercambiarReferencias: 47700 ns
2025-09-10 18:54:49 [main] INFO  tiempos - Duracion del proceso intercambiarReferencias: 15900 ns
2025-09-10 18:54:49 [main] INFO  tiempos - Duracion del proceso intercambiarReferencias: 51800 ns
2025-09-10 18:54:49 [main] INFO  tiempos - Duracion del proceso intercambiarReferencias: 16100 ns
2025-09-10 18:54:49 [main] INFO  tiempos - Duracion del proceso intercambiarReferencias: 63300 ns
2025-09-10 18:54:49 [main] INFO  tiempos - Duracion de desencriptarFrase: 375800 ns
2025-09-10 18:54:49 [main] INFO  tiempos - Duracion del proceso intercambiarReferencias: 39200 ns
2025-09-10 18:54:49 [main] INFO  tiempos - Duracion del proceso intercambiarReferencias: 20700 ns
2025-09-10 18:54:49 [main] INFO  tiempos - Duracion del proceso intercambiarReferencias: 19200 ns
2025-09-10 18:54:49 [main] INFO  tiempos - Duracion del proceso intercambiarReferencias: 60700 ns
2025-09-10 18:54:49 [main] INFO  tiempos - Duracion del proceso intercambiarReferencias: 19300 ns
2025-09-10 18:54:49 [main] INFO  tiempos - Duracion del proceso intercambiarReferencias: 147500 ns
2025-09-10 18:54:49 [main] INFO  tiempos - Duracion del proceso intercambiarReferencias: 24300 ns
2025-09-10 18:54:49 [main] INFO  tiempos - Duracion del proceso intercambiarReferencias: 50400 ns
2025-09-10 18:54:49 [main] INFO  tiempos - Duracion del proceso intercambiarReferencias: 65600 ns
2025-09-10 18:54:49 [main] INFO  tiempos - Duracion del proceso intercambiarReferencias: 33600 ns
2025-09-10 18:54:49 [main] INFO  tiempos - Duracion del proceso intercambiarReferencias: 15800 ns
2025-09-10 18:54:49 [main] INFO  tiempos - Duracion del proceso intercambiarReferencias: 58500 ns
2025-09-10 18:54:49 [main] INFO  tiempos - Duracion del proceso intercambiarReferencias: 48000 ns
2025-09-10 18:54:49 [main] INFO  tiempos - Duracion del proceso intercambiarReferencias: 65300 ns
2025-09-10 18:54:49 [main] INFO  tiempos - Duracion del proceso intercambiarReferencias: 32200 ns
2025-09-10 18:54:49 [main] INFO  tiempos - Duracion de encriptarFrase: 2152700 ns
2025-09-10 18:54:49 [main] INFO  tiempos - Duracion del proceso intercambiarReferencias: 47200 ns
2025-09-10 18:54:49 [main] INFO  tiempos - Duracion del proceso intercambiarReferencias: 17100 ns
2025-09-10 18:54:49 [main] INFO  tiempos - Duracion del proceso intercambiarReferencias: 17000 ns
2025-09-10 18:54:49 [main] INFO  tiempos - Duracion del proceso intercambiarReferencias: 101200 ns
2025-09-10 18:54:49 [main] INFO  tiempos - Duracion del proceso intercambiarReferencias: 17300 ns
2025-09-10 18:54:49 [main] INFO  tiempos - Duracion del proceso intercambiarReferencias: 80500 ns
2025-09-10 18:54:49 [main] INFO  tiempos - Duracion del proceso intercambiarReferencias: 16300 ns
2025-09-10 18:54:49 [main] INFO  tiempos - Duracion del proceso intercambiarReferencias: 47300 ns
2025-09-10 18:54:49 [main] INFO  tiempos - Duracion del proceso intercambiarReferencias: 94900 ns
2025-09-10 18:54:49 [main] INFO  tiempos - Duracion del proceso intercambiarReferencias: 32300 ns
2025-09-10 18:54:49 [main] INFO  tiempos - Duracion del proceso intercambiarReferencias: 15900 ns
2025-09-10 18:54:49 [main] INFO  tiempos - Duracion del proceso intercambiarReferencias: 16900 ns
2025-09-10 18:54:49 [main] INFO  tiempos - Duracion del proceso intercambiarReferencias: 47800 ns
2025-09-10 18:54:49 [main] INFO  tiempos - Duracion del proceso intercambiarReferencias: 31800 ns
2025-09-10 18:54:49 [main] INFO  tiempos - Duracion del proceso intercambiarReferencias: 31500 ns
2025-09-10 18:54:49 [main] INFO  tiempos - Duracion de desencriptarFrase: 769300 ns
2025-09-10 18:54:49 [main] INFO  tiempos - Duracion del proceso intercambiarReferencias: 19900 ns
2025-09-10 18:54:49 [main] INFO  tiempos - Duracion del proceso intercambiarReferencias: 48000 ns
2025-09-10 18:54:49 [main] INFO  tiempos - Duracion del proceso intercambiarReferencias: 31500 ns
2025-09-10 18:54:49 [main] INFO  tiempos - Duracion del proceso intercambiarReferencias: 32000 ns
2025-09-10 18:54:49 [main] INFO  tiempos - Duracion del proceso intercambiarReferencias: 33100 ns
2025-09-10 18:54:49 [main] INFO  tiempos - Duracion del proceso intercambiarReferencias: 33000 ns
2025-09-10 18:54:49 [main] INFO  tiempos - Duracion del proceso intercambiarReferencias: 99100 ns
2025-09-10 18:54:49 [main] INFO  tiempos - Duracion del proceso intercambiarReferencias: 28400 ns
2025-09-10 18:54:49 [main] INFO  tiempos - Duracion del proceso intercambiarReferencias: 32000 ns
2025-09-10 18:54:49 [main] INFO  tiempos - Duracion del proceso intercambiarReferencias: 15800 ns
2025-09-10 18:54:49 [main] INFO  tiempos - Duracion del proceso intercambiarReferencias: 32100 ns
2025-09-10 18:54:49 [main] INFO  tiempos - Duracion del proceso intercambiarReferencias: 31200 ns
2025-09-10 18:54:49 [main] INFO  tiempos - Duracion del proceso intercambiarReferencias: 25100 ns
2025-09-10 18:54:49 [main] INFO  tiempos - Duracion del proceso intercambiarReferencias: 81000 ns
2025-09-10 18:54:49 [main] INFO  tiempos - Duracion del proceso intercambiarReferencias: 31600 ns
2025-09-10 18:54:49 [main] INFO  tiempos - Duracion del proceso intercambiarReferencias: 15500 ns
2025-09-10 18:54:49 [main] INFO  tiempos - Duracion del proceso intercambiarReferencias: 33600 ns
2025-09-10 18:54:49 [main] INFO  tiempos - Duracion del proceso intercambiarReferencias: 32700 ns
2025-09-10 18:54:49 [main] INFO  tiempos - Duracion de encriptarFrase: 2482500 ns
2025-09-10 18:54:49 [main] INFO  tiempos - Duracion del proceso intercambiarReferencias: 25000 ns
2025-09-10 18:54:49 [main] INFO  tiempos - Duracion del proceso intercambiarReferencias: 49600 ns
2025-09-10 18:54:49 [main] INFO  tiempos - Duracion del proceso intercambiarReferencias: 39900 ns
2025-09-10 18:54:49 [main] INFO  tiempos - Duracion del proceso intercambiarReferencias: 32000 ns
2025-09-10 18:54:49 [main] INFO  tiempos - Duracion del proceso intercambiarReferencias: 31600 ns
2025-09-10 18:54:49 [main] INFO  tiempos - Duracion del proceso intercambiarReferencias: 15800 ns
2025-09-10 18:54:49 [main] INFO  tiempos - Duracion del proceso intercambiarReferencias: 48000 ns
2025-09-10 18:54:49 [main] INFO  tiempos - Duracion del proceso intercambiarReferencias: 15900 ns
2025-09-10 18:54:49 [main] INFO  tiempos - Duracion del proceso intercambiarReferencias: 32000 ns
2025-09-10 18:54:49 [main] INFO  tiempos - Duracion del proceso intercambiarReferencias: 16100 ns
2025-09-10 18:54:49 [main] INFO  tiempos - Duracion del proceso intercambiarReferencias: 35000 ns
2025-09-10 18:54:49 [main] INFO  tiempos - Duracion del proceso intercambiarReferencias: 32200 ns
2025-09-10 18:54:49 [main] INFO  tiempos - Duracion del proceso intercambiarReferencias: 15800 ns
2025-09-10 18:54:49 [main] INFO  tiempos - Duracion del proceso intercambiarReferencias: 78900 ns
2025-09-10 18:54:49 [main] INFO  tiempos - Duracion del proceso intercambiarReferencias: 32200 ns
2025-09-10 18:54:49 [main] INFO  tiempos - Duracion del proceso intercambiarReferencias: 15700 ns
2025-09-10 18:54:49 [main] INFO  tiempos - Duracion del proceso intercambiarReferencias: 32800 ns
2025-09-10 18:54:49 [main] INFO  tiempos - Duracion del proceso intercambiarReferencias: 32900 ns
2025-09-10 18:54:49 [main] INFO  tiempos - Duracion de desencriptarFrase: 733300 ns
2025-09-10 18:54:49 [main] INFO  tiempos - Duracion del proceso intercambiarReferencias: 58900 ns
2025-09-10 18:54:49 [main] INFO  tiempos - Duracion del proceso intercambiarReferencias: 19600 ns
2025-09-10 18:54:49 [main] INFO  tiempos - Duracion del proceso intercambiarReferencias: 19200 ns
2025-09-10 18:54:49 [main] INFO  tiempos - Duracion del proceso intercambiarReferencias: 19300 ns
2025-09-10 18:54:49 [main] INFO  tiempos - Duracion del proceso intercambiarReferencias: 46800 ns
2025-09-10 18:54:49 [main] INFO  tiempos - Duracion del proceso intercambiarReferencias: 18700 ns
2025-09-10 18:54:49 [main] INFO  tiempos - Duracion del proceso intercambiarReferencias: 31400 ns
2025-09-10 18:54:49 [main] INFO  tiempos - Duracion del proceso intercambiarReferencias: 63400 ns
2025-09-10 18:54:49 [main] INFO  tiempos - Duracion del proceso intercambiarReferencias: 16000 ns
2025-09-10 18:54:49 [main] INFO  tiempos - Duracion del proceso intercambiarReferencias: 16100 ns
2025-09-10 18:54:49 [main] INFO  tiempos - Duracion del proceso intercambiarReferencias: 15900 ns
2025-09-10 18:54:49 [main] INFO  tiempos - Duracion del proceso intercambiarReferencias: 31000 ns
2025-09-10 18:54:49 [main] INFO  tiempos - intercambiarReferencias duration: 0 ms
2025-09-10 18:54:49 [main] INFO  tiempos - Duracion del proceso intercambiarReferencias: 11900 ns
2025-09-10 18:54:49 [main] INFO  tiempos - Duracion del proceso intercambiarReferencias: 62700 ns
2025-09-10 18:54:49 [main] INFO  tiempos - Duracion del proceso intercambiarReferencias: 96700 ns
2025-09-10 18:54:49 [main] INFO  tiempos - Duracion del proceso intercambiarReferencias: 24400 ns
2025-09-10 18:54:49 [main] INFO  tiempos - Duracion del proceso intercambiarReferencias: 19600 ns
2025-09-10 18:54:49 [main] INFO  tiempos - Duracion del proceso intercambiarReferencias: 58400 ns
2025-09-10 18:54:49 [main] INFO  tiempos - Duracion de encriptarFrase: 2351700 ns
2025-09-10 18:54:49 [main] INFO  tiempos - Duracion del proceso intercambiarReferencias: 60200 ns
2025-09-10 18:54:49 [main] INFO  tiempos - Duracion del proceso intercambiarReferencias: 16900 ns
2025-09-10 18:54:49 [main] INFO  tiempos - Duracion del proceso intercambiarReferencias: 16300 ns
2025-09-10 18:54:49 [main] INFO  tiempos - Duracion del proceso intercambiarReferencias: 16400 ns
2025-09-10 18:54:49 [main] INFO  tiempos - Duracion del proceso intercambiarReferencias: 31900 ns
2025-09-10 18:54:49 [main] INFO  tiempos - Duracion del proceso intercambiarReferencias: 15800 ns
2025-09-10 18:54:49 [main] INFO  tiempos - Duracion del proceso intercambiarReferencias: 31600 ns
2025-09-10 18:54:49 [main] INFO  tiempos - Duracion del proceso intercambiarReferencias: 64300 ns
2025-09-10 18:54:49 [main] INFO  tiempos - Duracion del proceso intercambiarReferencias: 18400 ns
2025-09-10 18:54:49 [main] INFO  tiempos - Duracion del proceso intercambiarReferencias: 16100 ns
2025-09-10 18:54:49 [main] INFO  tiempos - Duracion del proceso intercambiarReferencias: 16000 ns
2025-09-10 18:54:49 [main] INFO  tiempos - Duracion del proceso intercambiarReferencias: 31400 ns
2025-09-10 18:54:49 [main] INFO  tiempos - intercambiarReferencias duration: 0 ms
2025-09-10 18:54:49 [main] INFO  tiempos - Duracion del proceso intercambiarReferencias: 11800 ns
2025-09-10 18:54:49 [main] INFO  tiempos - Duracion del proceso intercambiarReferencias: 63000 ns
2025-09-10 18:54:49 [main] INFO  tiempos - Duracion del proceso intercambiarReferencias: 80400 ns
2025-09-10 18:54:49 [main] INFO  tiempos - Duracion del proceso intercambiarReferencias: 16800 ns
2025-09-10 18:54:49 [main] INFO  tiempos - Duracion del proceso intercambiarReferencias: 16000 ns
2025-09-10 18:54:49 [main] INFO  tiempos - Duracion del proceso intercambiarReferencias: 47000 ns
2025-09-10 18:54:49 [main] INFO  tiempos - Duracion de desencriptarFrase: 720600 ns
2025-09-10 18:54:49 [main] INFO  tiempos - Duracion del proceso intercambiarReferencias: 33100 ns
2025-09-10 18:54:49 [main] INFO  tiempos - Duracion del proceso intercambiarReferencias: 31400 ns
2025-09-10 18:54:49 [main] INFO  tiempos - Duracion del proceso intercambiarReferencias: 99700 ns
2025-09-10 18:54:49 [main] INFO  tiempos - Duracion del proceso intercambiarReferencias: 23200 ns
2025-09-10 18:54:49 [main] INFO  tiempos - Duracion del proceso intercambiarReferencias: 55100 ns
2025-09-10 18:54:49 [main] INFO  tiempos - Duracion del proceso intercambiarReferencias: 35400 ns
2025-09-10 18:54:49 [main] INFO  tiempos - Duracion del proceso intercambiarReferencias: 25100 ns
2025-09-10 18:54:49 [main] INFO  tiempos - Duracion del proceso intercambiarReferencias: 26100 ns
2025-09-10 18:54:49 [main] INFO  tiempos - Duracion del proceso intercambiarReferencias: 24300 ns
2025-09-10 18:54:49 [main] INFO  tiempos - Duracion del proceso intercambiarReferencias: 27300 ns
2025-09-10 18:54:49 [main] INFO  tiempos - Duracion del proceso intercambiarReferencias: 48100 ns
2025-09-10 18:54:49 [main] INFO  tiempos - Duracion del proceso intercambiarReferencias: 25600 ns
2025-09-10 18:54:49 [main] INFO  tiempos - Duracion del proceso intercambiarReferencias: 46700 ns
2025-09-10 18:54:49 [main] INFO  tiempos - Duracion de encriptarFrase: 2116000 ns
2025-09-10 18:54:49 [main] INFO  tiempos - Duracion del proceso intercambiarReferencias: 86000 ns
2025-09-10 18:54:49 [main] INFO  tiempos - Duracion del proceso intercambiarReferencias: 46900 ns
2025-09-10 18:54:49 [main] INFO  tiempos - Duracion del proceso intercambiarReferencias: 66200 ns
2025-09-10 18:54:49 [main] INFO  tiempos - Duracion del proceso intercambiarReferencias: 16500 ns
2025-09-10 18:54:49 [main] INFO  tiempos - Duracion del proceso intercambiarReferencias: 37700 ns
2025-09-10 18:54:49 [main] INFO  tiempos - Duracion del proceso intercambiarReferencias: 17000 ns
2025-09-10 18:54:49 [main] INFO  tiempos - Duracion del proceso intercambiarReferencias: 16100 ns
2025-09-10 18:54:49 [main] INFO  tiempos - Duracion del proceso intercambiarReferencias: 15900 ns
2025-09-10 18:54:49 [main] INFO  tiempos - Duracion del proceso intercambiarReferencias: 15800 ns
2025-09-10 18:54:49 [main] INFO  tiempos - Duracion del proceso intercambiarReferencias: 16200 ns
2025-09-10 18:54:49 [main] INFO  tiempos - Duracion del proceso intercambiarReferencias: 51100 ns
2025-09-10 18:54:49 [main] INFO  tiempos - Duracion del proceso intercambiarReferencias: 25100 ns
2025-09-10 18:54:49 [main] INFO  tiempos - Duracion del proceso intercambiarReferencias: 38500 ns
2025-09-10 18:54:49 [main] INFO  tiempos - Duracion de desencriptarFrase: 630900 ns
2025-09-10 18:54:49 [main] INFO  tiempos - Duracion del proceso intercambiarReferencias: 77500 ns
2025-09-10 18:54:49 [main] INFO  tiempos - Duracion del proceso intercambiarReferencias: 27700 ns
2025-09-10 18:54:49 [main] INFO  tiempos - Duracion del proceso intercambiarReferencias: 56300 ns
2025-09-10 18:54:49 [main] INFO  tiempos - Duracion del proceso intercambiarReferencias: 33200 ns
2025-09-10 18:54:49 [main] INFO  tiempos - Duracion del proceso intercambiarReferencias: 54000 ns
2025-09-10 18:54:49 [main] INFO  tiempos - Duracion del proceso intercambiarReferencias: 55500 ns
2025-09-10 18:54:49 [main] INFO  tiempos - Duracion del proceso intercambiarReferencias: 83200 ns
2025-09-10 18:54:49 [main] INFO  tiempos - Duracion del proceso intercambiarReferencias: 26700 ns
2025-09-10 18:54:49 [main] INFO  tiempos - Duracion del proceso intercambiarReferencias: 49900 ns
2025-09-10 18:54:49 [main] INFO  tiempos - Duracion del proceso intercambiarReferencias: 24700 ns
2025-09-10 18:54:49 [main] INFO  tiempos - Duracion del proceso intercambiarReferencias: 80300 ns
2025-09-10 18:54:49 [main] INFO  tiempos - Duracion del proceso intercambiarReferencias: 15300 ns
2025-09-10 18:54:49 [main] INFO  tiempos - Duracion del proceso intercambiarReferencias: 31400 ns
2025-09-10 18:54:49 [main] INFO  tiempos - Duracion del proceso intercambiarReferencias: 33800 ns
2025-09-10 18:54:49 [main] INFO  tiempos - Duracion del proceso intercambiarReferencias: 15400 ns
2025-09-10 18:54:49 [main] INFO  tiempos - Duracion del proceso intercambiarReferencias: 30900 ns
2025-09-10 18:54:49 [main] INFO  tiempos - Duracion de encriptarFrase: 2944200 ns
2025-09-10 18:54:49 [main] INFO  tiempos - Duracion del proceso intercambiarReferencias: 60700 ns
2025-09-10 18:54:49 [main] INFO  tiempos - Duracion del proceso intercambiarReferencias: 17300 ns
2025-09-10 18:54:49 [main] INFO  tiempos - Duracion del proceso intercambiarReferencias: 38400 ns
2025-09-10 18:54:49 [main] INFO  tiempos - Duracion del proceso intercambiarReferencias: 16300 ns
2025-09-10 18:54:49 [main] INFO  tiempos - Duracion del proceso intercambiarReferencias: 31600 ns
2025-09-10 18:54:49 [main] INFO  tiempos - Duracion del proceso intercambiarReferencias: 32000 ns
2025-09-10 18:54:49 [main] INFO  tiempos - Duracion del proceso intercambiarReferencias: 47000 ns
2025-09-10 18:54:49 [main] INFO  tiempos - Duracion del proceso intercambiarReferencias: 16000 ns
2025-09-10 18:54:49 [main] INFO  tiempos - Duracion del proceso intercambiarReferencias: 33200 ns
2025-09-10 18:54:49 [main] INFO  tiempos - Duracion del proceso intercambiarReferencias: 15900 ns
2025-09-10 18:54:49 [main] INFO  tiempos - Duracion del proceso intercambiarReferencias: 78000 ns
2025-09-10 18:54:49 [main] INFO  tiempos - Duracion del proceso intercambiarReferencias: 16000 ns
2025-09-10 18:54:49 [main] INFO  tiempos - Duracion del proceso intercambiarReferencias: 31600 ns
2025-09-10 18:54:49 [main] INFO  tiempos - Duracion del proceso intercambiarReferencias: 31800 ns
2025-09-10 18:54:49 [main] INFO  tiempos - Duracion del proceso intercambiarReferencias: 16500 ns
2025-09-10 18:54:49 [main] INFO  tiempos - Duracion del proceso intercambiarReferencias: 32700 ns
2025-09-10 18:54:49 [main] INFO  tiempos - Duracion de desencriptarFrase: 661500 ns
2025-09-10 18:54:49 [main] INFO  tiempos - intercambiarReferencias duration: 0 ms
2025-09-10 18:54:49 [main] INFO  tiempos - Duracion del proceso intercambiarReferencias: 16700 ns
2025-09-10 18:54:49 [main] INFO  tiempos - Duracion del proceso intercambiarReferencias: 40200 ns
2025-09-10 18:54:49 [main] INFO  tiempos - Duracion del proceso intercambiarReferencias: 22100 ns
2025-09-10 18:54:49 [main] INFO  tiempos - Duracion del proceso intercambiarReferencias: 38300 ns
2025-09-10 18:54:49 [main] INFO  tiempos - Duracion del proceso intercambiarReferencias: 38800 ns
2025-09-10 18:54:49 [main] INFO  tiempos - Duracion del proceso intercambiarReferencias: 19100 ns
2025-09-10 18:54:49 [main] INFO  tiempos - Duracion del proceso intercambiarReferencias: 38300 ns
2025-09-10 18:54:49 [main] INFO  tiempos - intercambiarReferencias duration: 0 ms
2025-09-10 18:54:49 [main] INFO  tiempos - Duracion del proceso intercambiarReferencias: 13500 ns
2025-09-10 18:54:49 [main] INFO  tiempos - Duracion del proceso intercambiarReferencias: 56600 ns
2025-09-10 18:54:49 [main] INFO  tiempos - intercambiarReferencias duration: 0 ms
2025-09-10 18:54:49 [main] INFO  tiempos - Duracion del proceso intercambiarReferencias: 11000 ns
2025-09-10 18:54:49 [main] INFO  tiempos - Duracion del proceso intercambiarReferencias: 31800 ns
2025-09-10 18:54:49 [main] INFO  tiempos - Duracion del proceso intercambiarReferencias: 16100 ns
2025-09-10 18:54:49 [main] INFO  tiempos - Duracion del proceso intercambiarReferencias: 31600 ns
2025-09-10 18:54:49 [main] INFO  tiempos - Duracion del proceso intercambiarReferencias: 62400 ns
2025-09-10 18:54:49 [main] INFO  tiempos - Duracion del proceso intercambiarReferencias: 15400 ns
2025-09-10 18:54:49 [main] INFO  tiempos - Duracion del proceso intercambiarReferencias: 63400 ns
2025-09-10 18:54:49 [main] INFO  tiempos - Duracion de encriptarFrase: 1843800 ns
2025-09-10 18:54:49 [main] INFO  tiempos - intercambiarReferencias duration: 0 ms
2025-09-10 18:54:49 [main] INFO  tiempos - Duracion del proceso intercambiarReferencias: 19700 ns
2025-09-10 18:54:49 [main] INFO  tiempos - Duracion del proceso intercambiarReferencias: 40100 ns
2025-09-10 18:54:49 [main] INFO  tiempos - Duracion del proceso intercambiarReferencias: 16500 ns
2025-09-10 18:54:49 [main] INFO  tiempos - Duracion del proceso intercambiarReferencias: 31000 ns
2025-09-10 18:54:49 [main] INFO  tiempos - Duracion del proceso intercambiarReferencias: 35400 ns
2025-09-10 18:54:49 [main] INFO  tiempos - Duracion del proceso intercambiarReferencias: 16500 ns
2025-09-10 18:54:49 [main] INFO  tiempos - Duracion del proceso intercambiarReferencias: 31500 ns
2025-09-10 18:54:49 [main] INFO  tiempos - intercambiarReferencias duration: 0 ms
2025-09-10 18:54:49 [main] INFO  tiempos - Duracion del proceso intercambiarReferencias: 11300 ns
2025-09-10 18:54:49 [main] INFO  tiempos - Duracion del proceso intercambiarReferencias: 46700 ns
2025-09-10 18:54:49 [main] INFO  tiempos - intercambiarReferencias duration: 0 ms
2025-09-10 18:54:49 [main] INFO  tiempos - Duracion del proceso intercambiarReferencias: 10800 ns
2025-09-10 18:54:49 [main] INFO  tiempos - Duracion del proceso intercambiarReferencias: 31500 ns
2025-09-10 18:54:49 [main] INFO  tiempos - Duracion del proceso intercambiarReferencias: 15800 ns
2025-09-10 18:54:49 [main] INFO  tiempos - Duracion del proceso intercambiarReferencias: 31100 ns
2025-09-10 18:54:49 [main] INFO  tiempos - Duracion del proceso intercambiarReferencias: 122400 ns
2025-09-10 18:54:49 [main] INFO  tiempos - Duracion del proceso intercambiarReferencias: 16000 ns
2025-09-10 18:54:49 [main] INFO  tiempos - Duracion del proceso intercambiarReferencias: 62600 ns
2025-09-10 18:54:49 [main] INFO  tiempos - Duracion de desencriptarFrase: 683000 ns
2025-09-10 18:54:49 [main] INFO  tiempos - Duracion del proceso intercambiarReferencias: 52900 ns
2025-09-10 18:54:49 [main] INFO  tiempos - Duracion del proceso intercambiarReferencias: 49200 ns
2025-09-10 18:54:49 [main] INFO  tiempos - Duracion del proceso intercambiarReferencias: 42300 ns
2025-09-10 18:54:49 [main] INFO  tiempos - Duracion del proceso intercambiarReferencias: 100900 ns
2025-09-10 18:54:49 [main] INFO  tiempos - Duracion del proceso intercambiarReferencias: 19100 ns
2025-09-10 18:54:49 [main] INFO  tiempos - intercambiarReferencias duration: 0 ms
2025-09-10 18:54:49 [main] INFO  tiempos - Duracion del proceso intercambiarReferencias: 11600 ns
2025-09-10 18:54:49 [main] INFO  tiempos - Duracion del proceso intercambiarReferencias: 46100 ns
2025-09-10 18:54:49 [main] INFO  tiempos - Duracion del proceso intercambiarReferencias: 65500 ns
2025-09-10 18:54:49 [main] INFO  tiempos - Duracion del proceso intercambiarReferencias: 32300 ns
2025-09-10 18:54:49 [main] INFO  tiempos - Duracion del proceso intercambiarReferencias: 30500 ns
2025-09-10 18:54:49 [main] INFO  tiempos - Duracion del proceso intercambiarReferencias: 15300 ns
2025-09-10 18:54:49 [main] INFO  tiempos - Duracion del proceso intercambiarReferencias: 15600 ns
2025-09-10 18:54:49 [main] INFO  tiempos - Duracion del proceso intercambiarReferencias: 45700 ns
2025-09-10 18:54:49 [main] INFO  tiempos - Duracion del proceso intercambiarReferencias: 73900 ns
2025-09-10 18:54:49 [main] INFO  tiempos - Duracion de encriptarFrase: 2241600 ns
2025-09-10 18:54:49 [main] INFO  tiempos - Duracion del proceso intercambiarReferencias: 43800 ns
2025-09-10 18:54:49 [main] INFO  tiempos - Duracion del proceso intercambiarReferencias: 37400 ns
2025-09-10 18:54:49 [main] INFO  tiempos - Duracion del proceso intercambiarReferencias: 34700 ns
2025-09-10 18:54:49 [main] INFO  tiempos - Duracion del proceso intercambiarReferencias: 64500 ns
2025-09-10 18:54:49 [main] INFO  tiempos - Duracion del proceso intercambiarReferencias: 15700 ns
2025-09-10 18:54:49 [main] INFO  tiempos - intercambiarReferencias duration: 0 ms
2025-09-10 18:54:49 [main] INFO  tiempos - Duracion del proceso intercambiarReferencias: 11400 ns
2025-09-10 18:54:49 [main] INFO  tiempos - Duracion del proceso intercambiarReferencias: 46300 ns
2025-09-10 18:54:49 [main] INFO  tiempos - Duracion del proceso intercambiarReferencias: 123900 ns
2025-09-10 18:54:49 [main] INFO  tiempos - Duracion del proceso intercambiarReferencias: 32100 ns
2025-09-10 18:54:49 [main] INFO  tiempos - Duracion del proceso intercambiarReferencias: 30300 ns
2025-09-10 18:54:49 [main] INFO  tiempos - Duracion del proceso intercambiarReferencias: 15300 ns
2025-09-10 18:54:49 [main] INFO  tiempos - Duracion del proceso intercambiarReferencias: 15000 ns
2025-09-10 18:54:49 [main] INFO  tiempos - Duracion del proceso intercambiarReferencias: 45000 ns
2025-09-10 18:54:49 [main] INFO  tiempos - Duracion del proceso intercambiarReferencias: 60600 ns
2025-09-10 18:54:49 [main] INFO  tiempos - Duracion de desencriptarFrase: 713200 ns
2025-09-10 18:54:49 [main] INFO  tiempos - Duracion del proceso intercambiarReferencias: 26000 ns
2025-09-10 18:54:49 [main] INFO  tiempos - Duracion del proceso intercambiarReferencias: 31900 ns
2025-09-10 18:54:49 [main] INFO  tiempos - Duracion del proceso intercambiarReferencias: 49900 ns
2025-09-10 18:54:49 [main] INFO  tiempos - Duracion del proceso intercambiarReferencias: 51500 ns
2025-09-10 18:54:49 [main] INFO  tiempos - Duracion del proceso intercambiarReferencias: 31200 ns
2025-09-10 18:54:49 [main] INFO  tiempos - Duracion del proceso intercambiarReferencias: 110600 ns
2025-09-10 18:54:49 [main] INFO  tiempos - Duracion del proceso intercambiarReferencias: 78400 ns
2025-09-10 18:54:49 [main] INFO  tiempos - Duracion del proceso intercambiarReferencias: 23900 ns
2025-09-10 18:54:49 [main] INFO  tiempos - Duracion del proceso intercambiarReferencias: 37300 ns
2025-09-10 18:54:49 [main] INFO  tiempos - Duracion del proceso intercambiarReferencias: 24500 ns
2025-09-10 18:54:49 [main] INFO  tiempos - intercambiarReferencias duration: 0 ms
2025-09-10 18:54:49 [main] INFO  tiempos - Duracion del proceso intercambiarReferencias: 16600 ns
2025-09-10 18:54:49 [main] INFO  tiempos - Duracion del proceso intercambiarReferencias: 45800 ns
2025-09-10 18:54:49 [main] INFO  tiempos - Duracion del proceso intercambiarReferencias: 25900 ns
2025-09-10 18:54:49 [main] INFO  tiempos - Duracion del proceso intercambiarReferencias: 99400 ns
2025-09-10 18:54:49 [main] INFO  tiempos - Duracion del proceso intercambiarReferencias: 86800 ns
2025-09-10 18:54:49 [main] INFO  tiempos - Duracion de encriptarFrase: 2866000 ns
2025-09-10 18:54:49 [main] INFO  tiempos - Duracion del proceso intercambiarReferencias: 32500 ns
2025-09-10 18:54:49 [main] INFO  tiempos - Duracion del proceso intercambiarReferencias: 109000 ns
2025-09-10 18:54:49 [main] INFO  tiempos - Duracion del proceso intercambiarReferencias: 57000 ns
2025-09-10 18:54:49 [main] INFO  tiempos - Duracion del proceso intercambiarReferencias: 50400 ns
2025-09-10 18:54:49 [main] INFO  tiempos - Duracion del proceso intercambiarReferencias: 25100 ns
2025-09-10 18:54:49 [main] INFO  tiempos - Duracion del proceso intercambiarReferencias: 99100 ns
2025-09-10 18:54:49 [main] INFO  tiempos - Duracion del proceso intercambiarReferencias: 74800 ns
2025-09-10 18:54:49 [main] INFO  tiempos - Duracion del proceso intercambiarReferencias: 24400 ns
2025-09-10 18:54:49 [main] INFO  tiempos - Duracion del proceso intercambiarReferencias: 28200 ns
2025-09-10 18:54:49 [main] INFO  tiempos - Duracion del proceso intercambiarReferencias: 24400 ns
2025-09-10 18:54:49 [main] INFO  tiempos - intercambiarReferencias duration: 0 ms
2025-09-10 18:54:49 [main] INFO  tiempos - Duracion del proceso intercambiarReferencias: 17900 ns
2025-09-10 18:54:49 [main] INFO  tiempos - Duracion del proceso intercambiarReferencias: 48100 ns
2025-09-10 18:54:49 [main] INFO  tiempos - Duracion del proceso intercambiarReferencias: 25200 ns
2025-09-10 18:54:49 [main] INFO  tiempos - Duracion del proceso intercambiarReferencias: 72400 ns
2025-09-10 18:54:49 [main] INFO  tiempos - Duracion del proceso intercambiarReferencias: 76300 ns
2025-09-10 18:54:49 [main] INFO  tiempos - Duracion de desencriptarFrase: 965200 ns
2025-09-10 18:54:49 [main] INFO  tiempos - Duracion del proceso Main: 3514 ms
2025-09-10 19:07:16 [main] INFO  tiempos - Duracion del proceso intercambiarReferencias: 182600 ns
2025-09-10 19:07:16 [main] INFO  tiempos - Duracion del proceso intercambiarReferencias: 277300 ns
2025-09-10 19:07:16 [main] INFO  tiempos - Duracion del proceso intercambiarReferencias: 236400 ns
2025-09-10 19:07:16 [main] INFO  tiempos - Duracion del proceso intercambiarReferencias: 131000 ns
2025-09-10 19:07:16 [main] INFO  tiempos - Duracion del proceso intercambiarReferencias: 115300 ns
2025-09-10 19:07:16 [main] INFO  tiempos - Duracion del proceso intercambiarReferencias: 205700 ns
2025-09-10 19:07:16 [main] INFO  tiempos - Duracion del proceso intercambiarReferencias: 118900 ns
2025-09-10 19:07:16 [main] INFO  tiempos - Duracion del proceso intercambiarReferencias: 106400 ns
2025-09-10 19:07:16 [main] INFO  tiempos - Duracion del proceso intercambiarReferencias: 97100 ns
2025-09-10 19:07:16 [main] INFO  tiempos - Duracion del proceso intercambiarReferencias: 115300 ns
2025-09-10 19:07:16 [main] INFO  tiempos - Duracion de encriptarFrase: 7178400 ns
2025-09-10 19:07:16 [main] INFO  tiempos - Duracion del proceso intercambiarReferencias: 110700 ns
2025-09-10 19:07:16 [main] INFO  tiempos - Duracion del proceso intercambiarReferencias: 218500 ns
2025-09-10 19:07:16 [main] INFO  tiempos - Duracion del proceso intercambiarReferencias: 218800 ns
2025-09-10 19:07:16 [main] INFO  tiempos - Duracion del proceso intercambiarReferencias: 115700 ns
2025-09-10 19:07:16 [main] INFO  tiempos - Duracion del proceso intercambiarReferencias: 123800 ns
2025-09-10 19:07:16 [main] INFO  tiempos - Duracion del proceso intercambiarReferencias: 94800 ns
2025-09-10 19:07:16 [main] INFO  tiempos - Duracion del proceso intercambiarReferencias: 92000 ns
2025-09-10 19:07:16 [main] INFO  tiempos - Duracion del proceso intercambiarReferencias: 106400 ns
2025-09-10 19:07:16 [main] INFO  tiempos - Duracion del proceso intercambiarReferencias: 132500 ns
2025-09-10 19:07:16 [main] INFO  tiempos - Duracion del proceso intercambiarReferencias: 112900 ns
2025-09-10 19:07:16 [main] INFO  tiempos - Duracion de desencriptarFrase: 1904300 ns
2025-09-10 19:07:16 [main] INFO  tiempos - Duracion del proceso intercambiarReferencias: 167400 ns
2025-09-10 19:07:16 [main] INFO  tiempos - Duracion del proceso intercambiarReferencias: 113900 ns
2025-09-10 19:07:16 [main] INFO  tiempos - Duracion del proceso intercambiarReferencias: 236700 ns
2025-09-10 19:07:16 [main] INFO  tiempos - Duracion del proceso intercambiarReferencias: 79000 ns
2025-09-10 19:07:16 [main] INFO  tiempos - Duracion del proceso intercambiarReferencias: 393200 ns
2025-09-10 19:07:16 [main] INFO  tiempos - Duracion del proceso intercambiarReferencias: 160800 ns
2025-09-10 19:07:16 [main] INFO  tiempos - Duracion del proceso intercambiarReferencias: 80500 ns
2025-09-10 19:07:16 [main] INFO  tiempos - Duracion del proceso intercambiarReferencias: 193700 ns
2025-09-10 19:07:16 [main] INFO  tiempos - Duracion del proceso intercambiarReferencias: 70500 ns
2025-09-10 19:07:16 [main] INFO  tiempos - Duracion del proceso intercambiarReferencias: 166400 ns
2025-09-10 19:07:16 [main] INFO  tiempos - Duracion de encriptarFrase: 6161000 ns
2025-09-10 19:07:16 [main] INFO  tiempos - Duracion del proceso intercambiarReferencias: 187100 ns
2025-09-10 19:07:16 [main] INFO  tiempos - Duracion del proceso intercambiarReferencias: 72300 ns
2025-09-10 19:07:16 [main] INFO  tiempos - Duracion del proceso intercambiarReferencias: 140100 ns
2025-09-10 19:07:16 [main] INFO  tiempos - Duracion del proceso intercambiarReferencias: 69200 ns
2025-09-10 19:07:16 [main] INFO  tiempos - Duracion del proceso intercambiarReferencias: 294300 ns
2025-09-10 19:07:16 [main] INFO  tiempos - Duracion del proceso intercambiarReferencias: 160800 ns
2025-09-10 19:07:16 [main] INFO  tiempos - Duracion del proceso intercambiarReferencias: 77700 ns
2025-09-10 19:07:16 [main] INFO  tiempos - Duracion del proceso intercambiarReferencias: 148900 ns
2025-09-10 19:07:16 [main] INFO  tiempos - Duracion del proceso intercambiarReferencias: 69000 ns
2025-09-10 19:07:16 [main] INFO  tiempos - Duracion del proceso intercambiarReferencias: 133600 ns
2025-09-10 19:07:16 [main] INFO  tiempos - Duracion de desencriptarFrase: 1750000 ns
2025-09-10 19:07:16 [main] INFO  tiempos - Duracion del proceso intercambiarReferencias: 79400 ns
2025-09-10 19:07:16 [main] INFO  tiempos - Duracion del proceso intercambiarReferencias: 134900 ns
2025-09-10 19:07:16 [main] INFO  tiempos - Duracion del proceso intercambiarReferencias: 61600 ns
2025-09-10 19:07:16 [main] INFO  tiempos - Duracion del proceso intercambiarReferencias: 152600 ns
2025-09-10 19:07:16 [main] INFO  tiempos - Duracion del proceso intercambiarReferencias: 64800 ns
2025-09-10 19:07:16 [main] INFO  tiempos - Duracion del proceso intercambiarReferencias: 141600 ns
2025-09-10 19:07:16 [main] INFO  tiempos - Duracion del proceso intercambiarReferencias: 118200 ns
2025-09-10 19:07:16 [main] INFO  tiempos - Duracion del proceso intercambiarReferencias: 67300 ns
2025-09-10 19:07:16 [main] INFO  tiempos - Duracion del proceso intercambiarReferencias: 83600 ns
2025-09-10 19:07:16 [main] INFO  tiempos - Duracion del proceso intercambiarReferencias: 149200 ns
2025-09-10 19:07:16 [main] INFO  tiempos - intercambiarReferencias duration: 0 ms
2025-09-10 19:07:16 [main] INFO  tiempos - Duracion del proceso intercambiarReferencias: 50400 ns
2025-09-10 19:07:16 [main] INFO  tiempos - Duracion del proceso intercambiarReferencias: 122500 ns
2025-09-10 19:07:16 [main] INFO  tiempos - Duracion del proceso intercambiarReferencias: 167500 ns
2025-09-10 19:07:16 [main] INFO  tiempos - Duracion del proceso intercambiarReferencias: 69400 ns
2025-09-10 19:07:16 [main] INFO  tiempos - Duracion del proceso intercambiarReferencias: 421800 ns
2025-09-10 19:07:16 [main] INFO  tiempos - Duracion del proceso intercambiarReferencias: 186600 ns
2025-09-10 19:07:16 [main] INFO  tiempos - Duracion de encriptarFrase: 7741600 ns
2025-09-10 19:07:16 [main] INFO  tiempos - Duracion del proceso intercambiarReferencias: 79600 ns
2025-09-10 19:07:16 [main] INFO  tiempos - Duracion del proceso intercambiarReferencias: 111600 ns
2025-09-10 19:07:16 [main] INFO  tiempos - Duracion del proceso intercambiarReferencias: 54500 ns
2025-09-10 19:07:16 [main] INFO  tiempos - Duracion del proceso intercambiarReferencias: 163400 ns
2025-09-10 19:07:16 [main] INFO  tiempos - Duracion del proceso intercambiarReferencias: 54100 ns
2025-09-10 19:07:16 [main] INFO  tiempos - Duracion del proceso intercambiarReferencias: 104000 ns
2025-09-10 19:07:16 [main] INFO  tiempos - Duracion del proceso intercambiarReferencias: 102500 ns
2025-09-10 19:07:16 [main] INFO  tiempos - Duracion del proceso intercambiarReferencias: 50700 ns
2025-09-10 19:07:16 [main] INFO  tiempos - Duracion del proceso intercambiarReferencias: 96400 ns
2025-09-10 19:07:16 [main] INFO  tiempos - Duracion del proceso intercambiarReferencias: 130800 ns
2025-09-10 19:07:16 [main] INFO  tiempos - intercambiarReferencias duration: 0 ms
2025-09-10 19:07:16 [main] INFO  tiempos - Duracion del proceso intercambiarReferencias: 37500 ns
2025-09-10 19:07:16 [main] INFO  tiempos - Duracion del proceso intercambiarReferencias: 49400 ns
2025-09-10 19:07:16 [main] INFO  tiempos - Duracion del proceso intercambiarReferencias: 150600 ns
2025-09-10 19:07:16 [main] INFO  tiempos - Duracion del proceso intercambiarReferencias: 90800 ns
2025-09-10 19:07:16 [main] INFO  tiempos - Duracion del proceso intercambiarReferencias: 225200 ns
2025-09-10 19:07:16 [main] INFO  tiempos - Duracion del proceso intercambiarReferencias: 191300 ns
2025-09-10 19:07:16 [main] INFO  tiempos - Duracion de desencriptarFrase: 2138000 ns
2025-09-10 19:07:16 [main] INFO  tiempos - Duracion del proceso intercambiarReferencias: 54300 ns
2025-09-10 19:07:16 [main] INFO  tiempos - Duracion del proceso intercambiarReferencias: 93900 ns
2025-09-10 19:07:16 [main] INFO  tiempos - Duracion del proceso intercambiarReferencias: 56100 ns
2025-09-10 19:07:16 [main] INFO  tiempos - Duracion del proceso intercambiarReferencias: 42700 ns
2025-09-10 19:07:16 [main] INFO  tiempos - Duracion del proceso intercambiarReferencias: 78200 ns
2025-09-10 19:07:16 [main] INFO  tiempos - Duracion del proceso intercambiarReferencias: 81800 ns
2025-09-10 19:07:16 [main] INFO  tiempos - Duracion del proceso intercambiarReferencias: 40500 ns
2025-09-10 19:07:16 [main] INFO  tiempos - Duracion del proceso intercambiarReferencias: 41500 ns
2025-09-10 19:07:16 [main] INFO  tiempos - Duracion del proceso intercambiarReferencias: 39600 ns
2025-09-10 19:07:16 [main] INFO  tiempos - Duracion del proceso intercambiarReferencias: 77600 ns
2025-09-10 19:07:16 [main] INFO  tiempos - Duracion del proceso intercambiarReferencias: 79100 ns
2025-09-10 19:07:16 [main] INFO  tiempos - Duracion del proceso intercambiarReferencias: 81400 ns
2025-09-10 19:07:16 [main] INFO  tiempos - Duracion de encriptarFrase: 3199800 ns
2025-09-10 19:07:16 [main] INFO  tiempos - Duracion del proceso intercambiarReferencias: 98700 ns
2025-09-10 19:07:16 [main] INFO  tiempos - Duracion del proceso intercambiarReferencias: 85600 ns
2025-09-10 19:07:16 [main] INFO  tiempos - Duracion del proceso intercambiarReferencias: 43200 ns
2025-09-10 19:07:16 [main] INFO  tiempos - Duracion del proceso intercambiarReferencias: 47500 ns
2025-09-10 19:07:16 [main] INFO  tiempos - Duracion del proceso intercambiarReferencias: 76500 ns
2025-09-10 19:07:16 [main] INFO  tiempos - Duracion del proceso intercambiarReferencias: 76800 ns
2025-09-10 19:07:16 [main] INFO  tiempos - Duracion del proceso intercambiarReferencias: 42000 ns
2025-09-10 19:07:16 [main] INFO  tiempos - Duracion del proceso intercambiarReferencias: 45400 ns
2025-09-10 19:07:16 [main] INFO  tiempos - Duracion del proceso intercambiarReferencias: 41300 ns
2025-09-10 19:07:16 [main] INFO  tiempos - Duracion del proceso intercambiarReferencias: 82100 ns
2025-09-10 19:07:16 [main] INFO  tiempos - Duracion del proceso intercambiarReferencias: 96100 ns
2025-09-10 19:07:16 [main] INFO  tiempos - Duracion del proceso intercambiarReferencias: 74500 ns
2025-09-10 19:07:16 [main] INFO  tiempos - Duracion de desencriptarFrase: 1116500 ns
2025-09-10 19:07:16 [main] INFO  tiempos - Duracion del proceso intercambiarReferencias: 112900 ns
2025-09-10 19:07:16 [main] INFO  tiempos - Duracion del proceso intercambiarReferencias: 155100 ns
2025-09-10 19:07:16 [main] INFO  tiempos - Duracion del proceso intercambiarReferencias: 145200 ns
2025-09-10 19:07:16 [main] INFO  tiempos - Duracion del proceso intercambiarReferencias: 35000 ns
2025-09-10 19:07:16 [main] INFO  tiempos - Duracion del proceso intercambiarReferencias: 69200 ns
2025-09-10 19:07:16 [main] INFO  tiempos - Duracion del proceso intercambiarReferencias: 121000 ns
2025-09-10 19:07:16 [main] INFO  tiempos - Duracion del proceso intercambiarReferencias: 32200 ns
2025-09-10 19:07:16 [main] INFO  tiempos - Duracion del proceso intercambiarReferencias: 117900 ns
2025-09-10 19:07:16 [main] INFO  tiempos - Duracion del proceso intercambiarReferencias: 33300 ns
2025-09-10 19:07:16 [main] INFO  tiempos - Duracion del proceso intercambiarReferencias: 62700 ns
2025-09-10 19:07:16 [main] INFO  tiempos - Duracion del proceso intercambiarReferencias: 36200 ns
2025-09-10 19:07:16 [main] INFO  tiempos - Duracion del proceso intercambiarReferencias: 298100 ns
2025-09-10 19:07:16 [main] INFO  tiempos - Duracion del proceso intercambiarReferencias: 32200 ns
2025-09-10 19:07:16 [main] INFO  tiempos - Duracion del proceso intercambiarReferencias: 80100 ns
2025-09-10 19:07:16 [main] INFO  tiempos - Duracion del proceso intercambiarReferencias: 113100 ns
2025-09-10 19:07:16 [main] INFO  tiempos - Duracion de encriptarFrase: 4966300 ns
2025-09-10 19:07:16 [main] INFO  tiempos - Duracion del proceso intercambiarReferencias: 146000 ns
2025-09-10 19:07:16 [main] INFO  tiempos - Duracion del proceso intercambiarReferencias: 106800 ns
2025-09-10 19:07:16 [main] INFO  tiempos - Duracion del proceso intercambiarReferencias: 104200 ns
2025-09-10 19:07:16 [main] INFO  tiempos - Duracion del proceso intercambiarReferencias: 26900 ns
2025-09-10 19:07:16 [main] INFO  tiempos - Duracion del proceso intercambiarReferencias: 99000 ns
2025-09-10 19:07:16 [main] INFO  tiempos - Duracion del proceso intercambiarReferencias: 80800 ns
2025-09-10 19:07:16 [main] INFO  tiempos - Duracion del proceso intercambiarReferencias: 27200 ns
2025-09-10 19:07:16 [main] INFO  tiempos - Duracion del proceso intercambiarReferencias: 128100 ns
2025-09-10 19:07:16 [main] INFO  tiempos - Duracion del proceso intercambiarReferencias: 27600 ns
2025-09-10 19:07:16 [main] INFO  tiempos - Duracion del proceso intercambiarReferencias: 54500 ns
2025-09-10 19:07:16 [main] INFO  tiempos - Duracion del proceso intercambiarReferencias: 26500 ns
2025-09-10 19:07:16 [main] INFO  tiempos - Duracion del proceso intercambiarReferencias: 104400 ns
2025-09-10 19:07:16 [main] INFO  tiempos - Duracion del proceso intercambiarReferencias: 22200 ns
2025-09-10 19:07:16 [main] INFO  tiempos - Duracion del proceso intercambiarReferencias: 59600 ns
2025-09-10 19:07:16 [main] INFO  tiempos - Duracion del proceso intercambiarReferencias: 84400 ns
2025-09-10 19:07:16 [main] INFO  tiempos - Duracion de desencriptarFrase: 1449600 ns
2025-09-10 19:07:16 [main] INFO  tiempos - Duracion del proceso intercambiarReferencias: 28300 ns
2025-09-10 19:07:16 [main] INFO  tiempos - Duracion del proceso intercambiarReferencias: 53000 ns
2025-09-10 19:07:16 [main] INFO  tiempos - Duracion del proceso intercambiarReferencias: 93700 ns
2025-09-10 19:07:16 [main] INFO  tiempos - Duracion del proceso intercambiarReferencias: 31800 ns
2025-09-10 19:07:16 [main] INFO  tiempos - Duracion del proceso intercambiarReferencias: 43100 ns
2025-09-10 19:07:16 [main] INFO  tiempos - Duracion del proceso intercambiarReferencias: 24800 ns
2025-09-10 19:07:16 [main] INFO  tiempos - Duracion del proceso intercambiarReferencias: 63000 ns
2025-09-10 19:07:16 [main] INFO  tiempos - Duracion del proceso intercambiarReferencias: 22200 ns
2025-09-10 19:07:16 [main] INFO  tiempos - Duracion del proceso intercambiarReferencias: 41500 ns
2025-09-10 19:07:16 [main] INFO  tiempos - Duracion del proceso intercambiarReferencias: 21400 ns
2025-09-10 19:07:16 [main] INFO  tiempos - Duracion del proceso intercambiarReferencias: 47900 ns
2025-09-10 19:07:16 [main] INFO  tiempos - Duracion del proceso intercambiarReferencias: 65700 ns
2025-09-10 19:07:16 [main] INFO  tiempos - Duracion del proceso intercambiarReferencias: 82600 ns
2025-09-10 19:07:16 [main] INFO  tiempos - Duracion del proceso intercambiarReferencias: 22800 ns
2025-09-10 19:07:16 [main] INFO  tiempos - Duracion del proceso intercambiarReferencias: 60600 ns
2025-09-10 19:07:16 [main] INFO  tiempos - Duracion del proceso intercambiarReferencias: 21400 ns
2025-09-10 19:07:16 [main] INFO  tiempos - Duracion del proceso intercambiarReferencias: 38700 ns
2025-09-10 19:07:16 [main] INFO  tiempos - Duracion del proceso intercambiarReferencias: 21900 ns
2025-09-10 19:07:16 [main] INFO  tiempos - Duracion del proceso intercambiarReferencias: 43700 ns
2025-09-10 19:07:16 [main] INFO  tiempos - Duracion del proceso intercambiarReferencias: 80100 ns
2025-09-10 19:07:16 [main] INFO  tiempos - Duracion de encriptarFrase: 3319200 ns
2025-09-10 19:07:16 [main] INFO  tiempos - Duracion del proceso intercambiarReferencias: 36100 ns
2025-09-10 19:07:16 [main] INFO  tiempos - Duracion del proceso intercambiarReferencias: 63800 ns
2025-09-10 19:07:16 [main] INFO  tiempos - Duracion del proceso intercambiarReferencias: 83100 ns
2025-09-10 19:07:16 [main] INFO  tiempos - Duracion del proceso intercambiarReferencias: 24500 ns
2025-09-10 19:07:16 [main] INFO  tiempos - Duracion del proceso intercambiarReferencias: 43100 ns
2025-09-10 19:07:16 [main] INFO  tiempos - Duracion del proceso intercambiarReferencias: 22000 ns
2025-09-10 19:07:16 [main] INFO  tiempos - Duracion del proceso intercambiarReferencias: 62700 ns
2025-09-10 19:07:16 [main] INFO  tiempos - Duracion del proceso intercambiarReferencias: 23800 ns
2025-09-10 19:07:16 [main] INFO  tiempos - Duracion del proceso intercambiarReferencias: 41300 ns
2025-09-10 19:07:16 [main] INFO  tiempos - Duracion del proceso intercambiarReferencias: 21800 ns
2025-09-10 19:07:16 [main] INFO  tiempos - Duracion del proceso intercambiarReferencias: 40500 ns
2025-09-10 19:07:16 [main] INFO  tiempos - Duracion del proceso intercambiarReferencias: 60400 ns
2025-09-10 19:07:16 [main] INFO  tiempos - Duracion del proceso intercambiarReferencias: 80400 ns
2025-09-10 19:07:16 [main] INFO  tiempos - Duracion del proceso intercambiarReferencias: 21800 ns
2025-09-10 19:07:16 [main] INFO  tiempos - Duracion del proceso intercambiarReferencias: 63500 ns
2025-09-10 19:07:16 [main] INFO  tiempos - Duracion del proceso intercambiarReferencias: 21600 ns
2025-09-10 19:07:16 [main] INFO  tiempos - Duracion del proceso intercambiarReferencias: 21400 ns
2025-09-10 19:07:16 [main] INFO  tiempos - Duracion del proceso intercambiarReferencias: 21500 ns
2025-09-10 19:07:16 [main] INFO  tiempos - Duracion del proceso intercambiarReferencias: 41800 ns
2025-09-10 19:07:16 [main] INFO  tiempos - Duracion del proceso intercambiarReferencias: 80000 ns
2025-09-10 19:07:16 [main] INFO  tiempos - Duracion de desencriptarFrase: 1120900 ns
2025-09-10 19:07:16 [main] INFO  tiempos - Duracion del proceso intercambiarReferencias: 52600 ns
2025-09-10 19:07:16 [main] INFO  tiempos - Duracion del proceso intercambiarReferencias: 102500 ns
2025-09-10 19:07:16 [main] INFO  tiempos - Duracion del proceso intercambiarReferencias: 63000 ns
2025-09-10 19:07:16 [main] INFO  tiempos - Duracion del proceso intercambiarReferencias: 34300 ns
2025-09-10 19:07:16 [main] INFO  tiempos - Duracion del proceso intercambiarReferencias: 42200 ns
2025-09-10 19:07:16 [main] INFO  tiempos - Duracion del proceso intercambiarReferencias: 174400 ns
2025-09-10 19:07:16 [main] INFO  tiempos - Duracion de encriptarFrase: 1738100 ns
2025-09-10 19:07:16 [main] INFO  tiempos - Duracion del proceso intercambiarReferencias: 61100 ns
2025-09-10 19:07:16 [main] INFO  tiempos - Duracion del proceso intercambiarReferencias: 94400 ns
2025-09-10 19:07:16 [main] INFO  tiempos - Duracion del proceso intercambiarReferencias: 41400 ns
2025-09-10 19:07:16 [main] INFO  tiempos - Duracion del proceso intercambiarReferencias: 21500 ns
2025-09-10 19:07:16 [main] INFO  tiempos - Duracion del proceso intercambiarReferencias: 40100 ns
2025-09-10 19:07:16 [main] INFO  tiempos - Duracion del proceso intercambiarReferencias: 157500 ns
2025-09-10 19:07:16 [main] INFO  tiempos - Duracion de desencriptarFrase: 531900 ns
2025-09-10 19:07:16 [main] INFO  tiempos - Duracion del proceso intercambiarReferencias: 66100 ns
2025-09-10 19:07:16 [main] INFO  tiempos - Duracion del proceso intercambiarReferencias: 26400 ns
2025-09-10 19:07:16 [main] INFO  tiempos - Duracion del proceso intercambiarReferencias: 55200 ns
2025-09-10 19:07:16 [main] INFO  tiempos - Duracion del proceso intercambiarReferencias: 40600 ns
2025-09-10 19:07:16 [main] INFO  tiempos - Duracion del proceso intercambiarReferencias: 21000 ns
2025-09-10 19:07:16 [main] INFO  tiempos - Duracion del proceso intercambiarReferencias: 40700 ns
2025-09-10 19:07:16 [main] INFO  tiempos - Duracion del proceso intercambiarReferencias: 40700 ns
2025-09-10 19:07:16 [main] INFO  tiempos - Duracion del proceso intercambiarReferencias: 20600 ns
2025-09-10 19:07:16 [main] INFO  tiempos - Duracion del proceso intercambiarReferencias: 42100 ns
2025-09-10 19:07:16 [main] INFO  tiempos - Duracion del proceso intercambiarReferencias: 81400 ns
2025-09-10 19:07:16 [main] INFO  tiempos - Duracion de encriptarFrase: 1521500 ns
2025-09-10 19:07:16 [main] INFO  tiempos - Duracion del proceso intercambiarReferencias: 52500 ns
2025-09-10 19:07:16 [main] INFO  tiempos - Duracion del proceso intercambiarReferencias: 23800 ns
2025-09-10 19:07:16 [main] INFO  tiempos - Duracion del proceso intercambiarReferencias: 23200 ns
2025-09-10 19:07:16 [main] INFO  tiempos - Duracion del proceso intercambiarReferencias: 41800 ns
2025-09-10 19:07:16 [main] INFO  tiempos - Duracion del proceso intercambiarReferencias: 21400 ns
2025-09-10 19:07:16 [main] INFO  tiempos - Duracion del proceso intercambiarReferencias: 40800 ns
2025-09-10 19:07:16 [main] INFO  tiempos - Duracion del proceso intercambiarReferencias: 46800 ns
2025-09-10 19:07:16 [main] INFO  tiempos - Duracion del proceso intercambiarReferencias: 22200 ns
2025-09-10 19:07:16 [main] INFO  tiempos - Duracion del proceso intercambiarReferencias: 43600 ns
2025-09-10 19:07:16 [main] INFO  tiempos - Duracion del proceso intercambiarReferencias: 79100 ns
2025-09-10 19:07:16 [main] INFO  tiempos - Duracion de desencriptarFrase: 546900 ns
2025-09-10 19:07:16 [main] INFO  tiempos - Duracion del proceso intercambiarReferencias: 48800 ns
2025-09-10 19:07:16 [main] INFO  tiempos - Duracion del proceso intercambiarReferencias: 41800 ns
2025-09-10 19:07:16 [main] INFO  tiempos - Duracion del proceso intercambiarReferencias: 41300 ns
2025-09-10 19:07:16 [main] INFO  tiempos - Duracion del proceso intercambiarReferencias: 62300 ns
2025-09-10 19:07:16 [main] INFO  tiempos - Duracion del proceso intercambiarReferencias: 21600 ns
2025-09-10 19:07:16 [main] INFO  tiempos - Duracion del proceso intercambiarReferencias: 21700 ns
2025-09-10 19:07:16 [main] INFO  tiempos - Duracion del proceso intercambiarReferencias: 25300 ns
2025-09-10 19:07:16 [main] INFO  tiempos - Duracion del proceso intercambiarReferencias: 82700 ns
2025-09-10 19:07:16 [main] INFO  tiempos - Duracion del proceso intercambiarReferencias: 40400 ns
2025-09-10 19:07:16 [main] INFO  tiempos - Duracion del proceso intercambiarReferencias: 100500 ns
2025-09-10 19:07:16 [main] INFO  tiempos - Duracion de encriptarFrase: 1660900 ns
2025-09-10 19:07:16 [main] INFO  tiempos - Duracion del proceso intercambiarReferencias: 63900 ns
2025-09-10 19:07:16 [main] INFO  tiempos - Duracion del proceso intercambiarReferencias: 43700 ns
2025-09-10 19:07:16 [main] INFO  tiempos - Duracion del proceso intercambiarReferencias: 111100 ns
2025-09-10 19:07:16 [main] INFO  tiempos - Duracion del proceso intercambiarReferencias: 62300 ns
2025-09-10 19:07:16 [main] INFO  tiempos - Duracion del proceso intercambiarReferencias: 24100 ns
2025-09-10 19:07:16 [main] INFO  tiempos - Duracion del proceso intercambiarReferencias: 21100 ns
2025-09-10 19:07:16 [main] INFO  tiempos - Duracion del proceso intercambiarReferencias: 21000 ns
2025-09-10 19:07:16 [main] INFO  tiempos - Duracion del proceso intercambiarReferencias: 78100 ns
2025-09-10 19:07:16 [main] INFO  tiempos - Duracion del proceso intercambiarReferencias: 52500 ns
2025-09-10 19:07:16 [main] INFO  tiempos - Duracion del proceso intercambiarReferencias: 148400 ns
2025-09-10 19:07:16 [main] INFO  tiempos - Duracion de desencriptarFrase: 798000 ns
2025-09-10 19:07:16 [main] INFO  tiempos - Duracion del proceso intercambiarReferencias: 53700 ns
2025-09-10 19:07:16 [main] INFO  tiempos - Duracion del proceso intercambiarReferencias: 75200 ns
2025-09-10 19:07:16 [main] INFO  tiempos - Duracion del proceso intercambiarReferencias: 78600 ns
2025-09-10 19:07:16 [main] INFO  tiempos - Duracion del proceso intercambiarReferencias: 27400 ns
2025-09-10 19:07:16 [main] INFO  tiempos - intercambiarReferencias duration: 0 ms
2025-09-10 19:07:16 [main] INFO  tiempos - Duracion del proceso intercambiarReferencias: 16100 ns
2025-09-10 19:07:16 [main] INFO  tiempos - Duracion del proceso intercambiarReferencias: 90000 ns
2025-09-10 19:07:16 [main] INFO  tiempos - Duracion del proceso intercambiarReferencias: 40100 ns
2025-09-10 19:07:16 [main] INFO  tiempos - Duracion del proceso intercambiarReferencias: 20900 ns
2025-09-10 19:07:16 [main] INFO  tiempos - Duracion del proceso intercambiarReferencias: 20100 ns
2025-09-10 19:07:16 [main] INFO  tiempos - Duracion del proceso intercambiarReferencias: 21300 ns
2025-09-10 19:07:16 [main] INFO  tiempos - Duracion del proceso intercambiarReferencias: 20700 ns
2025-09-10 19:07:16 [main] INFO  tiempos - Duracion del proceso intercambiarReferencias: 20500 ns
2025-09-10 19:07:16 [main] INFO  tiempos - Duracion del proceso intercambiarReferencias: 100300 ns
2025-09-10 19:07:16 [main] INFO  tiempos - Duracion del proceso intercambiarReferencias: 44500 ns
2025-09-10 19:07:16 [main] INFO  tiempos - Duracion del proceso intercambiarReferencias: 42000 ns
2025-09-10 19:07:16 [main] INFO  tiempos - Duracion del proceso intercambiarReferencias: 20300 ns
2025-09-10 19:07:16 [main] INFO  tiempos - Duracion del proceso intercambiarReferencias: 41200 ns
2025-09-10 19:07:16 [main] INFO  tiempos - Duracion del proceso intercambiarReferencias: 20200 ns
2025-09-10 19:07:16 [main] INFO  tiempos - Duracion del proceso intercambiarReferencias: 53300 ns
2025-09-10 19:07:16 [main] INFO  tiempos - Duracion del proceso intercambiarReferencias: 76600 ns
2025-09-10 19:07:16 [main] INFO  tiempos - Duracion del proceso intercambiarReferencias: 39500 ns
2025-09-10 19:07:16 [main] INFO  tiempos - Duracion de encriptarFrase: 3230300 ns
2025-09-10 19:07:16 [main] INFO  tiempos - Duracion del proceso intercambiarReferencias: 77100 ns
2025-09-10 19:07:16 [main] INFO  tiempos - Duracion del proceso intercambiarReferencias: 22000 ns
2025-09-10 19:07:16 [main] INFO  tiempos - Duracion del proceso intercambiarReferencias: 77200 ns
2025-09-10 19:07:16 [main] INFO  tiempos - Duracion del proceso intercambiarReferencias: 20300 ns
2025-09-10 19:07:16 [main] INFO  tiempos - intercambiarReferencias duration: 0 ms
2025-09-10 19:07:16 [main] INFO  tiempos - Duracion del proceso intercambiarReferencias: 15900 ns
2025-09-10 19:07:16 [main] INFO  tiempos - Duracion del proceso intercambiarReferencias: 82300 ns
2025-09-10 19:07:16 [main] INFO  tiempos - Duracion del proceso intercambiarReferencias: 69400 ns
2025-09-10 19:07:16 [main] INFO  tiempos - Duracion del proceso intercambiarReferencias: 21300 ns
2025-09-10 19:07:16 [main] INFO  tiempos - Duracion del proceso intercambiarReferencias: 20200 ns
2025-09-10 19:07:16 [main] INFO  tiempos - Duracion del proceso intercambiarReferencias: 20400 ns
2025-09-10 19:07:16 [main] INFO  tiempos - Duracion del proceso intercambiarReferencias: 19300 ns
2025-09-10 19:07:16 [main] INFO  tiempos - Duracion del proceso intercambiarReferencias: 19400 ns
2025-09-10 19:07:16 [main] INFO  tiempos - Duracion del proceso intercambiarReferencias: 94000 ns
2025-09-10 19:07:16 [main] INFO  tiempos - Duracion del proceso intercambiarReferencias: 38300 ns
2025-09-10 19:07:16 [main] INFO  tiempos - Duracion del proceso intercambiarReferencias: 38200 ns
2025-09-10 19:07:16 [main] INFO  tiempos - Duracion del proceso intercambiarReferencias: 20100 ns
2025-09-10 19:07:16 [main] INFO  tiempos - Duracion del proceso intercambiarReferencias: 43100 ns
2025-09-10 19:07:16 [main] INFO  tiempos - Duracion del proceso intercambiarReferencias: 20900 ns
2025-09-10 19:07:16 [main] INFO  tiempos - Duracion del proceso intercambiarReferencias: 39900 ns
2025-09-10 19:07:16 [main] INFO  tiempos - Duracion del proceso intercambiarReferencias: 79700 ns
2025-09-10 19:07:16 [main] INFO  tiempos - Duracion del proceso intercambiarReferencias: 40500 ns
2025-09-10 19:07:16 [main] INFO  tiempos - Duracion de desencriptarFrase: 1171400 ns
2025-09-10 19:07:16 [main] INFO  tiempos - Duracion del proceso intercambiarReferencias: 75300 ns
2025-09-10 19:07:16 [main] INFO  tiempos - Duracion del proceso intercambiarReferencias: 41400 ns
2025-09-10 19:07:16 [main] INFO  tiempos - Duracion del proceso intercambiarReferencias: 45400 ns
2025-09-10 19:07:16 [main] INFO  tiempos - Duracion del proceso intercambiarReferencias: 45000 ns
2025-09-10 19:07:16 [main] INFO  tiempos - Duracion del proceso intercambiarReferencias: 19900 ns
2025-09-10 19:07:16 [main] INFO  tiempos - Duracion del proceso intercambiarReferencias: 37400 ns
2025-09-10 19:07:16 [main] INFO  tiempos - Duracion del proceso intercambiarReferencias: 36600 ns
2025-09-10 19:07:16 [main] INFO  tiempos - Duracion del proceso intercambiarReferencias: 19000 ns
2025-09-10 19:07:16 [main] INFO  tiempos - Duracion del proceso intercambiarReferencias: 37400 ns
2025-09-10 19:07:16 [main] INFO  tiempos - Duracion del proceso intercambiarReferencias: 18600 ns
2025-09-10 19:07:16 [main] INFO  tiempos - Duracion del proceso intercambiarReferencias: 38300 ns
2025-09-10 19:07:16 [main] INFO  tiempos - Duracion del proceso intercambiarReferencias: 19300 ns
2025-09-10 19:07:16 [main] INFO  tiempos - Duracion del proceso intercambiarReferencias: 36900 ns
2025-09-10 19:07:16 [main] INFO  tiempos - Duracion de encriptarFrase: 1655300 ns
2025-09-10 19:07:16 [main] INFO  tiempos - Duracion del proceso intercambiarReferencias: 54000 ns
2025-09-10 19:07:16 [main] INFO  tiempos - Duracion del proceso intercambiarReferencias: 21700 ns
2025-09-10 19:07:16 [main] INFO  tiempos - Duracion del proceso intercambiarReferencias: 38100 ns
2025-09-10 19:07:16 [main] INFO  tiempos - Duracion del proceso intercambiarReferencias: 38200 ns
2025-09-10 19:07:16 [main] INFO  tiempos - Duracion del proceso intercambiarReferencias: 19300 ns
2025-09-10 19:07:16 [main] INFO  tiempos - Duracion del proceso intercambiarReferencias: 41700 ns
2025-09-10 19:07:16 [main] INFO  tiempos - Duracion del proceso intercambiarReferencias: 38800 ns
2025-09-10 19:07:16 [main] INFO  tiempos - Duracion del proceso intercambiarReferencias: 18900 ns
2025-09-10 19:07:16 [main] INFO  tiempos - Duracion del proceso intercambiarReferencias: 59800 ns
2025-09-10 19:07:16 [main] INFO  tiempos - Duracion del proceso intercambiarReferencias: 20100 ns
2025-09-10 19:07:16 [main] INFO  tiempos - Duracion del proceso intercambiarReferencias: 37500 ns
2025-09-10 19:07:16 [main] INFO  tiempos - Duracion del proceso intercambiarReferencias: 19200 ns
2025-09-10 19:07:16 [main] INFO  tiempos - Duracion del proceso intercambiarReferencias: 37500 ns
2025-09-10 19:07:16 [main] INFO  tiempos - Duracion de desencriptarFrase: 596200 ns
2025-09-10 19:07:16 [main] INFO  tiempos - Duracion del proceso intercambiarReferencias: 21300 ns
2025-09-10 19:07:16 [main] INFO  tiempos - Duracion del proceso intercambiarReferencias: 54700 ns
2025-09-10 19:07:16 [main] INFO  tiempos - Duracion del proceso intercambiarReferencias: 90800 ns
2025-09-10 19:07:16 [main] INFO  tiempos - Duracion del proceso intercambiarReferencias: 19000 ns
2025-09-10 19:07:16 [main] INFO  tiempos - Duracion del proceso intercambiarReferencias: 19500 ns
2025-09-10 19:07:16 [main] INFO  tiempos - Duracion del proceso intercambiarReferencias: 54900 ns
2025-09-10 19:07:16 [main] INFO  tiempos - Duracion del proceso intercambiarReferencias: 21300 ns
2025-09-10 19:07:16 [main] INFO  tiempos - Duracion del proceso intercambiarReferencias: 18700 ns
2025-09-10 19:07:16 [main] INFO  tiempos - Duracion del proceso intercambiarReferencias: 76100 ns
2025-09-10 19:07:16 [main] INFO  tiempos - Duracion del proceso intercambiarReferencias: 18700 ns
2025-09-10 19:07:16 [main] INFO  tiempos - Duracion del proceso intercambiarReferencias: 18800 ns
2025-09-10 19:07:16 [main] INFO  tiempos - Duracion del proceso intercambiarReferencias: 18700 ns
2025-09-10 19:07:16 [main] INFO  tiempos - Duracion del proceso intercambiarReferencias: 19800 ns
2025-09-10 19:07:16 [main] INFO  tiempos - Duracion del proceso intercambiarReferencias: 47500 ns
2025-09-10 19:07:16 [main] INFO  tiempos - Duracion del proceso intercambiarReferencias: 108300 ns
2025-09-10 19:07:16 [main] INFO  tiempos - Duracion del proceso intercambiarReferencias: 18800 ns
2025-09-10 19:07:16 [main] INFO  tiempos - Duracion del proceso intercambiarReferencias: 23300 ns
2025-09-10 19:07:16 [main] INFO  tiempos - Duracion del proceso intercambiarReferencias: 19200 ns
2025-09-10 19:07:16 [main] INFO  tiempos - Duracion del proceso intercambiarReferencias: 18800 ns
2025-09-10 19:07:16 [main] INFO  tiempos - Duracion del proceso intercambiarReferencias: 36200 ns
2025-09-10 19:07:16 [main] INFO  tiempos - Duracion del proceso intercambiarReferencias: 19200 ns
2025-09-10 19:07:16 [main] INFO  tiempos - Duracion del proceso intercambiarReferencias: 54300 ns
2025-09-10 19:07:16 [main] INFO  tiempos - Duracion del proceso intercambiarReferencias: 20300 ns
2025-09-10 19:07:16 [main] INFO  tiempos - Duracion del proceso intercambiarReferencias: 19600 ns
2025-09-10 19:07:16 [main] INFO  tiempos - Duracion del proceso intercambiarReferencias: 38700 ns
2025-09-10 19:07:16 [main] INFO  tiempos - Duracion del proceso intercambiarReferencias: 18700 ns
2025-09-10 19:07:16 [main] INFO  tiempos - Duracion del proceso intercambiarReferencias: 54900 ns
2025-09-10 19:07:16 [main] INFO  tiempos - Duracion del proceso intercambiarReferencias: 18900 ns
2025-09-10 19:07:16 [main] INFO  tiempos - Duracion del proceso intercambiarReferencias: 18600 ns
2025-09-10 19:07:16 [main] INFO  tiempos - Duracion del proceso intercambiarReferencias: 18500 ns
2025-09-10 19:07:16 [main] INFO  tiempos - Duracion del proceso intercambiarReferencias: 123100 ns
2025-09-10 19:07:16 [main] INFO  tiempos - Duracion del proceso intercambiarReferencias: 72800 ns
2025-09-10 19:07:16 [main] INFO  tiempos - Duracion de encriptarFrase: 4187500 ns
2025-09-10 19:07:16 [main] INFO  tiempos - Duracion del proceso intercambiarReferencias: 26200 ns
2025-09-10 19:07:16 [main] INFO  tiempos - Duracion del proceso intercambiarReferencias: 58000 ns
2025-09-10 19:07:16 [main] INFO  tiempos - Duracion del proceso intercambiarReferencias: 133100 ns
2025-09-10 19:07:16 [main] INFO  tiempos - Duracion del proceso intercambiarReferencias: 20700 ns
2025-09-10 19:07:16 [main] INFO  tiempos - Duracion del proceso intercambiarReferencias: 20300 ns
2025-09-10 19:07:16 [main] INFO  tiempos - Duracion del proceso intercambiarReferencias: 56000 ns
2025-09-10 19:07:16 [main] INFO  tiempos - Duracion del proceso intercambiarReferencias: 43000 ns
2025-09-10 19:07:16 [main] INFO  tiempos - Duracion del proceso intercambiarReferencias: 21300 ns
2025-09-10 19:07:16 [main] INFO  tiempos - Duracion del proceso intercambiarReferencias: 108200 ns
2025-09-10 19:07:16 [main] INFO  tiempos - Duracion del proceso intercambiarReferencias: 20900 ns
2025-09-10 19:07:16 [main] INFO  tiempos - Duracion del proceso intercambiarReferencias: 19100 ns
2025-09-10 19:07:16 [main] INFO  tiempos - Duracion del proceso intercambiarReferencias: 19000 ns
2025-09-10 19:07:16 [main] INFO  tiempos - Duracion del proceso intercambiarReferencias: 18700 ns
2025-09-10 19:07:16 [main] INFO  tiempos - Duracion del proceso intercambiarReferencias: 37000 ns
2025-09-10 19:07:16 [main] INFO  tiempos - Duracion del proceso intercambiarReferencias: 136800 ns
2025-09-10 19:07:16 [main] INFO  tiempos - Duracion del proceso intercambiarReferencias: 22300 ns
2025-09-10 19:07:16 [main] INFO  tiempos - Duracion del proceso intercambiarReferencias: 19500 ns
2025-09-10 19:07:16 [main] INFO  tiempos - Duracion del proceso intercambiarReferencias: 25400 ns
2025-09-10 19:07:16 [main] INFO  tiempos - Duracion del proceso intercambiarReferencias: 19600 ns
2025-09-10 19:07:16 [main] INFO  tiempos - Duracion del proceso intercambiarReferencias: 57200 ns
2025-09-10 19:07:16 [main] INFO  tiempos - Duracion del proceso intercambiarReferencias: 22100 ns
2025-09-10 19:07:16 [main] INFO  tiempos - Duracion del proceso intercambiarReferencias: 73100 ns
2025-09-10 19:07:16 [main] INFO  tiempos - Duracion del proceso intercambiarReferencias: 31600 ns
2025-09-10 19:07:16 [main] INFO  tiempos - Duracion del proceso intercambiarReferencias: 19800 ns
2025-09-10 19:07:16 [main] INFO  tiempos - Duracion del proceso intercambiarReferencias: 37500 ns
2025-09-10 19:07:16 [main] INFO  tiempos - Duracion del proceso intercambiarReferencias: 21500 ns
2025-09-10 19:07:16 [main] INFO  tiempos - Duracion del proceso intercambiarReferencias: 70600 ns
2025-09-10 19:07:16 [main] INFO  tiempos - Duracion del proceso intercambiarReferencias: 21000 ns
2025-09-10 19:07:16 [main] INFO  tiempos - Duracion del proceso intercambiarReferencias: 18600 ns
2025-09-10 19:07:16 [main] INFO  tiempos - Duracion del proceso intercambiarReferencias: 18900 ns
2025-09-10 19:07:16 [main] INFO  tiempos - Duracion del proceso intercambiarReferencias: 74100 ns
2025-09-10 19:07:16 [main] INFO  tiempos - Duracion del proceso intercambiarReferencias: 63300 ns
2025-09-10 19:07:16 [main] INFO  tiempos - Duracion de desencriptarFrase: 1687000 ns
2025-09-10 19:07:16 [main] INFO  tiempos - Duracion del proceso intercambiarReferencias: 35200 ns
2025-09-10 19:07:16 [main] INFO  tiempos - Duracion del proceso intercambiarReferencias: 20900 ns
2025-09-10 19:07:16 [main] INFO  tiempos - Duracion del proceso intercambiarReferencias: 57100 ns
2025-09-10 19:07:16 [main] INFO  tiempos - Duracion del proceso intercambiarReferencias: 17800 ns
2025-09-10 19:07:16 [main] INFO  tiempos - Duracion del proceso intercambiarReferencias: 17800 ns
2025-09-10 19:07:16 [main] INFO  tiempos - Duracion del proceso intercambiarReferencias: 55800 ns
2025-09-10 19:07:16 [main] INFO  tiempos - Duracion del proceso intercambiarReferencias: 35900 ns
2025-09-10 19:07:16 [main] INFO  tiempos - Duracion del proceso intercambiarReferencias: 35700 ns
2025-09-10 19:07:16 [main] INFO  tiempos - Duracion del proceso intercambiarReferencias: 144800 ns
2025-09-10 19:07:16 [main] INFO  tiempos - Duracion de encriptarFrase: 1309000 ns
2025-09-10 19:07:16 [main] INFO  tiempos - Duracion del proceso intercambiarReferencias: 23900 ns
2025-09-10 19:07:16 [main] INFO  tiempos - Duracion del proceso intercambiarReferencias: 19700 ns
2025-09-10 19:07:16 [main] INFO  tiempos - Duracion del proceso intercambiarReferencias: 56000 ns
2025-09-10 19:07:16 [main] INFO  tiempos - Duracion del proceso intercambiarReferencias: 18700 ns
2025-09-10 19:07:16 [main] INFO  tiempos - Duracion del proceso intercambiarReferencias: 21600 ns
2025-09-10 19:07:16 [main] INFO  tiempos - Duracion del proceso intercambiarReferencias: 55100 ns
2025-09-10 19:07:16 [main] INFO  tiempos - Duracion del proceso intercambiarReferencias: 37700 ns
2025-09-10 19:07:16 [main] INFO  tiempos - Duracion del proceso intercambiarReferencias: 40200 ns
2025-09-10 19:07:16 [main] INFO  tiempos - Duracion del proceso intercambiarReferencias: 91600 ns
2025-09-10 19:07:16 [main] INFO  tiempos - Duracion de desencriptarFrase: 470200 ns
2025-09-10 19:07:16 [main] INFO  tiempos - Duracion del proceso intercambiarReferencias: 47600 ns
2025-09-10 19:07:16 [main] INFO  tiempos - Duracion del proceso intercambiarReferencias: 43100 ns
2025-09-10 19:07:16 [main] INFO  tiempos - Duracion del proceso intercambiarReferencias: 53900 ns
2025-09-10 19:07:16 [main] INFO  tiempos - Duracion del proceso intercambiarReferencias: 34600 ns
2025-09-10 19:07:16 [main] INFO  tiempos - Duracion del proceso intercambiarReferencias: 97100 ns
2025-09-10 19:07:16 [main] INFO  tiempos - Duracion del proceso intercambiarReferencias: 35700 ns
2025-09-10 19:07:16 [main] INFO  tiempos - Duracion del proceso intercambiarReferencias: 69600 ns
2025-09-10 19:07:16 [main] INFO  tiempos - Duracion de encriptarFrase: 1384500 ns
2025-09-10 19:07:16 [main] INFO  tiempos - Duracion del proceso intercambiarReferencias: 47200 ns
2025-09-10 19:07:16 [main] INFO  tiempos - Duracion del proceso intercambiarReferencias: 38500 ns
2025-09-10 19:07:16 [main] INFO  tiempos - Duracion del proceso intercambiarReferencias: 54300 ns
2025-09-10 19:07:16 [main] INFO  tiempos - Duracion del proceso intercambiarReferencias: 36700 ns
2025-09-10 19:07:16 [main] INFO  tiempos - Duracion del proceso intercambiarReferencias: 87300 ns
2025-09-10 19:07:16 [main] INFO  tiempos - Duracion del proceso intercambiarReferencias: 39500 ns
2025-09-10 19:07:16 [main] INFO  tiempos - Duracion del proceso intercambiarReferencias: 69700 ns
2025-09-10 19:07:16 [main] INFO  tiempos - Duracion de desencriptarFrase: 463100 ns
2025-09-10 19:07:16 [main] INFO  tiempos - Duracion del proceso intercambiarReferencias: 71600 ns
2025-09-10 19:07:16 [main] INFO  tiempos - Duracion del proceso intercambiarReferencias: 35300 ns
2025-09-10 19:07:16 [main] INFO  tiempos - Duracion del proceso intercambiarReferencias: 29600 ns
2025-09-10 19:07:16 [main] INFO  tiempos - Duracion del proceso intercambiarReferencias: 17400 ns
2025-09-10 19:07:16 [main] INFO  tiempos - Duracion del proceso intercambiarReferencias: 34600 ns
2025-09-10 19:07:16 [main] INFO  tiempos - Duracion del proceso intercambiarReferencias: 73300 ns
2025-09-10 19:07:16 [main] INFO  tiempos - Duracion del proceso intercambiarReferencias: 18100 ns
2025-09-10 19:07:16 [main] INFO  tiempos - Duracion del proceso intercambiarReferencias: 17600 ns
2025-09-10 19:07:16 [main] INFO  tiempos - Duracion del proceso intercambiarReferencias: 18400 ns
2025-09-10 19:07:16 [main] INFO  tiempos - Duracion del proceso intercambiarReferencias: 35200 ns
2025-09-10 19:07:16 [main] INFO  tiempos - Duracion del proceso intercambiarReferencias: 17600 ns
2025-09-10 19:07:16 [main] INFO  tiempos - Duracion del proceso intercambiarReferencias: 18100 ns
2025-09-10 19:07:16 [main] INFO  tiempos - Duracion del proceso intercambiarReferencias: 70000 ns
2025-09-10 19:07:16 [main] INFO  tiempos - Duracion de encriptarFrase: 1922000 ns
2025-09-10 19:07:16 [main] INFO  tiempos - Duracion del proceso intercambiarReferencias: 86300 ns
2025-09-10 19:07:16 [main] INFO  tiempos - Duracion del proceso intercambiarReferencias: 36000 ns
2025-09-10 19:07:16 [main] INFO  tiempos - Duracion del proceso intercambiarReferencias: 17800 ns
2025-09-10 19:07:16 [main] INFO  tiempos - Duracion del proceso intercambiarReferencias: 17300 ns
2025-09-10 19:07:16 [main] INFO  tiempos - Duracion del proceso intercambiarReferencias: 34800 ns
2025-09-10 19:07:16 [main] INFO  tiempos - Duracion del proceso intercambiarReferencias: 62200 ns
2025-09-10 19:07:16 [main] INFO  tiempos - Duracion del proceso intercambiarReferencias: 21100 ns
2025-09-10 19:07:16 [main] INFO  tiempos - Duracion del proceso intercambiarReferencias: 18200 ns
2025-09-10 19:07:16 [main] INFO  tiempos - Duracion del proceso intercambiarReferencias: 17100 ns
2025-09-10 19:07:16 [main] INFO  tiempos - Duracion del proceso intercambiarReferencias: 34300 ns
2025-09-10 19:07:16 [main] INFO  tiempos - Duracion del proceso intercambiarReferencias: 17100 ns
2025-09-10 19:07:16 [main] INFO  tiempos - Duracion del proceso intercambiarReferencias: 18000 ns
2025-09-10 19:07:16 [main] INFO  tiempos - Duracion del proceso intercambiarReferencias: 101500 ns
2025-09-10 19:07:16 [main] INFO  tiempos - Duracion de desencriptarFrase: 636300 ns
2025-09-10 19:07:16 [main] INFO  tiempos - intercambiarReferencias duration: 0 ms
2025-09-10 19:07:16 [main] INFO  tiempos - Duracion del proceso intercambiarReferencias: 36200 ns
2025-09-10 19:07:16 [main] INFO  tiempos - Duracion del proceso intercambiarReferencias: 51400 ns
2025-09-10 19:07:16 [main] INFO  tiempos - Duracion del proceso intercambiarReferencias: 17100 ns
2025-09-10 19:07:16 [main] INFO  tiempos - Duracion del proceso intercambiarReferencias: 19700 ns
2025-09-10 19:07:16 [main] INFO  tiempos - Duracion del proceso intercambiarReferencias: 34800 ns
2025-09-10 19:07:16 [main] INFO  tiempos - Duracion del proceso intercambiarReferencias: 17200 ns
2025-09-10 19:07:16 [main] INFO  tiempos - Duracion del proceso intercambiarReferencias: 37600 ns
2025-09-10 19:07:16 [main] INFO  tiempos - Duracion del proceso intercambiarReferencias: 33800 ns
2025-09-10 19:07:16 [main] INFO  tiempos - Duracion de encriptarFrase: 919100 ns
2025-09-10 19:07:16 [main] INFO  tiempos - intercambiarReferencias duration: 0 ms
2025-09-10 19:07:16 [main] INFO  tiempos - Duracion del proceso intercambiarReferencias: 21400 ns
2025-09-10 19:07:16 [main] INFO  tiempos - Duracion del proceso intercambiarReferencias: 65500 ns
2025-09-10 19:07:16 [main] INFO  tiempos - Duracion del proceso intercambiarReferencias: 21900 ns
2025-09-10 19:07:16 [main] INFO  tiempos - Duracion del proceso intercambiarReferencias: 25900 ns
2025-09-10 19:07:16 [main] INFO  tiempos - Duracion del proceso intercambiarReferencias: 42600 ns
2025-09-10 19:07:16 [main] INFO  tiempos - Duracion del proceso intercambiarReferencias: 17900 ns
2025-09-10 19:07:16 [main] INFO  tiempos - Duracion del proceso intercambiarReferencias: 34300 ns
2025-09-10 19:07:16 [main] INFO  tiempos - Duracion del proceso intercambiarReferencias: 34300 ns
2025-09-10 19:07:16 [main] INFO  tiempos - Duracion de desencriptarFrase: 363300 ns
2025-09-10 19:07:16 [main] INFO  tiempos - Duracion del proceso intercambiarReferencias: 18000 ns
2025-09-10 19:07:16 [main] INFO  tiempos - Duracion del proceso intercambiarReferencias: 34600 ns
2025-09-10 19:07:16 [main] INFO  tiempos - Duracion del proceso intercambiarReferencias: 16800 ns
2025-09-10 19:07:16 [main] INFO  tiempos - Duracion del proceso intercambiarReferencias: 33700 ns
2025-09-10 19:07:16 [main] INFO  tiempos - Duracion del proceso intercambiarReferencias: 19600 ns
2025-09-10 19:07:16 [main] INFO  tiempos - Duracion del proceso intercambiarReferencias: 18700 ns
2025-09-10 19:07:16 [main] INFO  tiempos - Duracion del proceso intercambiarReferencias: 33700 ns
2025-09-10 19:07:16 [main] INFO  tiempos - Duracion del proceso intercambiarReferencias: 16700 ns
2025-09-10 19:07:16 [main] INFO  tiempos - Duracion del proceso intercambiarReferencias: 33800 ns
2025-09-10 19:07:16 [main] INFO  tiempos - Duracion del proceso intercambiarReferencias: 18400 ns
2025-09-10 19:07:16 [main] INFO  tiempos - Duracion del proceso intercambiarReferencias: 16800 ns
2025-09-10 19:07:16 [main] INFO  tiempos - Duracion del proceso intercambiarReferencias: 72000 ns
2025-09-10 19:07:16 [main] INFO  tiempos - Duracion del proceso intercambiarReferencias: 16600 ns
2025-09-10 19:07:16 [main] INFO  tiempos - Duracion del proceso intercambiarReferencias: 32400 ns
2025-09-10 19:07:16 [main] INFO  tiempos - Duracion del proceso intercambiarReferencias: 33000 ns
2025-09-10 19:07:16 [main] INFO  tiempos - Duracion del proceso intercambiarReferencias: 16500 ns
2025-09-10 19:07:16 [main] INFO  tiempos - Duracion del proceso intercambiarReferencias: 33300 ns
2025-09-10 19:07:16 [main] INFO  tiempos - Duracion del proceso intercambiarReferencias: 33500 ns
2025-09-10 19:07:16 [main] INFO  tiempos - Duracion del proceso intercambiarReferencias: 16500 ns
2025-09-10 19:07:16 [main] INFO  tiempos - Duracion del proceso intercambiarReferencias: 32500 ns
2025-09-10 19:07:16 [main] INFO  tiempos - Duracion del proceso intercambiarReferencias: 16500 ns
2025-09-10 19:07:16 [main] INFO  tiempos - Duracion del proceso intercambiarReferencias: 73500 ns
2025-09-10 19:07:16 [main] INFO  tiempos - Duracion de encriptarFrase: 2338300 ns
2025-09-10 19:07:16 [main] INFO  tiempos - Duracion del proceso intercambiarReferencias: 55600 ns
2025-09-10 19:07:16 [main] INFO  tiempos - Duracion del proceso intercambiarReferencias: 33800 ns
2025-09-10 19:07:16 [main] INFO  tiempos - Duracion del proceso intercambiarReferencias: 16400 ns
2025-09-10 19:07:16 [main] INFO  tiempos - Duracion del proceso intercambiarReferencias: 37300 ns
2025-09-10 19:07:16 [main] INFO  tiempos - Duracion del proceso intercambiarReferencias: 16200 ns
2025-09-10 19:07:16 [main] INFO  tiempos - Duracion del proceso intercambiarReferencias: 16500 ns
2025-09-10 19:07:16 [main] INFO  tiempos - Duracion del proceso intercambiarReferencias: 31700 ns
2025-09-10 19:07:16 [main] INFO  tiempos - Duracion del proceso intercambiarReferencias: 16100 ns
2025-09-10 19:07:16 [main] INFO  tiempos - Duracion del proceso intercambiarReferencias: 36900 ns
2025-09-10 19:07:16 [main] INFO  tiempos - Duracion del proceso intercambiarReferencias: 16300 ns
2025-09-10 19:07:16 [main] INFO  tiempos - Duracion del proceso intercambiarReferencias: 16200 ns
2025-09-10 19:07:16 [main] INFO  tiempos - Duracion del proceso intercambiarReferencias: 32300 ns
2025-09-10 19:07:16 [main] INFO  tiempos - Duracion del proceso intercambiarReferencias: 16200 ns
2025-09-10 19:07:16 [main] INFO  tiempos - Duracion del proceso intercambiarReferencias: 34900 ns
2025-09-10 19:07:16 [main] INFO  tiempos - Duracion del proceso intercambiarReferencias: 58800 ns
2025-09-10 19:07:16 [main] INFO  tiempos - Duracion del proceso intercambiarReferencias: 16800 ns
2025-09-10 19:07:16 [main] INFO  tiempos - Duracion del proceso intercambiarReferencias: 32000 ns
2025-09-10 19:07:16 [main] INFO  tiempos - Duracion del proceso intercambiarReferencias: 32200 ns
2025-09-10 19:07:16 [main] INFO  tiempos - Duracion del proceso intercambiarReferencias: 16100 ns
2025-09-10 19:07:16 [main] INFO  tiempos - Duracion del proceso intercambiarReferencias: 35100 ns
2025-09-10 19:07:16 [main] INFO  tiempos - Duracion del proceso intercambiarReferencias: 15900 ns
2025-09-10 19:07:16 [main] INFO  tiempos - Duracion del proceso intercambiarReferencias: 34500 ns
2025-09-10 19:07:16 [main] INFO  tiempos - Duracion de desencriptarFrase: 814300 ns
2025-09-10 19:07:16 [main] INFO  tiempos - Duracion del proceso intercambiarReferencias: 33500 ns
2025-09-10 19:07:16 [main] INFO  tiempos - Duracion del proceso intercambiarReferencias: 16300 ns
2025-09-10 19:07:16 [main] INFO  tiempos - Duracion del proceso intercambiarReferencias: 24600 ns
2025-09-10 19:07:16 [main] INFO  tiempos - Duracion del proceso intercambiarReferencias: 31800 ns
2025-09-10 19:07:16 [main] INFO  tiempos - Duracion del proceso intercambiarReferencias: 16200 ns
2025-09-10 19:07:16 [main] INFO  tiempos - Duracion del proceso intercambiarReferencias: 35700 ns
2025-09-10 19:07:16 [main] INFO  tiempos - Duracion del proceso intercambiarReferencias: 16700 ns
2025-09-10 19:07:16 [main] INFO  tiempos - Duracion del proceso intercambiarReferencias: 48600 ns
2025-09-10 19:07:16 [main] INFO  tiempos - Duracion del proceso intercambiarReferencias: 16300 ns
2025-09-10 19:07:16 [main] INFO  tiempos - Duracion del proceso intercambiarReferencias: 16300 ns
2025-09-10 19:07:16 [main] INFO  tiempos - Duracion del proceso intercambiarReferencias: 53200 ns
2025-09-10 19:07:16 [main] INFO  tiempos - Duracion del proceso intercambiarReferencias: 16100 ns
2025-09-10 19:07:16 [main] INFO  tiempos - Duracion del proceso intercambiarReferencias: 32300 ns
2025-09-10 19:07:16 [main] INFO  tiempos - Duracion del proceso intercambiarReferencias: 16300 ns
2025-09-10 19:07:16 [main] INFO  tiempos - Duracion de encriptarFrase: 1381500 ns
2025-09-10 19:07:16 [main] INFO  tiempos - Duracion del proceso intercambiarReferencias: 48500 ns
2025-09-10 19:07:16 [main] INFO  tiempos - Duracion del proceso intercambiarReferencias: 17200 ns
2025-09-10 19:07:16 [main] INFO  tiempos - Duracion del proceso intercambiarReferencias: 16700 ns
2025-09-10 19:07:16 [main] INFO  tiempos - Duracion del proceso intercambiarReferencias: 32000 ns
2025-09-10 19:07:16 [main] INFO  tiempos - Duracion del proceso intercambiarReferencias: 15900 ns
2025-09-10 19:07:16 [main] INFO  tiempos - Duracion del proceso intercambiarReferencias: 31800 ns
2025-09-10 19:07:16 [main] INFO  tiempos - Duracion del proceso intercambiarReferencias: 16300 ns
2025-09-10 19:07:16 [main] INFO  tiempos - Duracion del proceso intercambiarReferencias: 48300 ns
2025-09-10 19:07:16 [main] INFO  tiempos - Duracion del proceso intercambiarReferencias: 16300 ns
2025-09-10 19:07:16 [main] INFO  tiempos - Duracion del proceso intercambiarReferencias: 18300 ns
2025-09-10 19:07:16 [main] INFO  tiempos - Duracion del proceso intercambiarReferencias: 48600 ns
2025-09-10 19:07:16 [main] INFO  tiempos - Duracion del proceso intercambiarReferencias: 16100 ns
2025-09-10 19:07:16 [main] INFO  tiempos - Duracion del proceso intercambiarReferencias: 31900 ns
2025-09-10 19:07:16 [main] INFO  tiempos - Duracion del proceso intercambiarReferencias: 16100 ns
2025-09-10 19:07:16 [main] INFO  tiempos - Duracion de desencriptarFrase: 505500 ns
2025-09-10 19:07:16 [main] INFO  tiempos - Duracion del proceso intercambiarReferencias: 16600 ns
2025-09-10 19:07:16 [main] INFO  tiempos - Duracion del proceso intercambiarReferencias: 32600 ns
2025-09-10 19:07:16 [main] INFO  tiempos - Duracion del proceso intercambiarReferencias: 16000 ns
2025-09-10 19:07:16 [main] INFO  tiempos - Duracion del proceso intercambiarReferencias: 34400 ns
2025-09-10 19:07:16 [main] INFO  tiempos - Duracion del proceso intercambiarReferencias: 16000 ns
2025-09-10 19:07:16 [main] INFO  tiempos - Duracion del proceso intercambiarReferencias: 31800 ns
2025-09-10 19:07:16 [main] INFO  tiempos - Duracion del proceso intercambiarReferencias: 33000 ns
2025-09-10 19:07:16 [main] INFO  tiempos - Duracion del proceso intercambiarReferencias: 76700 ns
2025-09-10 19:07:16 [main] INFO  tiempos - Duracion del proceso intercambiarReferencias: 66300 ns
2025-09-10 19:07:16 [main] INFO  tiempos - Duracion del proceso intercambiarReferencias: 16100 ns
2025-09-10 19:07:16 [main] INFO  tiempos - Duracion del proceso intercambiarReferencias: 88400 ns
2025-09-10 19:07:16 [main] INFO  tiempos - Duracion del proceso intercambiarReferencias: 32700 ns
2025-09-10 19:07:16 [main] INFO  tiempos - Duracion del proceso intercambiarReferencias: 16300 ns
2025-09-10 19:07:16 [main] INFO  tiempos - Duracion del proceso intercambiarReferencias: 48600 ns
2025-09-10 19:07:16 [main] INFO  tiempos - Duracion del proceso intercambiarReferencias: 65900 ns
2025-09-10 19:07:16 [main] INFO  tiempos - Duracion del proceso intercambiarReferencias: 16100 ns
2025-09-10 19:07:16 [main] INFO  tiempos - Duracion del proceso intercambiarReferencias: 15900 ns
2025-09-10 19:07:16 [main] INFO  tiempos - Duracion del proceso intercambiarReferencias: 16000 ns
2025-09-10 19:07:16 [main] INFO  tiempos - Duracion del proceso intercambiarReferencias: 32300 ns
2025-09-10 19:07:16 [main] INFO  tiempos - Duracion del proceso intercambiarReferencias: 31900 ns
2025-09-10 19:07:16 [main] INFO  tiempos - Duracion del proceso intercambiarReferencias: 16000 ns
2025-09-10 19:07:16 [main] INFO  tiempos - Duracion del proceso intercambiarReferencias: 37500 ns
2025-09-10 19:07:16 [main] INFO  tiempos - Duracion del proceso intercambiarReferencias: 32200 ns
2025-09-10 19:07:16 [main] INFO  tiempos - Duracion de encriptarFrase: 2646400 ns
2025-09-10 19:07:16 [main] INFO  tiempos - Duracion del proceso intercambiarReferencias: 45300 ns
2025-09-10 19:07:16 [main] INFO  tiempos - Duracion del proceso intercambiarReferencias: 37500 ns
2025-09-10 19:07:16 [main] INFO  tiempos - Duracion del proceso intercambiarReferencias: 16700 ns
2025-09-10 19:07:16 [main] INFO  tiempos - Duracion del proceso intercambiarReferencias: 31400 ns
2025-09-10 19:07:16 [main] INFO  tiempos - Duracion del proceso intercambiarReferencias: 16000 ns
2025-09-10 19:07:16 [main] INFO  tiempos - Duracion del proceso intercambiarReferencias: 56500 ns
2025-09-10 19:07:16 [main] INFO  tiempos - Duracion del proceso intercambiarReferencias: 30900 ns
2025-09-10 19:07:16 [main] INFO  tiempos - Duracion del proceso intercambiarReferencias: 15800 ns
2025-09-10 19:07:16 [main] INFO  tiempos - Duracion del proceso intercambiarReferencias: 67200 ns
2025-09-10 19:07:16 [main] INFO  tiempos - Duracion del proceso intercambiarReferencias: 16700 ns
2025-09-10 19:07:16 [main] INFO  tiempos - Duracion del proceso intercambiarReferencias: 34700 ns
2025-09-10 19:07:16 [main] INFO  tiempos - Duracion del proceso intercambiarReferencias: 31000 ns
2025-09-10 19:07:16 [main] INFO  tiempos - Duracion del proceso intercambiarReferencias: 15500 ns
2025-09-10 19:07:16 [main] INFO  tiempos - Duracion del proceso intercambiarReferencias: 46600 ns
2025-09-10 19:07:16 [main] INFO  tiempos - Duracion del proceso intercambiarReferencias: 64100 ns
2025-09-10 19:07:16 [main] INFO  tiempos - Duracion del proceso intercambiarReferencias: 16900 ns
2025-09-10 19:07:16 [main] INFO  tiempos - Duracion del proceso intercambiarReferencias: 15600 ns
2025-09-10 19:07:16 [main] INFO  tiempos - Duracion del proceso intercambiarReferencias: 15700 ns
2025-09-10 19:07:16 [main] INFO  tiempos - Duracion del proceso intercambiarReferencias: 31100 ns
2025-09-10 19:07:16 [main] INFO  tiempos - Duracion del proceso intercambiarReferencias: 30900 ns
2025-09-10 19:07:16 [main] INFO  tiempos - Duracion del proceso intercambiarReferencias: 15800 ns
2025-09-10 19:07:16 [main] INFO  tiempos - Duracion del proceso intercambiarReferencias: 30900 ns
2025-09-10 19:07:16 [main] INFO  tiempos - Duracion del proceso intercambiarReferencias: 30900 ns
2025-09-10 19:07:16 [main] INFO  tiempos - Duracion de desencriptarFrase: 941400 ns
2025-09-10 19:07:16 [main] INFO  tiempos - Duracion del proceso intercambiarReferencias: 17000 ns
2025-09-10 19:07:16 [main] INFO  tiempos - Duracion del proceso intercambiarReferencias: 15900 ns
2025-09-10 19:07:16 [main] INFO  tiempos - Duracion del proceso intercambiarReferencias: 15900 ns
2025-09-10 19:07:16 [main] INFO  tiempos - Duracion del proceso intercambiarReferencias: 15500 ns
2025-09-10 19:07:16 [main] INFO  tiempos - Duracion del proceso intercambiarReferencias: 65100 ns
2025-09-10 19:07:16 [main] INFO  tiempos - Duracion del proceso intercambiarReferencias: 15700 ns
2025-09-10 19:07:16 [main] INFO  tiempos - Duracion del proceso intercambiarReferencias: 32400 ns
2025-09-10 19:07:16 [main] INFO  tiempos - Duracion del proceso intercambiarReferencias: 15600 ns
2025-09-10 19:07:16 [main] INFO  tiempos - Duracion del proceso intercambiarReferencias: 15500 ns
2025-09-10 19:07:16 [main] INFO  tiempos - Duracion del proceso intercambiarReferencias: 31000 ns
2025-09-10 19:07:16 [main] INFO  tiempos - Duracion del proceso intercambiarReferencias: 15800 ns
2025-09-10 19:07:16 [main] INFO  tiempos - Duracion del proceso intercambiarReferencias: 45700 ns
2025-09-10 19:07:16 [main] INFO  tiempos - Duracion del proceso intercambiarReferencias: 31700 ns
2025-09-10 19:07:16 [main] INFO  tiempos - Duracion del proceso intercambiarReferencias: 30900 ns
2025-09-10 19:07:16 [main] INFO  tiempos - Duracion del proceso intercambiarReferencias: 77000 ns
2025-09-10 19:07:16 [main] INFO  tiempos - Duracion de encriptarFrase: 1529700 ns
2025-09-10 19:07:16 [main] INFO  tiempos - Duracion del proceso intercambiarReferencias: 21000 ns
2025-09-10 19:07:16 [main] INFO  tiempos - Duracion del proceso intercambiarReferencias: 17100 ns
2025-09-10 19:07:16 [main] INFO  tiempos - Duracion del proceso intercambiarReferencias: 17400 ns
2025-09-10 19:07:16 [main] INFO  tiempos - Duracion del proceso intercambiarReferencias: 18200 ns
2025-09-10 19:07:16 [main] INFO  tiempos - Duracion del proceso intercambiarReferencias: 32200 ns
2025-09-10 19:07:16 [main] INFO  tiempos - Duracion del proceso intercambiarReferencias: 16300 ns
2025-09-10 19:07:16 [main] INFO  tiempos - Duracion del proceso intercambiarReferencias: 31400 ns
2025-09-10 19:07:16 [main] INFO  tiempos - Duracion del proceso intercambiarReferencias: 35700 ns
2025-09-10 19:07:16 [main] INFO  tiempos - Duracion del proceso intercambiarReferencias: 16700 ns
2025-09-10 19:07:16 [main] INFO  tiempos - Duracion del proceso intercambiarReferencias: 31100 ns
2025-09-10 19:07:16 [main] INFO  tiempos - Duracion del proceso intercambiarReferencias: 16400 ns
2025-09-10 19:07:16 [main] INFO  tiempos - Duracion del proceso intercambiarReferencias: 47000 ns
2025-09-10 19:07:16 [main] INFO  tiempos - Duracion del proceso intercambiarReferencias: 34200 ns
2025-09-10 19:07:16 [main] INFO  tiempos - Duracion del proceso intercambiarReferencias: 31700 ns
2025-09-10 19:07:16 [main] INFO  tiempos - Duracion del proceso intercambiarReferencias: 186800 ns
2025-09-10 19:07:16 [main] INFO  tiempos - Duracion de desencriptarFrase: 693300 ns
2025-09-10 19:07:16 [main] INFO  tiempos - Duracion del proceso intercambiarReferencias: 19900 ns
2025-09-10 19:07:16 [main] INFO  tiempos - Duracion del proceso intercambiarReferencias: 47500 ns
2025-09-10 19:07:16 [main] INFO  tiempos - Duracion del proceso intercambiarReferencias: 16100 ns
2025-09-10 19:07:16 [main] INFO  tiempos - Duracion del proceso intercambiarReferencias: 17700 ns
2025-09-10 19:07:16 [main] INFO  tiempos - Duracion del proceso intercambiarReferencias: 62000 ns
2025-09-10 19:07:16 [main] INFO  tiempos - Duracion del proceso intercambiarReferencias: 31700 ns
2025-09-10 19:07:16 [main] INFO  tiempos - Duracion del proceso intercambiarReferencias: 63100 ns
2025-09-10 19:07:16 [main] INFO  tiempos - Duracion del proceso intercambiarReferencias: 31300 ns
2025-09-10 19:07:16 [main] INFO  tiempos - Duracion del proceso intercambiarReferencias: 15600 ns
2025-09-10 19:07:16 [main] INFO  tiempos - Duracion del proceso intercambiarReferencias: 109300 ns
2025-09-10 19:07:16 [main] INFO  tiempos - Duracion de encriptarFrase: 1526100 ns
2025-09-10 19:07:16 [main] INFO  tiempos - Duracion del proceso intercambiarReferencias: 22900 ns
2025-09-10 19:07:16 [main] INFO  tiempos - Duracion del proceso intercambiarReferencias: 48700 ns
2025-09-10 19:07:16 [main] INFO  tiempos - Duracion del proceso intercambiarReferencias: 16100 ns
2025-09-10 19:07:16 [main] INFO  tiempos - Duracion del proceso intercambiarReferencias: 15900 ns
2025-09-10 19:07:16 [main] INFO  tiempos - Duracion del proceso intercambiarReferencias: 64300 ns
2025-09-10 19:07:16 [main] INFO  tiempos - Duracion del proceso intercambiarReferencias: 31200 ns
2025-09-10 19:07:16 [main] INFO  tiempos - Duracion del proceso intercambiarReferencias: 65900 ns
2025-09-10 19:07:16 [main] INFO  tiempos - Duracion del proceso intercambiarReferencias: 31900 ns
2025-09-10 19:07:16 [main] INFO  tiempos - Duracion del proceso intercambiarReferencias: 16000 ns
2025-09-10 19:07:16 [main] INFO  tiempos - Duracion del proceso intercambiarReferencias: 108000 ns
2025-09-10 19:07:16 [main] INFO  tiempos - Duracion de desencriptarFrase: 517600 ns
2025-09-10 19:07:16 [main] INFO  tiempos - Duracion del proceso intercambiarReferencias: 32500 ns
2025-09-10 19:07:16 [main] INFO  tiempos - Duracion del proceso intercambiarReferencias: 34200 ns
2025-09-10 19:07:16 [main] INFO  tiempos - Duracion del proceso intercambiarReferencias: 31100 ns
2025-09-10 19:07:16 [main] INFO  tiempos - Duracion del proceso intercambiarReferencias: 15800 ns
2025-09-10 19:07:16 [main] INFO  tiempos - Duracion del proceso intercambiarReferencias: 30300 ns
2025-09-10 19:07:16 [main] INFO  tiempos - Duracion del proceso intercambiarReferencias: 46200 ns
2025-09-10 19:07:16 [main] INFO  tiempos - Duracion del proceso intercambiarReferencias: 45900 ns
2025-09-10 19:07:16 [main] INFO  tiempos - Duracion del proceso intercambiarReferencias: 15500 ns
2025-09-10 19:07:16 [main] INFO  tiempos - Duracion del proceso intercambiarReferencias: 31000 ns
2025-09-10 19:07:16 [main] INFO  tiempos - Duracion del proceso intercambiarReferencias: 15600 ns
2025-09-10 19:07:16 [main] INFO  tiempos - Duracion del proceso intercambiarReferencias: 30900 ns
2025-09-10 19:07:16 [main] INFO  tiempos - Duracion del proceso intercambiarReferencias: 31000 ns
2025-09-10 19:07:16 [main] INFO  tiempos - Duracion del proceso intercambiarReferencias: 17600 ns
2025-09-10 19:07:16 [main] INFO  tiempos - Duracion del proceso intercambiarReferencias: 15100 ns
2025-09-10 19:07:16 [main] INFO  tiempos - Duracion del proceso intercambiarReferencias: 15200 ns
2025-09-10 19:07:16 [main] INFO  tiempos - Duracion del proceso intercambiarReferencias: 15300 ns
2025-09-10 19:07:16 [main] INFO  tiempos - Duracion del proceso intercambiarReferencias: 31000 ns
2025-09-10 19:07:16 [main] INFO  tiempos - Duracion del proceso intercambiarReferencias: 16300 ns
2025-09-10 19:07:16 [main] INFO  tiempos - Duracion del proceso intercambiarReferencias: 20700 ns
2025-09-10 19:07:16 [main] INFO  tiempos - Duracion del proceso intercambiarReferencias: 38700 ns
2025-09-10 19:07:16 [main] INFO  tiempos - Duracion de encriptarFrase: 2013000 ns
2025-09-10 19:07:16 [main] INFO  tiempos - Duracion del proceso intercambiarReferencias: 40100 ns
2025-09-10 19:07:16 [main] INFO  tiempos - Duracion del proceso intercambiarReferencias: 31900 ns
2025-09-10 19:07:16 [main] INFO  tiempos - Duracion del proceso intercambiarReferencias: 31600 ns
2025-09-10 19:07:16 [main] INFO  tiempos - Duracion del proceso intercambiarReferencias: 20500 ns
2025-09-10 19:07:16 [main] INFO  tiempos - Duracion del proceso intercambiarReferencias: 32600 ns
2025-09-10 19:07:16 [main] INFO  tiempos - Duracion del proceso intercambiarReferencias: 47500 ns
2025-09-10 19:07:16 [main] INFO  tiempos - Duracion del proceso intercambiarReferencias: 46800 ns
2025-09-10 19:07:16 [main] INFO  tiempos - Duracion del proceso intercambiarReferencias: 16300 ns
2025-09-10 19:07:16 [main] INFO  tiempos - Duracion del proceso intercambiarReferencias: 31200 ns
2025-09-10 19:07:16 [main] INFO  tiempos - Duracion del proceso intercambiarReferencias: 15400 ns
2025-09-10 19:07:16 [main] INFO  tiempos - Duracion del proceso intercambiarReferencias: 88100 ns
2025-09-10 19:07:16 [main] INFO  tiempos - Duracion del proceso intercambiarReferencias: 32300 ns
2025-09-10 19:07:16 [main] INFO  tiempos - Duracion del proceso intercambiarReferencias: 15900 ns
2025-09-10 19:07:16 [main] INFO  tiempos - Duracion del proceso intercambiarReferencias: 15300 ns
2025-09-10 19:07:16 [main] INFO  tiempos - Duracion del proceso intercambiarReferencias: 15400 ns
2025-09-10 19:07:16 [main] INFO  tiempos - Duracion del proceso intercambiarReferencias: 15900 ns
2025-09-10 19:07:16 [main] INFO  tiempos - Duracion del proceso intercambiarReferencias: 30500 ns
2025-09-10 19:07:16 [main] INFO  tiempos - Duracion del proceso intercambiarReferencias: 15700 ns
2025-09-10 19:07:16 [main] INFO  tiempos - Duracion del proceso intercambiarReferencias: 15400 ns
2025-09-10 19:07:16 [main] INFO  tiempos - Duracion del proceso intercambiarReferencias: 30400 ns
2025-09-10 19:07:16 [main] INFO  tiempos - Duracion de desencriptarFrase: 752400 ns
2025-09-10 19:07:16 [main] INFO  tiempos - Duracion del proceso intercambiarReferencias: 43100 ns
2025-09-10 19:07:16 [main] INFO  tiempos - Duracion del proceso intercambiarReferencias: 60800 ns
2025-09-10 19:07:16 [main] INFO  tiempos - Duracion del proceso intercambiarReferencias: 77200 ns
2025-09-10 19:07:16 [main] INFO  tiempos - Duracion del proceso intercambiarReferencias: 70300 ns
2025-09-10 19:07:16 [main] INFO  tiempos - Duracion del proceso intercambiarReferencias: 15700 ns
2025-09-10 19:07:16 [main] INFO  tiempos - Duracion del proceso intercambiarReferencias: 15700 ns
2025-09-10 19:07:16 [main] INFO  tiempos - Duracion del proceso intercambiarReferencias: 34200 ns
2025-09-10 19:07:16 [main] INFO  tiempos - Duracion del proceso intercambiarReferencias: 15500 ns
2025-09-10 19:07:16 [main] INFO  tiempos - Duracion del proceso intercambiarReferencias: 62200 ns
2025-09-10 19:07:16 [main] INFO  tiempos - Duracion del proceso intercambiarReferencias: 15800 ns
2025-09-10 19:07:16 [main] INFO  tiempos - Duracion del proceso intercambiarReferencias: 30900 ns
2025-09-10 19:07:16 [main] INFO  tiempos - Duracion del proceso intercambiarReferencias: 15400 ns
2025-09-10 19:07:16 [main] INFO  tiempos - Duracion del proceso intercambiarReferencias: 33000 ns
2025-09-10 19:07:16 [main] INFO  tiempos - Duracion del proceso intercambiarReferencias: 15500 ns
2025-09-10 19:07:16 [main] INFO  tiempos - Duracion del proceso intercambiarReferencias: 60700 ns
2025-09-10 19:07:16 [main] INFO  tiempos - Duracion del proceso intercambiarReferencias: 15300 ns
2025-09-10 19:07:16 [main] INFO  tiempos - Duracion del proceso intercambiarReferencias: 30800 ns
2025-09-10 19:07:16 [main] INFO  tiempos - Duracion del proceso intercambiarReferencias: 15500 ns
2025-09-10 19:07:16 [main] INFO  tiempos - Duracion del proceso intercambiarReferencias: 45900 ns
2025-09-10 19:07:16 [main] INFO  tiempos - Duracion del proceso intercambiarReferencias: 15100 ns
2025-09-10 19:07:16 [main] INFO  tiempos - Duracion de encriptarFrase: 2541300 ns
2025-09-10 19:07:16 [main] INFO  tiempos - Duracion del proceso intercambiarReferencias: 43400 ns
2025-09-10 19:07:16 [main] INFO  tiempos - Duracion del proceso intercambiarReferencias: 71100 ns
2025-09-10 19:07:16 [main] INFO  tiempos - Duracion del proceso intercambiarReferencias: 31200 ns
2025-09-10 19:07:16 [main] INFO  tiempos - Duracion del proceso intercambiarReferencias: 31000 ns
2025-09-10 19:07:16 [main] INFO  tiempos - Duracion del proceso intercambiarReferencias: 15600 ns
2025-09-10 19:07:16 [main] INFO  tiempos - Duracion del proceso intercambiarReferencias: 16100 ns
2025-09-10 19:07:16 [main] INFO  tiempos - Duracion del proceso intercambiarReferencias: 47100 ns
2025-09-10 19:07:16 [main] INFO  tiempos - Duracion del proceso intercambiarReferencias: 32400 ns
2025-09-10 19:07:16 [main] INFO  tiempos - Duracion del proceso intercambiarReferencias: 65900 ns
2025-09-10 19:07:16 [main] INFO  tiempos - Duracion del proceso intercambiarReferencias: 15900 ns
2025-09-10 19:07:16 [main] INFO  tiempos - Duracion del proceso intercambiarReferencias: 31300 ns
2025-09-10 19:07:16 [main] INFO  tiempos - Duracion del proceso intercambiarReferencias: 15600 ns
2025-09-10 19:07:16 [main] INFO  tiempos - Duracion del proceso intercambiarReferencias: 31200 ns
2025-09-10 19:07:16 [main] INFO  tiempos - Duracion del proceso intercambiarReferencias: 15700 ns
2025-09-10 19:07:16 [main] INFO  tiempos - Duracion del proceso intercambiarReferencias: 61100 ns
2025-09-10 19:07:16 [main] INFO  tiempos - Duracion del proceso intercambiarReferencias: 15600 ns
2025-09-10 19:07:16 [main] INFO  tiempos - Duracion del proceso intercambiarReferencias: 33400 ns
2025-09-10 19:07:16 [main] INFO  tiempos - Duracion del proceso intercambiarReferencias: 15500 ns
2025-09-10 19:07:16 [main] INFO  tiempos - Duracion del proceso intercambiarReferencias: 46100 ns
2025-09-10 19:07:16 [main] INFO  tiempos - Duracion del proceso intercambiarReferencias: 15800 ns
2025-09-10 19:07:16 [main] INFO  tiempos - Duracion de desencriptarFrase: 820800 ns
2025-09-10 19:07:16 [main] INFO  tiempos - Duracion del proceso intercambiarReferencias: 28000 ns
2025-09-10 19:07:16 [main] INFO  tiempos - Duracion del proceso intercambiarReferencias: 73300 ns
2025-09-10 19:07:16 [main] INFO  tiempos - Duracion del proceso intercambiarReferencias: 25800 ns
2025-09-10 19:07:16 [main] INFO  tiempos - intercambiarReferencias duration: 0 ms
2025-09-10 19:07:16 [main] INFO  tiempos - Duracion del proceso intercambiarReferencias: 27600 ns
2025-09-10 19:07:16 [main] INFO  tiempos - Duracion del proceso intercambiarReferencias: 88700 ns
2025-09-10 19:07:16 [main] INFO  tiempos - Duracion del proceso intercambiarReferencias: 38700 ns
2025-09-10 19:07:16 [main] INFO  tiempos - Duracion del proceso intercambiarReferencias: 16200 ns
2025-09-10 19:07:16 [main] INFO  tiempos - Duracion del proceso intercambiarReferencias: 17500 ns
2025-09-10 19:07:16 [main] INFO  tiempos - Duracion del proceso intercambiarReferencias: 100700 ns
2025-09-10 19:07:16 [main] INFO  tiempos - Duracion del proceso intercambiarReferencias: 31900 ns
2025-09-10 19:07:16 [main] INFO  tiempos - Duracion de encriptarFrase: 1614400 ns
2025-09-10 19:07:16 [main] INFO  tiempos - Duracion del proceso intercambiarReferencias: 19300 ns
2025-09-10 19:07:16 [main] INFO  tiempos - Duracion del proceso intercambiarReferencias: 55800 ns
2025-09-10 19:07:16 [main] INFO  tiempos - Duracion del proceso intercambiarReferencias: 16000 ns
2025-09-10 19:07:16 [main] INFO  tiempos - intercambiarReferencias duration: 0 ms
2025-09-10 19:07:16 [main] INFO  tiempos - Duracion del proceso intercambiarReferencias: 11300 ns
2025-09-10 19:07:16 [main] INFO  tiempos - Duracion del proceso intercambiarReferencias: 31300 ns
2025-09-10 19:07:16 [main] INFO  tiempos - Duracion del proceso intercambiarReferencias: 35700 ns
2025-09-10 19:07:16 [main] INFO  tiempos - Duracion del proceso intercambiarReferencias: 15800 ns
2025-09-10 19:07:16 [main] INFO  tiempos - Duracion del proceso intercambiarReferencias: 15800 ns
2025-09-10 19:07:16 [main] INFO  tiempos - Duracion del proceso intercambiarReferencias: 61600 ns
2025-09-10 19:07:16 [main] INFO  tiempos - Duracion del proceso intercambiarReferencias: 30900 ns
2025-09-10 19:07:16 [main] INFO  tiempos - Duracion de desencriptarFrase: 380500 ns
2025-09-10 19:07:16 [main] INFO  tiempos - Duracion del proceso intercambiarReferencias: 24800 ns
2025-09-10 19:07:16 [main] INFO  tiempos - Duracion del proceso intercambiarReferencias: 57200 ns
2025-09-10 19:07:16 [main] INFO  tiempos - Duracion del proceso intercambiarReferencias: 19100 ns
2025-09-10 19:07:16 [main] INFO  tiempos - Duracion del proceso intercambiarReferencias: 57200 ns
2025-09-10 19:07:16 [main] INFO  tiempos - Duracion del proceso intercambiarReferencias: 19200 ns
2025-09-10 19:07:16 [main] INFO  tiempos - Duracion del proceso intercambiarReferencias: 41300 ns
2025-09-10 19:07:16 [main] INFO  tiempos - Duracion del proceso intercambiarReferencias: 78700 ns
2025-09-10 19:07:16 [main] INFO  tiempos - Duracion del proceso intercambiarReferencias: 31500 ns
2025-09-10 19:07:16 [main] INFO  tiempos - Duracion del proceso intercambiarReferencias: 15500 ns
2025-09-10 19:07:16 [main] INFO  tiempos - Duracion del proceso intercambiarReferencias: 46500 ns
2025-09-10 19:07:16 [main] INFO  tiempos - Duracion del proceso intercambiarReferencias: 16200 ns
2025-09-10 19:07:16 [main] INFO  tiempos - Duracion del proceso intercambiarReferencias: 61500 ns
2025-09-10 19:07:16 [main] INFO  tiempos - Duracion de encriptarFrase: 1667200 ns
2025-09-10 19:07:16 [main] INFO  tiempos - Duracion del proceso intercambiarReferencias: 21700 ns
2025-09-10 19:07:16 [main] INFO  tiempos - Duracion del proceso intercambiarReferencias: 49000 ns
2025-09-10 19:07:16 [main] INFO  tiempos - Duracion del proceso intercambiarReferencias: 16300 ns
2025-09-10 19:07:16 [main] INFO  tiempos - Duracion del proceso intercambiarReferencias: 46500 ns
2025-09-10 19:07:16 [main] INFO  tiempos - Duracion del proceso intercambiarReferencias: 20300 ns
2025-09-10 19:07:16 [main] INFO  tiempos - Duracion del proceso intercambiarReferencias: 40500 ns
2025-09-10 19:07:16 [main] INFO  tiempos - Duracion del proceso intercambiarReferencias: 62600 ns
2025-09-10 19:07:16 [main] INFO  tiempos - Duracion del proceso intercambiarReferencias: 31500 ns
2025-09-10 19:07:16 [main] INFO  tiempos - Duracion del proceso intercambiarReferencias: 16100 ns
2025-09-10 19:07:16 [main] INFO  tiempos - Duracion del proceso intercambiarReferencias: 46800 ns
2025-09-10 19:07:16 [main] INFO  tiempos - Duracion del proceso intercambiarReferencias: 16500 ns
2025-09-10 19:07:16 [main] INFO  tiempos - Duracion del proceso intercambiarReferencias: 65700 ns
2025-09-10 19:07:16 [main] INFO  tiempos - Duracion de desencriptarFrase: 546900 ns
2025-09-10 19:07:16 [main] INFO  tiempos - Duracion del proceso intercambiarReferencias: 17600 ns
2025-09-10 19:07:16 [main] INFO  tiempos - Duracion del proceso intercambiarReferencias: 47900 ns
2025-09-10 19:07:16 [main] INFO  tiempos - Duracion del proceso intercambiarReferencias: 16300 ns
2025-09-10 19:07:16 [main] INFO  tiempos - Duracion del proceso intercambiarReferencias: 63300 ns
2025-09-10 19:07:16 [main] INFO  tiempos - Duracion del proceso intercambiarReferencias: 15800 ns
2025-09-10 19:07:16 [main] INFO  tiempos - Duracion del proceso intercambiarReferencias: 49900 ns
2025-09-10 19:07:16 [main] INFO  tiempos - Duracion del proceso intercambiarReferencias: 15800 ns
2025-09-10 19:07:16 [main] INFO  tiempos - Duracion del proceso intercambiarReferencias: 62600 ns
2025-09-10 19:07:16 [main] INFO  tiempos - Duracion de encriptarFrase: 1126800 ns
2025-09-10 19:07:16 [main] INFO  tiempos - Duracion del proceso intercambiarReferencias: 20700 ns
2025-09-10 19:07:16 [main] INFO  tiempos - Duracion del proceso intercambiarReferencias: 48600 ns
2025-09-10 19:07:16 [main] INFO  tiempos - Duracion del proceso intercambiarReferencias: 16700 ns
2025-09-10 19:07:16 [main] INFO  tiempos - Duracion del proceso intercambiarReferencias: 68200 ns
2025-09-10 19:07:16 [main] INFO  tiempos - Duracion del proceso intercambiarReferencias: 16100 ns
2025-09-10 19:07:16 [main] INFO  tiempos - Duracion del proceso intercambiarReferencias: 47000 ns
2025-09-10 19:07:16 [main] INFO  tiempos - Duracion del proceso intercambiarReferencias: 16000 ns
2025-09-10 19:07:16 [main] INFO  tiempos - Duracion del proceso intercambiarReferencias: 63100 ns
2025-09-10 19:07:16 [main] INFO  tiempos - Duracion de desencriptarFrase: 377300 ns
2025-09-10 19:07:16 [main] INFO  tiempos - Duracion del proceso intercambiarReferencias: 30800 ns
2025-09-10 19:07:16 [main] INFO  tiempos - Duracion del proceso intercambiarReferencias: 31500 ns
2025-09-10 19:07:16 [main] INFO  tiempos - Duracion del proceso intercambiarReferencias: 16800 ns
2025-09-10 19:07:16 [main] INFO  tiempos - Duracion del proceso intercambiarReferencias: 31200 ns
2025-09-10 19:07:16 [main] INFO  tiempos - Duracion del proceso intercambiarReferencias: 31300 ns
2025-09-10 19:07:16 [main] INFO  tiempos - Duracion del proceso intercambiarReferencias: 15500 ns
2025-09-10 19:07:16 [main] INFO  tiempos - Duracion del proceso intercambiarReferencias: 46600 ns
2025-09-10 19:07:16 [main] INFO  tiempos - Duracion del proceso intercambiarReferencias: 15700 ns
2025-09-10 19:07:16 [main] INFO  tiempos - Duracion del proceso intercambiarReferencias: 15600 ns
2025-09-10 19:07:16 [main] INFO  tiempos - Duracion del proceso intercambiarReferencias: 31700 ns
2025-09-10 19:07:16 [main] INFO  tiempos - Duracion del proceso intercambiarReferencias: 16000 ns
2025-09-10 19:07:16 [main] INFO  tiempos - Duracion del proceso intercambiarReferencias: 17000 ns
2025-09-10 19:07:16 [main] INFO  tiempos - Duracion del proceso intercambiarReferencias: 45600 ns
2025-09-10 19:07:16 [main] INFO  tiempos - Duracion del proceso intercambiarReferencias: 15500 ns
2025-09-10 19:07:16 [main] INFO  tiempos - Duracion del proceso intercambiarReferencias: 31100 ns
2025-09-10 19:07:16 [main] INFO  tiempos - Duracion del proceso intercambiarReferencias: 15600 ns
2025-09-10 19:07:16 [main] INFO  tiempos - intercambiarReferencias duration: 0 ms
2025-09-10 19:07:16 [main] INFO  tiempos - Duracion del proceso intercambiarReferencias: 11800 ns
2025-09-10 19:07:16 [main] INFO  tiempos - Duracion del proceso intercambiarReferencias: 47200 ns
2025-09-10 19:07:16 [main] INFO  tiempos - Duracion del proceso intercambiarReferencias: 15500 ns
2025-09-10 19:07:16 [main] INFO  tiempos - Duracion del proceso intercambiarReferencias: 60700 ns
2025-09-10 19:07:16 [main] INFO  tiempos - Duracion de encriptarFrase: 2189000 ns
2025-09-10 19:07:16 [main] INFO  tiempos - Duracion del proceso intercambiarReferencias: 23800 ns
2025-09-10 19:07:16 [main] INFO  tiempos - Duracion del proceso intercambiarReferencias: 33200 ns
2025-09-10 19:07:16 [main] INFO  tiempos - Duracion del proceso intercambiarReferencias: 15900 ns
2025-09-10 19:07:16 [main] INFO  tiempos - Duracion del proceso intercambiarReferencias: 30700 ns
2025-09-10 19:07:16 [main] INFO  tiempos - Duracion del proceso intercambiarReferencias: 35300 ns
2025-09-10 19:07:16 [main] INFO  tiempos - Duracion del proceso intercambiarReferencias: 20400 ns
2025-09-10 19:07:16 [main] INFO  tiempos - Duracion del proceso intercambiarReferencias: 46300 ns
2025-09-10 19:07:16 [main] INFO  tiempos - Duracion del proceso intercambiarReferencias: 16000 ns
2025-09-10 19:07:16 [main] INFO  tiempos - Duracion del proceso intercambiarReferencias: 16200 ns
2025-09-10 19:07:16 [main] INFO  tiempos - Duracion del proceso intercambiarReferencias: 31200 ns
2025-09-10 19:07:16 [main] INFO  tiempos - Duracion del proceso intercambiarReferencias: 15800 ns
2025-09-10 19:07:16 [main] INFO  tiempos - Duracion del proceso intercambiarReferencias: 15900 ns
2025-09-10 19:07:16 [main] INFO  tiempos - Duracion del proceso intercambiarReferencias: 45800 ns
2025-09-10 19:07:16 [main] INFO  tiempos - Duracion del proceso intercambiarReferencias: 15600 ns
2025-09-10 19:07:16 [main] INFO  tiempos - Duracion del proceso intercambiarReferencias: 33800 ns
2025-09-10 19:07:16 [main] INFO  tiempos - Duracion del proceso intercambiarReferencias: 15300 ns
2025-09-10 19:07:16 [main] INFO  tiempos - intercambiarReferencias duration: 0 ms
2025-09-10 19:07:16 [main] INFO  tiempos - Duracion del proceso intercambiarReferencias: 11400 ns
2025-09-10 19:07:16 [main] INFO  tiempos - Duracion del proceso intercambiarReferencias: 46100 ns
2025-09-10 19:07:16 [main] INFO  tiempos - Duracion del proceso intercambiarReferencias: 15800 ns
2025-09-10 19:07:16 [main] INFO  tiempos - Duracion del proceso intercambiarReferencias: 60800 ns
2025-09-10 19:07:16 [main] INFO  tiempos - Duracion de desencriptarFrase: 705600 ns
2025-09-10 19:07:16 [main] INFO  tiempos - Duracion del proceso intercambiarReferencias: 16300 ns
2025-09-10 19:07:16 [main] INFO  tiempos - Duracion del proceso intercambiarReferencias: 31200 ns
2025-09-10 19:07:16 [main] INFO  tiempos - Duracion del proceso intercambiarReferencias: 33500 ns
2025-09-10 19:07:16 [main] INFO  tiempos - intercambiarReferencias duration: 0 ms
2025-09-10 19:07:16 [main] INFO  tiempos - Duracion del proceso intercambiarReferencias: 11100 ns
2025-09-10 19:07:16 [main] INFO  tiempos - Duracion del proceso intercambiarReferencias: 15900 ns
2025-09-10 19:07:16 [main] INFO  tiempos - Duracion del proceso intercambiarReferencias: 15700 ns
2025-09-10 19:07:16 [main] INFO  tiempos - Duracion del proceso intercambiarReferencias: 15600 ns
2025-09-10 19:07:16 [main] INFO  tiempos - Duracion del proceso intercambiarReferencias: 228100 ns
2025-09-10 19:07:16 [main] INFO  tiempos - Duracion del proceso intercambiarReferencias: 78500 ns
2025-09-10 19:07:16 [main] INFO  tiempos - Duracion del proceso intercambiarReferencias: 76700 ns
2025-09-10 19:07:16 [main] INFO  tiempos - Duracion del proceso intercambiarReferencias: 47600 ns
2025-09-10 19:07:16 [main] INFO  tiempos - Duracion del proceso intercambiarReferencias: 47400 ns
2025-09-10 19:07:16 [main] INFO  tiempos - Duracion del proceso intercambiarReferencias: 25200 ns
2025-09-10 19:07:16 [main] INFO  tiempos - Duracion del proceso intercambiarReferencias: 47300 ns
2025-09-10 19:07:16 [main] INFO  tiempos - Duracion del proceso intercambiarReferencias: 24200 ns
2025-09-10 19:07:16 [main] INFO  tiempos - Duracion de encriptarFrase: 2254800 ns
2025-09-10 19:07:16 [main] INFO  tiempos - Duracion del proceso intercambiarReferencias: 22900 ns
2025-09-10 19:07:16 [main] INFO  tiempos - Duracion del proceso intercambiarReferencias: 36800 ns
2025-09-10 19:07:16 [main] INFO  tiempos - Duracion del proceso intercambiarReferencias: 31900 ns
2025-09-10 19:07:16 [main] INFO  tiempos - intercambiarReferencias duration: 0 ms
2025-09-10 19:07:16 [main] INFO  tiempos - Duracion del proceso intercambiarReferencias: 12600 ns
2025-09-10 19:07:16 [main] INFO  tiempos - Duracion del proceso intercambiarReferencias: 16500 ns
2025-09-10 19:07:16 [main] INFO  tiempos - Duracion del proceso intercambiarReferencias: 16200 ns
2025-09-10 19:07:16 [main] INFO  tiempos - Duracion del proceso intercambiarReferencias: 15900 ns
2025-09-10 19:07:16 [main] INFO  tiempos - Duracion del proceso intercambiarReferencias: 77700 ns
2025-09-10 19:07:16 [main] INFO  tiempos - Duracion del proceso intercambiarReferencias: 33400 ns
2025-09-10 19:07:16 [main] INFO  tiempos - Duracion del proceso intercambiarReferencias: 47800 ns
2025-09-10 19:07:16 [main] INFO  tiempos - Duracion del proceso intercambiarReferencias: 33800 ns
2025-09-10 19:07:16 [main] INFO  tiempos - Duracion del proceso intercambiarReferencias: 46700 ns
2025-09-10 19:07:16 [main] INFO  tiempos - Duracion del proceso intercambiarReferencias: 16900 ns
2025-09-10 19:07:16 [main] INFO  tiempos - Duracion del proceso intercambiarReferencias: 31000 ns
2025-09-10 19:07:16 [main] INFO  tiempos - Duracion del proceso intercambiarReferencias: 15900 ns
2025-09-10 19:07:16 [main] INFO  tiempos - Duracion de desencriptarFrase: 588900 ns
2025-09-10 19:07:16 [main] INFO  tiempos - Duracion del proceso intercambiarReferencias: 90200 ns
2025-09-10 19:07:16 [main] INFO  tiempos - Duracion del proceso intercambiarReferencias: 27000 ns
2025-09-10 19:07:16 [main] INFO  tiempos - intercambiarReferencias duration: 0 ms
2025-09-10 19:07:16 [main] INFO  tiempos - Duracion del proceso intercambiarReferencias: 12500 ns
2025-09-10 19:07:16 [main] INFO  tiempos - Duracion del proceso intercambiarReferencias: 52600 ns
2025-09-10 19:07:16 [main] INFO  tiempos - Duracion del proceso intercambiarReferencias: 65100 ns
2025-09-10 19:07:16 [main] INFO  tiempos - Duracion de encriptarFrase: 1140900 ns
2025-09-10 19:07:16 [main] INFO  tiempos - Duracion del proceso intercambiarReferencias: 92500 ns
2025-09-10 19:07:16 [main] INFO  tiempos - Duracion del proceso intercambiarReferencias: 20600 ns
2025-09-10 19:07:16 [main] INFO  tiempos - intercambiarReferencias duration: 0 ms
2025-09-10 19:07:16 [main] INFO  tiempos - Duracion del proceso intercambiarReferencias: 13800 ns
2025-09-10 19:07:16 [main] INFO  tiempos - Duracion del proceso intercambiarReferencias: 33600 ns
2025-09-10 19:07:16 [main] INFO  tiempos - Duracion del proceso intercambiarReferencias: 64700 ns
2025-09-10 19:07:16 [main] INFO  tiempos - Duracion de desencriptarFrase: 294200 ns
2025-09-10 19:07:16 [main] INFO  tiempos - Duracion del proceso intercambiarReferencias: 16600 ns
2025-09-10 19:07:16 [main] INFO  tiempos - Duracion del proceso intercambiarReferencias: 16400 ns
2025-09-10 19:07:16 [main] INFO  tiempos - Duracion del proceso intercambiarReferencias: 48400 ns
2025-09-10 19:07:16 [main] INFO  tiempos - Duracion del proceso intercambiarReferencias: 19600 ns
2025-09-10 19:07:16 [main] INFO  tiempos - Duracion del proceso intercambiarReferencias: 32100 ns
2025-09-10 19:07:16 [main] INFO  tiempos - Duracion del proceso intercambiarReferencias: 47800 ns
2025-09-10 19:07:16 [main] INFO  tiempos - Duracion del proceso intercambiarReferencias: 31600 ns
2025-09-10 19:07:16 [main] INFO  tiempos - Duracion del proceso intercambiarReferencias: 65000 ns
2025-09-10 19:07:16 [main] INFO  tiempos - Duracion del proceso intercambiarReferencias: 16400 ns
2025-09-10 19:07:16 [main] INFO  tiempos - Duracion del proceso intercambiarReferencias: 31900 ns
2025-09-10 19:07:16 [main] INFO  tiempos - Duracion del proceso intercambiarReferencias: 31700 ns
2025-09-10 19:07:16 [main] INFO  tiempos - Duracion del proceso intercambiarReferencias: 62900 ns
2025-09-10 19:07:16 [main] INFO  tiempos - Duracion de encriptarFrase: 1467400 ns
2025-09-10 19:07:16 [main] INFO  tiempos - Duracion del proceso intercambiarReferencias: 35100 ns
2025-09-10 19:07:16 [main] INFO  tiempos - Duracion del proceso intercambiarReferencias: 34300 ns
2025-09-10 19:07:16 [main] INFO  tiempos - Duracion del proceso intercambiarReferencias: 87300 ns
2025-09-10 19:07:16 [main] INFO  tiempos - Duracion del proceso intercambiarReferencias: 32800 ns
2025-09-10 19:07:16 [main] INFO  tiempos - Duracion del proceso intercambiarReferencias: 64500 ns
2025-09-10 19:07:16 [main] INFO  tiempos - Duracion del proceso intercambiarReferencias: 88900 ns
2025-09-10 19:07:16 [main] INFO  tiempos - Duracion del proceso intercambiarReferencias: 62100 ns
2025-09-10 19:07:16 [main] INFO  tiempos - Duracion del proceso intercambiarReferencias: 110600 ns
2025-09-10 19:07:16 [main] INFO  tiempos - Duracion del proceso intercambiarReferencias: 28700 ns
2025-09-10 19:07:16 [main] INFO  tiempos - Duracion del proceso intercambiarReferencias: 53500 ns
2025-09-10 19:07:16 [main] INFO  tiempos - Duracion del proceso intercambiarReferencias: 51700 ns
2025-09-10 19:07:16 [main] INFO  tiempos - Duracion del proceso intercambiarReferencias: 109400 ns
2025-09-10 19:07:16 [main] INFO  tiempos - Duracion de desencriptarFrase: 952600 ns
2025-09-10 19:07:16 [main] INFO  tiempos - intercambiarReferencias duration: 0 ms
2025-09-10 19:07:16 [main] INFO  tiempos - Duracion del proceso intercambiarReferencias: 21500 ns
2025-09-10 19:07:16 [main] INFO  tiempos - Duracion del proceso intercambiarReferencias: 103100 ns
2025-09-10 19:07:16 [main] INFO  tiempos - Duracion del proceso intercambiarReferencias: 25600 ns
2025-09-10 19:07:16 [main] INFO  tiempos - Duracion del proceso intercambiarReferencias: 30700 ns
2025-09-10 19:07:16 [main] INFO  tiempos - Duracion del proceso intercambiarReferencias: 18500 ns
2025-09-10 19:07:16 [main] INFO  tiempos - Duracion del proceso intercambiarReferencias: 31800 ns
2025-09-10 19:07:16 [main] INFO  tiempos - Duracion del proceso intercambiarReferencias: 32000 ns
2025-09-10 19:07:16 [main] INFO  tiempos - Duracion del proceso intercambiarReferencias: 31100 ns
2025-09-10 19:07:16 [main] INFO  tiempos - Duracion del proceso intercambiarReferencias: 15600 ns
2025-09-10 19:07:16 [main] INFO  tiempos - Duracion del proceso intercambiarReferencias: 31400 ns
2025-09-10 19:07:16 [main] INFO  tiempos - Duracion del proceso intercambiarReferencias: 34100 ns
2025-09-10 19:07:16 [main] INFO  tiempos - Duracion del proceso intercambiarReferencias: 15800 ns
2025-09-10 19:07:16 [main] INFO  tiempos - Duracion del proceso intercambiarReferencias: 31500 ns
2025-09-10 19:07:16 [main] INFO  tiempos - Duracion del proceso intercambiarReferencias: 40400 ns
2025-09-10 19:07:16 [main] INFO  tiempos - Duracion de encriptarFrase: 1762100 ns
2025-09-10 19:07:16 [main] INFO  tiempos - intercambiarReferencias duration: 0 ms
2025-09-10 19:07:16 [main] INFO  tiempos - Duracion del proceso intercambiarReferencias: 18900 ns
2025-09-10 19:07:16 [main] INFO  tiempos - Duracion del proceso intercambiarReferencias: 65900 ns
2025-09-10 19:07:16 [main] INFO  tiempos - Duracion del proceso intercambiarReferencias: 17000 ns
2025-09-10 19:07:16 [main] INFO  tiempos - Duracion del proceso intercambiarReferencias: 16100 ns
2025-09-10 19:07:16 [main] INFO  tiempos - Duracion del proceso intercambiarReferencias: 16400 ns
2025-09-10 19:07:16 [main] INFO  tiempos - Duracion del proceso intercambiarReferencias: 31900 ns
2025-09-10 19:07:16 [main] INFO  tiempos - Duracion del proceso intercambiarReferencias: 36300 ns
2025-09-10 19:07:16 [main] INFO  tiempos - Duracion del proceso intercambiarReferencias: 31900 ns
2025-09-10 19:07:16 [main] INFO  tiempos - Duracion del proceso intercambiarReferencias: 15600 ns
2025-09-10 19:07:16 [main] INFO  tiempos - Duracion del proceso intercambiarReferencias: 31600 ns
2025-09-10 19:07:16 [main] INFO  tiempos - Duracion del proceso intercambiarReferencias: 31400 ns
2025-09-10 19:07:16 [main] INFO  tiempos - Duracion del proceso intercambiarReferencias: 15900 ns
2025-09-10 19:07:16 [main] INFO  tiempos - Duracion del proceso intercambiarReferencias: 31500 ns
2025-09-10 19:07:16 [main] INFO  tiempos - Duracion del proceso intercambiarReferencias: 33600 ns
2025-09-10 19:07:16 [main] INFO  tiempos - Duracion de desencriptarFrase: 521900 ns
2025-09-10 19:07:16 [main] INFO  tiempos - Duracion del proceso intercambiarReferencias: 47000 ns
2025-09-10 19:07:16 [main] INFO  tiempos - Duracion del proceso intercambiarReferencias: 16100 ns
2025-09-10 19:07:16 [main] INFO  tiempos - Duracion del proceso intercambiarReferencias: 15500 ns
2025-09-10 19:07:16 [main] INFO  tiempos - Duracion del proceso intercambiarReferencias: 64600 ns
2025-09-10 19:07:16 [main] INFO  tiempos - Duracion del proceso intercambiarReferencias: 15400 ns
2025-09-10 19:07:16 [main] INFO  tiempos - Duracion del proceso intercambiarReferencias: 65900 ns
2025-09-10 19:07:16 [main] INFO  tiempos - Duracion de encriptarFrase: 815100 ns
2025-09-10 19:07:16 [main] INFO  tiempos - Duracion del proceso intercambiarReferencias: 86100 ns
2025-09-10 19:07:16 [main] INFO  tiempos - Duracion del proceso intercambiarReferencias: 17100 ns
2025-09-10 19:07:16 [main] INFO  tiempos - Duracion del proceso intercambiarReferencias: 16400 ns
2025-09-10 19:07:16 [main] INFO  tiempos - Duracion del proceso intercambiarReferencias: 63900 ns
2025-09-10 19:07:16 [main] INFO  tiempos - Duracion del proceso intercambiarReferencias: 16300 ns
2025-09-10 19:07:16 [main] INFO  tiempos - Duracion del proceso intercambiarReferencias: 75400 ns
2025-09-10 19:07:16 [main] INFO  tiempos - Duracion de desencriptarFrase: 348900 ns
2025-09-10 19:07:16 [main] INFO  tiempos - Duracion del proceso intercambiarReferencias: 81000 ns
2025-09-10 19:07:16 [main] INFO  tiempos - Duracion del proceso intercambiarReferencias: 15800 ns
2025-09-10 19:07:16 [main] INFO  tiempos - Duracion del proceso intercambiarReferencias: 15600 ns
2025-09-10 19:07:16 [main] INFO  tiempos - Duracion del proceso intercambiarReferencias: 63100 ns
2025-09-10 19:07:16 [main] INFO  tiempos - Duracion del proceso intercambiarReferencias: 15800 ns
2025-09-10 19:07:16 [main] INFO  tiempos - Duracion del proceso intercambiarReferencias: 61500 ns
2025-09-10 19:07:16 [main] INFO  tiempos - Duracion de encriptarFrase: 934000 ns
2025-09-10 19:07:16 [main] INFO  tiempos - Duracion del proceso intercambiarReferencias: 93400 ns
2025-09-10 19:07:16 [main] INFO  tiempos - Duracion del proceso intercambiarReferencias: 16700 ns
2025-09-10 19:07:16 [main] INFO  tiempos - Duracion del proceso intercambiarReferencias: 15900 ns
2025-09-10 19:07:16 [main] INFO  tiempos - Duracion del proceso intercambiarReferencias: 68000 ns
2025-09-10 19:07:16 [main] INFO  tiempos - Duracion del proceso intercambiarReferencias: 78100 ns
2025-09-10 19:07:16 [main] INFO  tiempos - Duracion del proceso intercambiarReferencias: 66400 ns
2025-09-10 19:07:16 [main] INFO  tiempos - Duracion de desencriptarFrase: 412400 ns
2025-09-10 19:07:16 [main] INFO  tiempos - Duracion del proceso intercambiarReferencias: 16400 ns
2025-09-10 19:07:16 [main] INFO  tiempos - Duracion del proceso intercambiarReferencias: 16300 ns
2025-09-10 19:07:16 [main] INFO  tiempos - Duracion del proceso intercambiarReferencias: 36600 ns
2025-09-10 19:07:16 [main] INFO  tiempos - Duracion del proceso intercambiarReferencias: 15700 ns
2025-09-10 19:07:16 [main] INFO  tiempos - Duracion del proceso intercambiarReferencias: 48200 ns
2025-09-10 19:07:16 [main] INFO  tiempos - Duracion del proceso intercambiarReferencias: 15900 ns
2025-09-10 19:07:16 [main] INFO  tiempos - Duracion del proceso intercambiarReferencias: 15600 ns
2025-09-10 19:07:16 [main] INFO  tiempos - Duracion del proceso intercambiarReferencias: 49600 ns
2025-09-10 19:07:16 [main] INFO  tiempos - Duracion del proceso intercambiarReferencias: 33500 ns
2025-09-10 19:07:16 [main] INFO  tiempos - Duracion del proceso intercambiarReferencias: 33400 ns
2025-09-10 19:07:16 [main] INFO  tiempos - Duracion del proceso intercambiarReferencias: 15900 ns
2025-09-10 19:07:16 [main] INFO  tiempos - Duracion del proceso intercambiarReferencias: 46500 ns
2025-09-10 19:07:16 [main] INFO  tiempos - Duracion del proceso intercambiarReferencias: 15900 ns
2025-09-10 19:07:16 [main] INFO  tiempos - Duracion del proceso intercambiarReferencias: 15800 ns
2025-09-10 19:07:16 [main] INFO  tiempos - Duracion del proceso intercambiarReferencias: 49600 ns
2025-09-10 19:07:16 [main] INFO  tiempos - Duracion de encriptarFrase: 1672500 ns
2025-09-10 19:07:16 [main] INFO  tiempos - Duracion del proceso intercambiarReferencias: 21600 ns
2025-09-10 19:07:16 [main] INFO  tiempos - Duracion del proceso intercambiarReferencias: 53900 ns
2025-09-10 19:07:16 [main] INFO  tiempos - Duracion del proceso intercambiarReferencias: 31600 ns
2025-09-10 19:07:16 [main] INFO  tiempos - Duracion del proceso intercambiarReferencias: 15800 ns
2025-09-10 19:07:16 [main] INFO  tiempos - Duracion del proceso intercambiarReferencias: 46100 ns
2025-09-10 19:07:16 [main] INFO  tiempos - Duracion del proceso intercambiarReferencias: 15700 ns
2025-09-10 19:07:16 [main] INFO  tiempos - Duracion del proceso intercambiarReferencias: 16400 ns
2025-09-10 19:07:16 [main] INFO  tiempos - Duracion del proceso intercambiarReferencias: 51300 ns
2025-09-10 19:07:16 [main] INFO  tiempos - Duracion del proceso intercambiarReferencias: 31600 ns
2025-09-10 19:07:16 [main] INFO  tiempos - Duracion del proceso intercambiarReferencias: 31100 ns
2025-09-10 19:07:16 [main] INFO  tiempos - Duracion del proceso intercambiarReferencias: 15500 ns
2025-09-10 19:07:16 [main] INFO  tiempos - Duracion del proceso intercambiarReferencias: 410300 ns
2025-09-10 19:07:16 [main] INFO  tiempos - Duracion del proceso intercambiarReferencias: 33500 ns
2025-09-10 19:07:16 [main] INFO  tiempos - Duracion del proceso intercambiarReferencias: 30900 ns
2025-09-10 19:07:16 [main] INFO  tiempos - Duracion del proceso intercambiarReferencias: 67800 ns
2025-09-10 19:07:16 [main] INFO  tiempos - Duracion de desencriptarFrase: 1019200 ns
2025-09-10 19:07:16 [main] INFO  tiempos - Duracion del proceso intercambiarReferencias: 25900 ns
2025-09-10 19:07:16 [main] INFO  tiempos - Duracion del proceso intercambiarReferencias: 50300 ns
2025-09-10 19:07:16 [main] INFO  tiempos - Duracion del proceso intercambiarReferencias: 50100 ns
2025-09-10 19:07:16 [main] INFO  tiempos - Duracion del proceso intercambiarReferencias: 27600 ns
2025-09-10 19:07:16 [main] INFO  tiempos - Duracion del proceso intercambiarReferencias: 76400 ns
2025-09-10 19:07:16 [main] INFO  tiempos - Duracion del proceso intercambiarReferencias: 24500 ns
2025-09-10 19:07:17 [main] INFO  tiempos - Duracion del proceso intercambiarReferencias: 93800 ns
2025-09-10 19:07:17 [main] INFO  tiempos - Duracion del proceso intercambiarReferencias: 27900 ns
2025-09-10 19:07:17 [main] INFO  tiempos - Duracion del proceso intercambiarReferencias: 117300 ns
2025-09-10 19:07:17 [main] INFO  tiempos - Duracion del proceso intercambiarReferencias: 77300 ns
2025-09-10 19:07:17 [main] INFO  tiempos - Duracion del proceso intercambiarReferencias: 34500 ns
2025-09-10 19:07:17 [main] INFO  tiempos - Duracion del proceso intercambiarReferencias: 26300 ns
2025-09-10 19:07:17 [main] INFO  tiempos - Duracion del proceso intercambiarReferencias: 50100 ns
2025-09-10 19:07:17 [main] INFO  tiempos - Duracion del proceso intercambiarReferencias: 26400 ns
2025-09-10 19:07:17 [main] INFO  tiempos - Duracion del proceso intercambiarReferencias: 50400 ns
2025-09-10 19:07:17 [main] INFO  tiempos - Duracion de encriptarFrase: 2699900 ns
2025-09-10 19:07:17 [main] INFO  tiempos - Duracion del proceso intercambiarReferencias: 23700 ns
2025-09-10 19:07:17 [main] INFO  tiempos - Duracion del proceso intercambiarReferencias: 33600 ns
2025-09-10 19:07:17 [main] INFO  tiempos - Duracion del proceso intercambiarReferencias: 32200 ns
2025-09-10 19:07:17 [main] INFO  tiempos - Duracion del proceso intercambiarReferencias: 22000 ns
2025-09-10 19:07:17 [main] INFO  tiempos - Duracion del proceso intercambiarReferencias: 48500 ns
2025-09-10 19:07:17 [main] INFO  tiempos - Duracion del proceso intercambiarReferencias: 16200 ns
2025-09-10 19:07:17 [main] INFO  tiempos - Duracion del proceso intercambiarReferencias: 48300 ns
2025-09-10 19:07:17 [main] INFO  tiempos - Duracion del proceso intercambiarReferencias: 19800 ns
2025-09-10 19:07:17 [main] INFO  tiempos - Duracion del proceso intercambiarReferencias: 32200 ns
2025-09-10 19:07:17 [main] INFO  tiempos - Duracion del proceso intercambiarReferencias: 47100 ns
2025-09-10 19:07:17 [main] INFO  tiempos - Duracion del proceso intercambiarReferencias: 16400 ns
2025-09-10 19:07:17 [main] INFO  tiempos - Duracion del proceso intercambiarReferencias: 16000 ns
2025-09-10 19:07:17 [main] INFO  tiempos - Duracion del proceso intercambiarReferencias: 33200 ns
2025-09-10 19:07:17 [main] INFO  tiempos - Duracion del proceso intercambiarReferencias: 15900 ns
2025-09-10 19:07:17 [main] INFO  tiempos - Duracion del proceso intercambiarReferencias: 32100 ns
2025-09-10 19:07:17 [main] INFO  tiempos - Duracion de desencriptarFrase: 583000 ns
2025-09-10 19:07:17 [main] INFO  tiempos - Duracion del proceso intercambiarReferencias: 47700 ns
2025-09-10 19:07:17 [main] INFO  tiempos - Duracion del proceso intercambiarReferencias: 51800 ns
2025-09-10 19:07:17 [main] INFO  tiempos - Duracion del proceso intercambiarReferencias: 16300 ns
2025-09-10 19:07:17 [main] INFO  tiempos - intercambiarReferencias duration: 0 ms
2025-09-10 19:07:17 [main] INFO  tiempos - Duracion del proceso intercambiarReferencias: 11800 ns
2025-09-10 19:07:17 [main] INFO  tiempos - Duracion del proceso intercambiarReferencias: 65300 ns
2025-09-10 19:07:17 [main] INFO  tiempos - Duracion del proceso intercambiarReferencias: 31000 ns
2025-09-10 19:07:17 [main] INFO  tiempos - Duracion de encriptarFrase: 832600 ns
2025-09-10 19:07:17 [main] INFO  tiempos - Duracion del proceso intercambiarReferencias: 60400 ns
2025-09-10 19:07:17 [main] INFO  tiempos - Duracion del proceso intercambiarReferencias: 90200 ns
2025-09-10 19:07:17 [main] INFO  tiempos - Duracion del proceso intercambiarReferencias: 27600 ns
2025-09-10 19:07:17 [main] INFO  tiempos - intercambiarReferencias duration: 0 ms
2025-09-10 19:07:17 [main] INFO  tiempos - Duracion del proceso intercambiarReferencias: 19300 ns
2025-09-10 19:07:17 [main] INFO  tiempos - Duracion del proceso intercambiarReferencias: 104600 ns
2025-09-10 19:07:17 [main] INFO  tiempos - Duracion del proceso intercambiarReferencias: 54700 ns
2025-09-10 19:07:17 [main] INFO  tiempos - Duracion de desencriptarFrase: 464700 ns
2025-09-10 19:07:17 [main] INFO  tiempos - Duracion del proceso intercambiarReferencias: 55300 ns
2025-09-10 19:07:17 [main] INFO  tiempos - Duracion del proceso intercambiarReferencias: 26600 ns
2025-09-10 19:07:17 [main] INFO  tiempos - Duracion del proceso intercambiarReferencias: 99800 ns
2025-09-10 19:07:17 [main] INFO  tiempos - Duracion del proceso intercambiarReferencias: 46700 ns
2025-09-10 19:07:17 [main] INFO  tiempos - Duracion del proceso intercambiarReferencias: 54900 ns
2025-09-10 19:07:17 [main] INFO  tiempos - Duracion del proceso intercambiarReferencias: 24800 ns
2025-09-10 19:07:17 [main] INFO  tiempos - Duracion del proceso intercambiarReferencias: 26300 ns
2025-09-10 19:07:17 [main] INFO  tiempos - Duracion del proceso intercambiarReferencias: 55500 ns
2025-09-10 19:07:17 [main] INFO  tiempos - Duracion del proceso intercambiarReferencias: 79900 ns
2025-09-10 19:07:17 [main] INFO  tiempos - Duracion de encriptarFrase: 1851800 ns
2025-09-10 19:07:17 [main] INFO  tiempos - Duracion del proceso intercambiarReferencias: 69400 ns
2025-09-10 19:07:17 [main] INFO  tiempos - Duracion del proceso intercambiarReferencias: 31100 ns
2025-09-10 19:07:17 [main] INFO  tiempos - Duracion del proceso intercambiarReferencias: 96900 ns
2025-09-10 19:07:17 [main] INFO  tiempos - Duracion del proceso intercambiarReferencias: 59500 ns
2025-09-10 19:07:17 [main] INFO  tiempos - Duracion del proceso intercambiarReferencias: 59500 ns
2025-09-10 19:07:17 [main] INFO  tiempos - Duracion del proceso intercambiarReferencias: 35300 ns
2025-09-10 19:07:17 [main] INFO  tiempos - Duracion del proceso intercambiarReferencias: 29600 ns
2025-09-10 19:07:17 [main] INFO  tiempos - Duracion del proceso intercambiarReferencias: 51300 ns
2025-09-10 19:07:17 [main] INFO  tiempos - Duracion del proceso intercambiarReferencias: 75400 ns
2025-09-10 19:07:17 [main] INFO  tiempos - Duracion de desencriptarFrase: 660400 ns
2025-09-10 19:07:17 [main] INFO  tiempos - Duracion del proceso intercambiarReferencias: 17600 ns
2025-09-10 19:07:17 [main] INFO  tiempos - Duracion del proceso intercambiarReferencias: 16000 ns
2025-09-10 19:07:17 [main] INFO  tiempos - Duracion del proceso intercambiarReferencias: 15500 ns
2025-09-10 19:07:17 [main] INFO  tiempos - Duracion del proceso intercambiarReferencias: 15400 ns
2025-09-10 19:07:17 [main] INFO  tiempos - Duracion del proceso intercambiarReferencias: 62000 ns
2025-09-10 19:07:17 [main] INFO  tiempos - Duracion del proceso intercambiarReferencias: 16000 ns
2025-09-10 19:07:17 [main] INFO  tiempos - Duracion del proceso intercambiarReferencias: 15400 ns
2025-09-10 19:07:17 [main] INFO  tiempos - Duracion del proceso intercambiarReferencias: 46300 ns
2025-09-10 19:07:17 [main] INFO  tiempos - Duracion del proceso intercambiarReferencias: 15900 ns
2025-09-10 19:07:17 [main] INFO  tiempos - Duracion del proceso intercambiarReferencias: 15200 ns
2025-09-10 19:07:17 [main] INFO  tiempos - Duracion del proceso intercambiarReferencias: 15600 ns
2025-09-10 19:07:17 [main] INFO  tiempos - Duracion del proceso intercambiarReferencias: 46000 ns
2025-09-10 19:07:17 [main] INFO  tiempos - Duracion de encriptarFrase: 1121100 ns
2025-09-10 19:07:17 [main] INFO  tiempos - Duracion del proceso intercambiarReferencias: 24100 ns
2025-09-10 19:07:17 [main] INFO  tiempos - Duracion del proceso intercambiarReferencias: 17100 ns
2025-09-10 19:07:17 [main] INFO  tiempos - Duracion del proceso intercambiarReferencias: 16100 ns
2025-09-10 19:07:17 [main] INFO  tiempos - Duracion del proceso intercambiarReferencias: 16600 ns
2025-09-10 19:07:17 [main] INFO  tiempos - Duracion del proceso intercambiarReferencias: 63200 ns
2025-09-10 19:07:17 [main] INFO  tiempos - Duracion del proceso intercambiarReferencias: 20600 ns
2025-09-10 19:07:17 [main] INFO  tiempos - Duracion del proceso intercambiarReferencias: 16300 ns
2025-09-10 19:07:17 [main] INFO  tiempos - Duracion del proceso intercambiarReferencias: 48000 ns
2025-09-10 19:07:17 [main] INFO  tiempos - Duracion del proceso intercambiarReferencias: 16000 ns
2025-09-10 19:07:17 [main] INFO  tiempos - Duracion del proceso intercambiarReferencias: 15700 ns
2025-09-10 19:07:17 [main] INFO  tiempos - Duracion del proceso intercambiarReferencias: 15800 ns
2025-09-10 19:07:17 [main] INFO  tiempos - Duracion del proceso intercambiarReferencias: 48500 ns
2025-09-10 19:07:17 [main] INFO  tiempos - Duracion de desencriptarFrase: 429700 ns
2025-09-10 19:07:17 [main] INFO  tiempos - Duracion del proceso intercambiarReferencias: 122600 ns
2025-09-10 19:07:17 [main] INFO  tiempos - Duracion del proceso intercambiarReferencias: 25300 ns
2025-09-10 19:07:17 [main] INFO  tiempos - Duracion del proceso intercambiarReferencias: 51900 ns
2025-09-10 19:07:17 [main] INFO  tiempos - Duracion del proceso intercambiarReferencias: 15800 ns
2025-09-10 19:07:17 [main] INFO  tiempos - Duracion del proceso intercambiarReferencias: 19500 ns
2025-09-10 19:07:17 [main] INFO  tiempos - Duracion del proceso intercambiarReferencias: 46700 ns
2025-09-10 19:07:17 [main] INFO  tiempos - Duracion del proceso intercambiarReferencias: 15900 ns
2025-09-10 19:07:17 [main] INFO  tiempos - Duracion del proceso intercambiarReferencias: 18000 ns
2025-09-10 19:07:17 [main] INFO  tiempos - Duracion del proceso intercambiarReferencias: 33100 ns
2025-09-10 19:07:17 [main] INFO  tiempos - Duracion del proceso intercambiarReferencias: 62500 ns
2025-09-10 19:07:17 [main] INFO  tiempos - Duracion del proceso intercambiarReferencias: 46700 ns
2025-09-10 19:07:17 [main] INFO  tiempos - Duracion de encriptarFrase: 1568200 ns
2025-09-10 19:07:17 [main] INFO  tiempos - Duracion del proceso intercambiarReferencias: 91900 ns
2025-09-10 19:07:17 [main] INFO  tiempos - Duracion del proceso intercambiarReferencias: 18300 ns
2025-09-10 19:07:17 [main] INFO  tiempos - Duracion del proceso intercambiarReferencias: 44600 ns
2025-09-10 19:07:17 [main] INFO  tiempos - Duracion del proceso intercambiarReferencias: 16800 ns
2025-09-10 19:07:17 [main] INFO  tiempos - Duracion del proceso intercambiarReferencias: 16300 ns
2025-09-10 19:07:17 [main] INFO  tiempos - Duracion del proceso intercambiarReferencias: 47800 ns
2025-09-10 19:07:17 [main] INFO  tiempos - Duracion del proceso intercambiarReferencias: 98800 ns
2025-09-10 19:07:17 [main] INFO  tiempos - Duracion del proceso intercambiarReferencias: 18800 ns
2025-09-10 19:07:17 [main] INFO  tiempos - Duracion del proceso intercambiarReferencias: 36500 ns
2025-09-10 19:07:17 [main] INFO  tiempos - Duracion del proceso intercambiarReferencias: 64800 ns
2025-09-10 19:07:17 [main] INFO  tiempos - Duracion del proceso intercambiarReferencias: 48100 ns
2025-09-10 19:07:17 [main] INFO  tiempos - Duracion de desencriptarFrase: 623700 ns
2025-09-10 19:07:17 [main] INFO  tiempos - intercambiarReferencias duration: 0 ms
2025-09-10 19:07:17 [main] INFO  tiempos - Duracion del proceso intercambiarReferencias: 20400 ns
2025-09-10 19:07:17 [main] INFO  tiempos - Duracion del proceso intercambiarReferencias: 57900 ns
2025-09-10 19:07:17 [main] INFO  tiempos - Duracion del proceso intercambiarReferencias: 52600 ns
2025-09-10 19:07:17 [main] INFO  tiempos - Duracion del proceso intercambiarReferencias: 63900 ns
2025-09-10 19:07:17 [main] INFO  tiempos - Duracion del proceso intercambiarReferencias: 49900 ns
2025-09-10 19:07:17 [main] INFO  tiempos - Duracion del proceso intercambiarReferencias: 110900 ns
2025-09-10 19:07:17 [main] INFO  tiempos - Duracion del proceso intercambiarReferencias: 24900 ns
2025-09-10 19:07:17 [main] INFO  tiempos - Duracion del proceso intercambiarReferencias: 25300 ns
2025-09-10 19:07:17 [main] INFO  tiempos - Duracion del proceso intercambiarReferencias: 105500 ns
2025-09-10 19:07:17 [main] INFO  tiempos - Duracion de encriptarFrase: 1706000 ns
2025-09-10 19:07:17 [main] INFO  tiempos - intercambiarReferencias duration: 0 ms
2025-09-10 19:07:17 [main] INFO  tiempos - Duracion del proceso intercambiarReferencias: 17300 ns
2025-09-10 19:07:17 [main] INFO  tiempos - Duracion del proceso intercambiarReferencias: 33900 ns
2025-09-10 19:07:17 [main] INFO  tiempos - Duracion del proceso intercambiarReferencias: 32500 ns
2025-09-10 19:07:17 [main] INFO  tiempos - Duracion del proceso intercambiarReferencias: 17100 ns
2025-09-10 19:07:17 [main] INFO  tiempos - Duracion del proceso intercambiarReferencias: 33200 ns
2025-09-10 19:07:17 [main] INFO  tiempos - Duracion del proceso intercambiarReferencias: 85100 ns
2025-09-10 19:07:17 [main] INFO  tiempos - Duracion del proceso intercambiarReferencias: 17100 ns
2025-09-10 19:07:17 [main] INFO  tiempos - Duracion del proceso intercambiarReferencias: 16700 ns
2025-09-10 19:07:17 [main] INFO  tiempos - Duracion del proceso intercambiarReferencias: 63400 ns
2025-09-10 19:07:17 [main] INFO  tiempos - Duracion de desencriptarFrase: 408400 ns
2025-09-10 19:07:17 [main] INFO  tiempos - Duracion del proceso intercambiarReferencias: 75800 ns
2025-09-10 19:07:17 [main] INFO  tiempos - Duracion del proceso intercambiarReferencias: 18000 ns
2025-09-10 19:07:17 [main] INFO  tiempos - Duracion del proceso intercambiarReferencias: 84300 ns
2025-09-10 19:07:17 [main] INFO  tiempos - Duracion del proceso intercambiarReferencias: 68200 ns
2025-09-10 19:07:17 [main] INFO  tiempos - Duracion del proceso intercambiarReferencias: 35000 ns
2025-09-10 19:07:17 [main] INFO  tiempos - Duracion del proceso intercambiarReferencias: 33700 ns
2025-09-10 19:07:17 [main] INFO  tiempos - Duracion del proceso intercambiarReferencias: 104300 ns
2025-09-10 19:07:17 [main] INFO  tiempos - Duracion del proceso intercambiarReferencias: 16500 ns
2025-09-10 19:07:17 [main] INFO  tiempos - Duracion del proceso intercambiarReferencias: 31700 ns
2025-09-10 19:07:17 [main] INFO  tiempos - Duracion del proceso intercambiarReferencias: 16500 ns
2025-09-10 19:07:17 [main] INFO  tiempos - Duracion del proceso intercambiarReferencias: 16200 ns
2025-09-10 19:07:17 [main] INFO  tiempos - Duracion del proceso intercambiarReferencias: 16100 ns
2025-09-10 19:07:17 [main] INFO  tiempos - Duracion del proceso intercambiarReferencias: 63800 ns
2025-09-10 19:07:17 [main] INFO  tiempos - Duracion del proceso intercambiarReferencias: 31900 ns
2025-09-10 19:07:17 [main] INFO  tiempos - Duracion del proceso intercambiarReferencias: 31700 ns
2025-09-10 19:07:17 [main] INFO  tiempos - Duracion del proceso intercambiarReferencias: 47500 ns
2025-09-10 19:07:17 [main] INFO  tiempos - Duracion del proceso intercambiarReferencias: 49300 ns
2025-09-10 19:07:17 [main] INFO  tiempos - Duracion del proceso intercambiarReferencias: 32500 ns
2025-09-10 19:07:17 [main] INFO  tiempos - Duracion del proceso intercambiarReferencias: 16100 ns
2025-09-10 19:07:17 [main] INFO  tiempos - Duracion del proceso intercambiarReferencias: 65700 ns
2025-09-10 19:07:17 [main] INFO  tiempos - Duracion del proceso intercambiarReferencias: 48500 ns
2025-09-10 19:07:17 [main] INFO  tiempos - Duracion del proceso intercambiarReferencias: 15700 ns
2025-09-10 19:07:17 [main] INFO  tiempos - Duracion del proceso intercambiarReferencias: 62400 ns
2025-09-10 19:07:17 [main] INFO  tiempos - Duracion del proceso intercambiarReferencias: 17000 ns
2025-09-10 19:07:17 [main] INFO  tiempos - Duracion del proceso intercambiarReferencias: 30900 ns
2025-09-10 19:07:17 [main] INFO  tiempos - Duracion del proceso intercambiarReferencias: 31000 ns
2025-09-10 19:07:17 [main] INFO  tiempos - Duracion del proceso intercambiarReferencias: 16100 ns
2025-09-10 19:07:17 [main] INFO  tiempos - Duracion del proceso intercambiarReferencias: 31500 ns
2025-09-10 19:07:17 [main] INFO  tiempos - Duracion del proceso intercambiarReferencias: 47000 ns
2025-09-10 19:07:17 [main] INFO  tiempos - Duracion del proceso intercambiarReferencias: 46500 ns
2025-09-10 19:07:17 [main] INFO  tiempos - Duracion de encriptarFrase: 4324300 ns
2025-09-10 19:07:17 [main] INFO  tiempos - Duracion del proceso intercambiarReferencias: 56800 ns
2025-09-10 19:07:17 [main] INFO  tiempos - Duracion del proceso intercambiarReferencias: 16900 ns
2025-09-10 19:07:17 [main] INFO  tiempos - Duracion del proceso intercambiarReferencias: 32100 ns
2025-09-10 19:07:17 [main] INFO  tiempos - Duracion del proceso intercambiarReferencias: 47600 ns
2025-09-10 19:07:17 [main] INFO  tiempos - Duracion del proceso intercambiarReferencias: 32100 ns
2025-09-10 19:07:17 [main] INFO  tiempos - Duracion del proceso intercambiarReferencias: 32200 ns
2025-09-10 19:07:17 [main] INFO  tiempos - Duracion del proceso intercambiarReferencias: 52200 ns
2025-09-10 19:07:17 [main] INFO  tiempos - Duracion del proceso intercambiarReferencias: 15800 ns
2025-09-10 19:07:17 [main] INFO  tiempos - Duracion del proceso intercambiarReferencias: 31700 ns
2025-09-10 19:07:17 [main] INFO  tiempos - Duracion del proceso intercambiarReferencias: 15900 ns
2025-09-10 19:07:17 [main] INFO  tiempos - Duracion del proceso intercambiarReferencias: 16700 ns
2025-09-10 19:07:17 [main] INFO  tiempos - Duracion del proceso intercambiarReferencias: 16000 ns
2025-09-10 19:07:17 [main] INFO  tiempos - Duracion del proceso intercambiarReferencias: 62500 ns
2025-09-10 19:07:17 [main] INFO  tiempos - Duracion del proceso intercambiarReferencias: 37600 ns
2025-09-10 19:07:17 [main] INFO  tiempos - Duracion del proceso intercambiarReferencias: 32300 ns
2025-09-10 19:07:17 [main] INFO  tiempos - Duracion del proceso intercambiarReferencias: 47400 ns
2025-09-10 19:07:17 [main] INFO  tiempos - Duracion del proceso intercambiarReferencias: 47700 ns
2025-09-10 19:07:17 [main] INFO  tiempos - Duracion del proceso intercambiarReferencias: 31600 ns
2025-09-10 19:07:17 [main] INFO  tiempos - Duracion del proceso intercambiarReferencias: 16200 ns
2025-09-10 19:07:17 [main] INFO  tiempos - Duracion del proceso intercambiarReferencias: 66400 ns
2025-09-10 19:07:17 [main] INFO  tiempos - Duracion del proceso intercambiarReferencias: 48600 ns
2025-09-10 19:07:17 [main] INFO  tiempos - Duracion del proceso intercambiarReferencias: 16300 ns
2025-09-10 19:07:17 [main] INFO  tiempos - Duracion del proceso intercambiarReferencias: 63400 ns
2025-09-10 19:07:17 [main] INFO  tiempos - Duracion del proceso intercambiarReferencias: 16000 ns
2025-09-10 19:07:17 [main] INFO  tiempos - Duracion del proceso intercambiarReferencias: 31100 ns
2025-09-10 19:07:17 [main] INFO  tiempos - Duracion del proceso intercambiarReferencias: 34500 ns
2025-09-10 19:07:17 [main] INFO  tiempos - Duracion del proceso intercambiarReferencias: 16500 ns
2025-09-10 19:07:17 [main] INFO  tiempos - Duracion del proceso intercambiarReferencias: 31800 ns
2025-09-10 19:07:17 [main] INFO  tiempos - Duracion del proceso intercambiarReferencias: 47100 ns
2025-09-10 19:07:17 [main] INFO  tiempos - Duracion del proceso intercambiarReferencias: 48200 ns
2025-09-10 19:07:17 [main] INFO  tiempos - Duracion de desencriptarFrase: 1307900 ns
2025-09-10 19:07:17 [main] INFO  tiempos - Duracion del proceso intercambiarReferencias: 39700 ns
2025-09-10 19:07:17 [main] INFO  tiempos - Duracion del proceso intercambiarReferencias: 19300 ns
2025-09-10 19:07:17 [main] INFO  tiempos - Duracion del proceso intercambiarReferencias: 40600 ns
2025-09-10 19:07:17 [main] INFO  tiempos - Duracion del proceso intercambiarReferencias: 38700 ns
2025-09-10 19:07:17 [main] INFO  tiempos - Duracion del proceso intercambiarReferencias: 71700 ns
2025-09-10 19:07:17 [main] INFO  tiempos - Duracion del proceso intercambiarReferencias: 16000 ns
2025-09-10 19:07:17 [main] INFO  tiempos - Duracion del proceso intercambiarReferencias: 76100 ns
2025-09-10 19:07:17 [main] INFO  tiempos - Duracion del proceso intercambiarReferencias: 76600 ns
2025-09-10 19:07:17 [main] INFO  tiempos - Duracion de encriptarFrase: 1289300 ns
2025-09-10 19:07:17 [main] INFO  tiempos - Duracion del proceso intercambiarReferencias: 55900 ns
2025-09-10 19:07:17 [main] INFO  tiempos - Duracion del proceso intercambiarReferencias: 19400 ns
2025-09-10 19:07:17 [main] INFO  tiempos - Duracion del proceso intercambiarReferencias: 42500 ns
2025-09-10 19:07:17 [main] INFO  tiempos - Duracion del proceso intercambiarReferencias: 31900 ns
2025-09-10 19:07:17 [main] INFO  tiempos - Duracion del proceso intercambiarReferencias: 48000 ns
2025-09-10 19:07:17 [main] INFO  tiempos - Duracion del proceso intercambiarReferencias: 16300 ns
2025-09-10 19:07:17 [main] INFO  tiempos - Duracion del proceso intercambiarReferencias: 30900 ns
2025-09-10 19:07:17 [main] INFO  tiempos - Duracion del proceso intercambiarReferencias: 81600 ns
2025-09-10 19:07:17 [main] INFO  tiempos - Duracion de desencriptarFrase: 418900 ns
2025-09-10 19:07:17 [main] INFO  tiempos - Duracion del proceso intercambiarReferencias: 105700 ns
2025-09-10 19:07:17 [main] INFO  tiempos - Duracion del proceso intercambiarReferencias: 24500 ns
2025-09-10 19:07:17 [main] INFO  tiempos - Duracion del proceso intercambiarReferencias: 25300 ns
2025-09-10 19:07:17 [main] INFO  tiempos - Duracion del proceso intercambiarReferencias: 128600 ns
2025-09-10 19:07:17 [main] INFO  tiempos - intercambiarReferencias duration: 0 ms
2025-09-10 19:07:17 [main] INFO  tiempos - Duracion del proceso intercambiarReferencias: 19200 ns
2025-09-10 19:07:17 [main] INFO  tiempos - Duracion del proceso intercambiarReferencias: 49000 ns
2025-09-10 19:07:17 [main] INFO  tiempos - Duracion del proceso intercambiarReferencias: 89000 ns
2025-09-10 19:07:17 [main] INFO  tiempos - Duracion del proceso intercambiarReferencias: 24600 ns
2025-09-10 19:07:17 [main] INFO  tiempos - Duracion del proceso intercambiarReferencias: 23200 ns
2025-09-10 19:07:17 [main] INFO  tiempos - Duracion del proceso intercambiarReferencias: 48700 ns
2025-09-10 19:07:17 [main] INFO  tiempos - Duracion del proceso intercambiarReferencias: 137800 ns
2025-09-10 19:07:17 [main] INFO  tiempos - Duracion de encriptarFrase: 2087800 ns
2025-09-10 19:07:17 [main] INFO  tiempos - Duracion del proceso intercambiarReferencias: 110800 ns
2025-09-10 19:07:17 [main] INFO  tiempos - Duracion del proceso intercambiarReferencias: 25900 ns
2025-09-10 19:07:17 [main] INFO  tiempos - Duracion del proceso intercambiarReferencias: 25600 ns
2025-09-10 19:07:17 [main] INFO  tiempos - Duracion del proceso intercambiarReferencias: 49800 ns
2025-09-10 19:07:17 [main] INFO  tiempos - intercambiarReferencias duration: 0 ms
2025-09-10 19:07:17 [main] INFO  tiempos - Duracion del proceso intercambiarReferencias: 19300 ns
2025-09-10 19:07:17 [main] INFO  tiempos - Duracion del proceso intercambiarReferencias: 55500 ns
2025-09-10 19:07:17 [main] INFO  tiempos - Duracion del proceso intercambiarReferencias: 57600 ns
2025-09-10 19:07:17 [main] INFO  tiempos - Duracion del proceso intercambiarReferencias: 87100 ns
2025-09-10 19:07:17 [main] INFO  tiempos - Duracion del proceso intercambiarReferencias: 29200 ns
2025-09-10 19:07:17 [main] INFO  tiempos - Duracion del proceso intercambiarReferencias: 59100 ns
2025-09-10 19:07:17 [main] INFO  tiempos - Duracion del proceso intercambiarReferencias: 141800 ns
2025-09-10 19:07:17 [main] INFO  tiempos - Duracion de desencriptarFrase: 830300 ns
2025-09-10 19:07:17 [main] INFO  tiempos - Duracion del proceso intercambiarReferencias: 75100 ns
2025-09-10 19:07:17 [main] INFO  tiempos - Duracion del proceso intercambiarReferencias: 16100 ns
2025-09-10 19:07:17 [main] INFO  tiempos - Duracion del proceso intercambiarReferencias: 30900 ns
2025-09-10 19:07:17 [main] INFO  tiempos - Duracion del proceso intercambiarReferencias: 15800 ns
2025-09-10 19:07:17 [main] INFO  tiempos - Duracion del proceso intercambiarReferencias: 31600 ns
2025-09-10 19:07:17 [main] INFO  tiempos - Duracion del proceso intercambiarReferencias: 15300 ns
2025-09-10 19:07:17 [main] INFO  tiempos - Duracion del proceso intercambiarReferencias: 58700 ns
2025-09-10 19:07:17 [main] INFO  tiempos - Duracion de encriptarFrase: 897000 ns
2025-09-10 19:07:17 [main] INFO  tiempos - Duracion del proceso intercambiarReferencias: 39000 ns
2025-09-10 19:07:17 [main] INFO  tiempos - Duracion del proceso intercambiarReferencias: 16800 ns
2025-09-10 19:07:17 [main] INFO  tiempos - Duracion del proceso intercambiarReferencias: 31900 ns
2025-09-10 19:07:17 [main] INFO  tiempos - Duracion del proceso intercambiarReferencias: 16700 ns
2025-09-10 19:07:17 [main] INFO  tiempos - Duracion del proceso intercambiarReferencias: 31400 ns
2025-09-10 19:07:17 [main] INFO  tiempos - Duracion del proceso intercambiarReferencias: 15900 ns
2025-09-10 19:07:17 [main] INFO  tiempos - Duracion del proceso intercambiarReferencias: 31500 ns
2025-09-10 19:07:17 [main] INFO  tiempos - Duracion de desencriptarFrase: 259800 ns
2025-09-10 19:07:17 [main] INFO  tiempos - Duracion del proceso intercambiarReferencias: 16300 ns
2025-09-10 19:07:17 [main] INFO  tiempos - Duracion del proceso intercambiarReferencias: 31200 ns
2025-09-10 19:07:17 [main] INFO  tiempos - Duracion del proceso intercambiarReferencias: 15400 ns
2025-09-10 19:07:17 [main] INFO  tiempos - Duracion del proceso intercambiarReferencias: 60700 ns
2025-09-10 19:07:17 [main] INFO  tiempos - Duracion del proceso intercambiarReferencias: 18000 ns
2025-09-10 19:07:17 [main] INFO  tiempos - Duracion del proceso intercambiarReferencias: 15200 ns
2025-09-10 19:07:17 [main] INFO  tiempos - Duracion del proceso intercambiarReferencias: 15500 ns
2025-09-10 19:07:17 [main] INFO  tiempos - Duracion del proceso intercambiarReferencias: 48500 ns
2025-09-10 19:07:17 [main] INFO  tiempos - Duracion de encriptarFrase: 922600 ns
2025-09-10 19:07:17 [main] INFO  tiempos - Duracion del proceso intercambiarReferencias: 20800 ns
2025-09-10 19:07:17 [main] INFO  tiempos - Duracion del proceso intercambiarReferencias: 32200 ns
2025-09-10 19:07:17 [main] INFO  tiempos - Duracion del proceso intercambiarReferencias: 63600 ns
2025-09-10 19:07:17 [main] INFO  tiempos - Duracion del proceso intercambiarReferencias: 68500 ns
2025-09-10 19:07:17 [main] INFO  tiempos - Duracion del proceso intercambiarReferencias: 15600 ns
2025-09-10 19:07:17 [main] INFO  tiempos - Duracion del proceso intercambiarReferencias: 15600 ns
2025-09-10 19:07:17 [main] INFO  tiempos - Duracion del proceso intercambiarReferencias: 15900 ns
2025-09-10 19:07:17 [main] INFO  tiempos - Duracion del proceso intercambiarReferencias: 50600 ns
2025-09-10 19:07:17 [main] INFO  tiempos - Duracion de desencriptarFrase: 364500 ns
2025-09-10 19:07:17 [main] INFO  tiempos - Duracion del proceso intercambiarReferencias: 28400 ns
2025-09-10 19:07:17 [main] INFO  tiempos - Duracion del proceso intercambiarReferencias: 16100 ns
2025-09-10 19:07:17 [main] INFO  tiempos - Duracion del proceso intercambiarReferencias: 35600 ns
2025-09-10 19:07:17 [main] INFO  tiempos - Duracion del proceso intercambiarReferencias: 30600 ns
2025-09-10 19:07:17 [main] INFO  tiempos - Duracion del proceso intercambiarReferencias: 31100 ns
2025-09-10 19:07:17 [main] INFO  tiempos - Duracion del proceso intercambiarReferencias: 15300 ns
2025-09-10 19:07:17 [main] INFO  tiempos - Duracion del proceso intercambiarReferencias: 30700 ns
2025-09-10 19:07:17 [main] INFO  tiempos - Duracion del proceso intercambiarReferencias: 116300 ns
2025-09-10 19:07:17 [main] INFO  tiempos - Duracion del proceso intercambiarReferencias: 26900 ns
2025-09-10 19:07:17 [main] INFO  tiempos - Duracion del proceso intercambiarReferencias: 53700 ns
2025-09-10 19:07:17 [main] INFO  tiempos - Duracion del proceso intercambiarReferencias: 15900 ns
2025-09-10 19:07:17 [main] INFO  tiempos - Duracion del proceso intercambiarReferencias: 15300 ns
2025-09-10 19:07:17 [main] INFO  tiempos - Duracion del proceso intercambiarReferencias: 51900 ns
2025-09-10 19:07:17 [main] INFO  tiempos - Duracion del proceso intercambiarReferencias: 47500 ns
2025-09-10 19:07:17 [main] INFO  tiempos - Duracion del proceso intercambiarReferencias: 21300 ns
2025-09-10 19:07:17 [main] INFO  tiempos - Duracion del proceso intercambiarReferencias: 60400 ns
2025-09-10 19:07:17 [main] INFO  tiempos - Duracion del proceso intercambiarReferencias: 109600 ns
2025-09-10 19:07:17 [main] INFO  tiempos - Duracion de encriptarFrase: 2557400 ns
2025-09-10 19:07:17 [main] INFO  tiempos - Duracion del proceso intercambiarReferencias: 31200 ns
2025-09-10 19:07:17 [main] INFO  tiempos - Duracion del proceso intercambiarReferencias: 17100 ns
2025-09-10 19:07:17 [main] INFO  tiempos - Duracion del proceso intercambiarReferencias: 33000 ns
2025-09-10 19:07:17 [main] INFO  tiempos - Duracion del proceso intercambiarReferencias: 48700 ns
2025-09-10 19:07:17 [main] INFO  tiempos - Duracion del proceso intercambiarReferencias: 33400 ns
2025-09-10 19:07:17 [main] INFO  tiempos - Duracion del proceso intercambiarReferencias: 15900 ns
2025-09-10 19:07:17 [main] INFO  tiempos - Duracion del proceso intercambiarReferencias: 33000 ns
2025-09-10 19:07:17 [main] INFO  tiempos - Duracion del proceso intercambiarReferencias: 63600 ns
2025-09-10 19:07:17 [main] INFO  tiempos - Duracion del proceso intercambiarReferencias: 15800 ns
2025-09-10 19:07:17 [main] INFO  tiempos - Duracion del proceso intercambiarReferencias: 30400 ns
2025-09-10 19:07:17 [main] INFO  tiempos - Duracion del proceso intercambiarReferencias: 15400 ns
2025-09-10 19:07:17 [main] INFO  tiempos - Duracion del proceso intercambiarReferencias: 15600 ns
2025-09-10 19:07:17 [main] INFO  tiempos - Duracion del proceso intercambiarReferencias: 46000 ns
2025-09-10 19:07:17 [main] INFO  tiempos - Duracion del proceso intercambiarReferencias: 48500 ns
2025-09-10 19:07:17 [main] INFO  tiempos - Duracion del proceso intercambiarReferencias: 15300 ns
2025-09-10 19:07:17 [main] INFO  tiempos - Duracion del proceso intercambiarReferencias: 31200 ns
2025-09-10 19:07:17 [main] INFO  tiempos - Duracion del proceso intercambiarReferencias: 45100 ns
2025-09-10 19:07:17 [main] INFO  tiempos - Duracion de desencriptarFrase: 939700 ns
2025-09-10 19:07:17 [main] INFO  tiempos - Duracion del proceso intercambiarReferencias: 73700 ns
2025-09-10 19:07:17 [main] INFO  tiempos - Duracion del proceso intercambiarReferencias: 161300 ns
2025-09-10 19:07:17 [main] INFO  tiempos - Duracion del proceso intercambiarReferencias: 48700 ns
2025-09-10 19:07:17 [main] INFO  tiempos - Duracion del proceso intercambiarReferencias: 46700 ns
2025-09-10 19:07:17 [main] INFO  tiempos - Duracion del proceso intercambiarReferencias: 59600 ns
2025-09-10 19:07:17 [main] INFO  tiempos - Duracion del proceso intercambiarReferencias: 70600 ns
2025-09-10 19:07:17 [main] INFO  tiempos - Duracion del proceso intercambiarReferencias: 52700 ns
2025-09-10 19:07:17 [main] INFO  tiempos - Duracion del proceso intercambiarReferencias: 170600 ns
2025-09-10 19:07:17 [main] INFO  tiempos - Duracion del proceso intercambiarReferencias: 67700 ns
2025-09-10 19:07:17 [main] INFO  tiempos - Duracion del proceso intercambiarReferencias: 63900 ns
2025-09-10 19:07:17 [main] INFO  tiempos - Duracion del proceso intercambiarReferencias: 51100 ns
2025-09-10 19:07:17 [main] INFO  tiempos - Duracion del proceso intercambiarReferencias: 96800 ns
2025-09-10 19:07:17 [main] INFO  tiempos - Duracion de encriptarFrase: 3603400 ns
2025-09-10 19:07:17 [main] INFO  tiempos - Duracion del proceso intercambiarReferencias: 61300 ns
2025-09-10 19:07:17 [main] INFO  tiempos - Duracion del proceso intercambiarReferencias: 116100 ns
2025-09-10 19:07:17 [main] INFO  tiempos - Duracion del proceso intercambiarReferencias: 31600 ns
2025-09-10 19:07:17 [main] INFO  tiempos - Duracion del proceso intercambiarReferencias: 30300 ns
2025-09-10 19:07:17 [main] INFO  tiempos - Duracion del proceso intercambiarReferencias: 31100 ns
2025-09-10 19:07:17 [main] INFO  tiempos - Duracion del proceso intercambiarReferencias: 103400 ns
2025-09-10 19:07:17 [main] INFO  tiempos - Duracion del proceso intercambiarReferencias: 32100 ns
2025-09-10 19:07:17 [main] INFO  tiempos - Duracion del proceso intercambiarReferencias: 107200 ns
2025-09-10 19:07:17 [main] INFO  tiempos - Duracion del proceso intercambiarReferencias: 30500 ns
2025-09-10 19:07:17 [main] INFO  tiempos - Duracion del proceso intercambiarReferencias: 30300 ns
2025-09-10 19:07:17 [main] INFO  tiempos - Duracion del proceso intercambiarReferencias: 202900 ns
2025-09-10 19:07:17 [main] INFO  tiempos - Duracion del proceso intercambiarReferencias: 47200 ns
2025-09-10 19:07:17 [main] INFO  tiempos - Duracion de desencriptarFrase: 956200 ns
2025-09-10 19:07:17 [main] INFO  tiempos - Duracion del proceso intercambiarReferencias: 189400 ns
2025-09-10 19:07:17 [main] INFO  tiempos - Duracion del proceso intercambiarReferencias: 70900 ns
2025-09-10 19:07:17 [main] INFO  tiempos - Duracion del proceso intercambiarReferencias: 35200 ns
2025-09-10 19:07:17 [main] INFO  tiempos - Duracion del proceso intercambiarReferencias: 34700 ns
2025-09-10 19:07:17 [main] INFO  tiempos - Duracion del proceso intercambiarReferencias: 91100 ns
2025-09-10 19:07:17 [main] INFO  tiempos - Duracion del proceso intercambiarReferencias: 152000 ns
2025-09-10 19:07:17 [main] INFO  tiempos - Duracion del proceso intercambiarReferencias: 35200 ns
2025-09-10 19:07:17 [main] INFO  tiempos - intercambiarReferencias duration: 0 ms
2025-09-10 19:07:17 [main] INFO  tiempos - Duracion del proceso intercambiarReferencias: 24800 ns
2025-09-10 19:07:17 [main] INFO  tiempos - Duracion del proceso intercambiarReferencias: 68800 ns
2025-09-10 19:07:17 [main] INFO  tiempos - Duracion del proceso intercambiarReferencias: 65700 ns
2025-09-10 19:07:17 [main] INFO  tiempos - Duracion del proceso intercambiarReferencias: 93200 ns
2025-09-10 19:07:17 [main] INFO  tiempos - Duracion del proceso intercambiarReferencias: 92200 ns
2025-09-10 19:07:17 [main] INFO  tiempos - Duracion del proceso intercambiarReferencias: 23200 ns
2025-09-10 19:07:17 [main] INFO  tiempos - Duracion del proceso intercambiarReferencias: 23100 ns
2025-09-10 19:07:17 [main] INFO  tiempos - Duracion del proceso intercambiarReferencias: 69800 ns
2025-09-10 19:07:17 [main] INFO  tiempos - Duracion de encriptarFrase: 3574000 ns
2025-09-10 19:07:17 [main] INFO  tiempos - Duracion del proceso intercambiarReferencias: 127000 ns
2025-09-10 19:07:17 [main] INFO  tiempos - Duracion del proceso intercambiarReferencias: 32300 ns
2025-09-10 19:07:17 [main] INFO  tiempos - Duracion del proceso intercambiarReferencias: 16500 ns
2025-09-10 19:07:17 [main] INFO  tiempos - Duracion del proceso intercambiarReferencias: 15700 ns
2025-09-10 19:07:17 [main] INFO  tiempos - Duracion del proceso intercambiarReferencias: 30900 ns
2025-09-10 19:07:17 [main] INFO  tiempos - Duracion del proceso intercambiarReferencias: 49300 ns
2025-09-10 19:07:17 [main] INFO  tiempos - Duracion del proceso intercambiarReferencias: 15600 ns
2025-09-10 19:07:17 [main] INFO  tiempos - intercambiarReferencias duration: 0 ms
2025-09-10 19:07:17 [main] INFO  tiempos - Duracion del proceso intercambiarReferencias: 11600 ns
2025-09-10 19:07:17 [main] INFO  tiempos - Duracion del proceso intercambiarReferencias: 30900 ns
2025-09-10 19:07:17 [main] INFO  tiempos - Duracion del proceso intercambiarReferencias: 30700 ns
2025-09-10 19:07:17 [main] INFO  tiempos - Duracion del proceso intercambiarReferencias: 62800 ns
2025-09-10 19:07:17 [main] INFO  tiempos - Duracion del proceso intercambiarReferencias: 69500 ns
2025-09-10 19:07:17 [main] INFO  tiempos - Duracion del proceso intercambiarReferencias: 17800 ns
2025-09-10 19:07:17 [main] INFO  tiempos - Duracion del proceso intercambiarReferencias: 15400 ns
2025-09-10 19:07:17 [main] INFO  tiempos - Duracion del proceso intercambiarReferencias: 46200 ns
2025-09-10 19:07:17 [main] INFO  tiempos - Duracion de desencriptarFrase: 708900 ns
2025-09-10 19:07:17 [main] INFO  tiempos - Duracion del proceso intercambiarReferencias: 30400 ns
2025-09-10 19:07:17 [main] INFO  tiempos - Duracion del proceso intercambiarReferencias: 128100 ns
2025-09-10 19:07:17 [main] INFO  tiempos - Duracion del proceso intercambiarReferencias: 25900 ns
2025-09-10 19:07:17 [main] INFO  tiempos - Duracion del proceso intercambiarReferencias: 73700 ns
2025-09-10 19:07:17 [main] INFO  tiempos - Duracion de encriptarFrase: 988200 ns
2025-09-10 19:07:17 [main] INFO  tiempos - Duracion del proceso intercambiarReferencias: 25500 ns
2025-09-10 19:07:17 [main] INFO  tiempos - Duracion del proceso intercambiarReferencias: 79200 ns
2025-09-10 19:07:17 [main] INFO  tiempos - Duracion del proceso intercambiarReferencias: 15900 ns
2025-09-10 19:07:17 [main] INFO  tiempos - Duracion del proceso intercambiarReferencias: 62600 ns
2025-09-10 19:07:17 [main] INFO  tiempos - Duracion de desencriptarFrase: 243200 ns
2025-09-10 19:07:17 [main] INFO  tiempos - Duracion del proceso intercambiarReferencias: 25300 ns
2025-09-10 19:07:17 [main] INFO  tiempos - Duracion del proceso intercambiarReferencias: 47100 ns
2025-09-10 19:07:17 [main] INFO  tiempos - Duracion del proceso intercambiarReferencias: 73600 ns
2025-09-10 19:07:17 [main] INFO  tiempos - Duracion del proceso intercambiarReferencias: 50700 ns
2025-09-10 19:07:17 [main] INFO  tiempos - Duracion del proceso intercambiarReferencias: 24800 ns
2025-09-10 19:07:17 [main] INFO  tiempos - intercambiarReferencias duration: 0 ms
2025-09-10 19:07:17 [main] INFO  tiempos - Duracion del proceso intercambiarReferencias: 17300 ns
2025-09-10 19:07:17 [main] INFO  tiempos - Duracion del proceso intercambiarReferencias: 47100 ns
2025-09-10 19:07:17 [main] INFO  tiempos - Duracion del proceso intercambiarReferencias: 77200 ns
2025-09-10 19:07:17 [main] INFO  tiempos - Duracion del proceso intercambiarReferencias: 152000 ns
2025-09-10 19:07:17 [main] INFO  tiempos - Duracion del proceso intercambiarReferencias: 23400 ns
2025-09-10 19:07:17 [main] INFO  tiempos - Duracion del proceso intercambiarReferencias: 76200 ns
2025-09-10 19:07:17 [main] INFO  tiempos - Duracion del proceso intercambiarReferencias: 23600 ns
2025-09-10 19:07:17 [main] INFO  tiempos - Duracion del proceso intercambiarReferencias: 54600 ns
2025-09-10 19:07:17 [main] INFO  tiempos - Duracion del proceso intercambiarReferencias: 49200 ns
2025-09-10 19:07:17 [main] INFO  tiempos - Duracion del proceso intercambiarReferencias: 55700 ns
2025-09-10 19:07:17 [main] INFO  tiempos - Duracion del proceso intercambiarReferencias: 30200 ns
2025-09-10 19:07:17 [main] INFO  tiempos - Duracion del proceso intercambiarReferencias: 15700 ns
2025-09-10 19:07:17 [main] INFO  tiempos - Duracion del proceso intercambiarReferencias: 17300 ns
2025-09-10 19:07:17 [main] INFO  tiempos - Duracion del proceso intercambiarReferencias: 15100 ns
2025-09-10 19:07:17 [main] INFO  tiempos - Duracion del proceso intercambiarReferencias: 15700 ns
2025-09-10 19:07:17 [main] INFO  tiempos - Duracion del proceso intercambiarReferencias: 47100 ns
2025-09-10 19:07:17 [main] INFO  tiempos - Duracion del proceso intercambiarReferencias: 46700 ns
2025-09-10 19:07:17 [main] INFO  tiempos - Duracion del proceso intercambiarReferencias: 31000 ns
2025-09-10 19:07:17 [main] INFO  tiempos - Duracion del proceso intercambiarReferencias: 15800 ns
2025-09-10 19:07:17 [main] INFO  tiempos - Duracion del proceso intercambiarReferencias: 15800 ns
2025-09-10 19:07:17 [main] INFO  tiempos - Duracion del proceso intercambiarReferencias: 15700 ns
2025-09-10 19:07:17 [main] INFO  tiempos - Duracion del proceso intercambiarReferencias: 15300 ns
2025-09-10 19:07:17 [main] INFO  tiempos - Duracion del proceso intercambiarReferencias: 17300 ns
2025-09-10 19:07:17 [main] INFO  tiempos - Duracion del proceso intercambiarReferencias: 45700 ns
2025-09-10 19:07:17 [main] INFO  tiempos - Duracion de encriptarFrase: 3910100 ns
2025-09-10 19:07:17 [main] INFO  tiempos - Duracion del proceso intercambiarReferencias: 23900 ns
2025-09-10 19:07:17 [main] INFO  tiempos - Duracion del proceso intercambiarReferencias: 32900 ns
2025-09-10 19:07:17 [main] INFO  tiempos - Duracion del proceso intercambiarReferencias: 52000 ns
2025-09-10 19:07:17 [main] INFO  tiempos - Duracion del proceso intercambiarReferencias: 30500 ns
2025-09-10 19:07:17 [main] INFO  tiempos - Duracion del proceso intercambiarReferencias: 15400 ns
2025-09-10 19:07:17 [main] INFO  tiempos - intercambiarReferencias duration: 0 ms
2025-09-10 19:07:17 [main] INFO  tiempos - Duracion del proceso intercambiarReferencias: 12100 ns
2025-09-10 19:07:17 [main] INFO  tiempos - Duracion del proceso intercambiarReferencias: 30800 ns
2025-09-10 19:07:17 [main] INFO  tiempos - Duracion del proceso intercambiarReferencias: 46100 ns
2025-09-10 19:07:17 [main] INFO  tiempos - Duracion del proceso intercambiarReferencias: 30900 ns
2025-09-10 19:07:17 [main] INFO  tiempos - Duracion del proceso intercambiarReferencias: 17100 ns
2025-09-10 19:07:17 [main] INFO  tiempos - Duracion del proceso intercambiarReferencias: 47000 ns
2025-09-10 19:07:17 [main] INFO  tiempos - Duracion del proceso intercambiarReferencias: 15300 ns
2025-09-10 19:07:17 [main] INFO  tiempos - Duracion del proceso intercambiarReferencias: 31100 ns
2025-09-10 19:07:17 [main] INFO  tiempos - Duracion del proceso intercambiarReferencias: 30700 ns
2025-09-10 19:07:17 [main] INFO  tiempos - Duracion del proceso intercambiarReferencias: 45400 ns
2025-09-10 19:07:17 [main] INFO  tiempos - Duracion del proceso intercambiarReferencias: 68900 ns
2025-09-10 19:07:17 [main] INFO  tiempos - Duracion del proceso intercambiarReferencias: 17600 ns
2025-09-10 19:07:17 [main] INFO  tiempos - Duracion del proceso intercambiarReferencias: 15200 ns
2025-09-10 19:07:17 [main] INFO  tiempos - Duracion del proceso intercambiarReferencias: 15000 ns
2025-09-10 19:07:17 [main] INFO  tiempos - Duracion del proceso intercambiarReferencias: 14900 ns
2025-09-10 19:07:17 [main] INFO  tiempos - Duracion del proceso intercambiarReferencias: 44800 ns
2025-09-10 19:07:17 [main] INFO  tiempos - Duracion del proceso intercambiarReferencias: 15100 ns
2025-09-10 19:07:17 [main] INFO  tiempos - Duracion del proceso intercambiarReferencias: 29700 ns
2025-09-10 19:07:17 [main] INFO  tiempos - Duracion del proceso intercambiarReferencias: 14900 ns
2025-09-10 19:07:17 [main] INFO  tiempos - Duracion del proceso intercambiarReferencias: 16400 ns
2025-09-10 19:07:17 [main] INFO  tiempos - Duracion del proceso intercambiarReferencias: 15400 ns
2025-09-10 19:07:17 [main] INFO  tiempos - Duracion del proceso intercambiarReferencias: 15300 ns
2025-09-10 19:07:17 [main] INFO  tiempos - Duracion del proceso intercambiarReferencias: 17500 ns
2025-09-10 19:07:17 [main] INFO  tiempos - Duracion del proceso intercambiarReferencias: 45500 ns
2025-09-10 19:07:17 [main] INFO  tiempos - Duracion de desencriptarFrase: 1040800 ns
2025-09-10 19:07:17 [main] INFO  tiempos - Duracion del proceso Main: 3541 ms
